id,item_name,people_id
0,iphone,97196
1,laptop,18289
2,iphone,97080
3,book,55302
4,chair,28657
5,pc,3478
6,book,85181
7,iphone,28893
8,phone,851
9,car,91506
10,phone,20379
11,pc,
12,laptop,49797
13,chair,45082
14,book,5695
15,iphone,16361
16,phone,38427
17,car,47400
18,book,9116
19,chair,37930
20,chair,13238
21,phone,83320
22,car,48520
23,laptop,34993
24,iphone,84939
25,chair,22431
26,book,21417
27,phone,83886
28,iphone,89733
29,laptop,7331
30,pc,41347
31,phone,27653
32,book,41245
33,pc,51856
34,iphone,34718
35,pc,73579
36,book,76622
37,phone,52350
38,laptop,18131
39,book,99061
40,chair,20033
41,iphone,89192
42,phone,50432
43,phone,61348
44,book,72512
45,car,89166
46,iphone,70381
47,car,84012
48,laptop,56985
49,pc,94646
50,iphone,65612
51,car,13947
52,car,83748
53,book,20032
54,laptop,70697
55,car,74
56,book,2552
57,chair,40306
58,pc,74364
59,chair,63699
60,car,99693
61,book,16828
62,iphone,72063
63,pc,79507
64,phone,
65,book,90422
66,pc,52296
67,iphone,57422
68,book,32493
69,pc,2757
70,book,77128
71,pc,92778
72,iphone,8834
73,chair,9287
74,book,87684
75,phone,17342
76,iphone,74847
77,book,61993
78,car,12363
79,chair,46438
80,phone,95561
81,chair,84696
82,chair,95448
83,laptop,14322
84,pc,70292
85,phone,24050
86,laptop,9880
87,phone,72132
88,chair,70855
89,car,12224
90,car,21798
91,phone,28016
92,car,7685
93,pc,51173
94,laptop,59638
95,laptop,95748
96,car,94163
97,phone,38890
98,pc,
99,book,7989
100,iphone,6572
101,book,69615
102,pc,66562
103,chair,8981
104,book,30828
105,phone,74668
106,pc,5209
107,book,86163
108,book,41467
109,laptop,93872
110,laptop,51876
111,pc,39321
112,phone,98548
113,chair,81416
114,book,
115,chair,66307
116,laptop,45745
117,chair,48434
118,laptop,71200
119,iphone,85717
120,book,72692
121,laptop,13577
122,pc,14029
123,iphone,35697
124,laptop,94058
125,laptop,83130
126,car,64032
127,laptop,6658
128,chair,36265
129,chair,17146
130,iphone,
131,pc,72309
132,iphone,1267
133,chair,90573
134,pc,48393
135,book,56333
136,pc,47795
137,car,
138,chair,27535
139,iphone,13473
140,laptop,53264
141,book,31029
142,car,23206
143,phone,96542
144,laptop,53964
145,car,96345
146,car,20866
147,car,50140
148,car,61694
149,pc,60332
150,laptop,29831
151,pc,25313
152,phone,9099
153,car,84080
154,book,70282
155,laptop,15118
156,laptop,34795
157,chair,56959
158,laptop,41114
159,phone,67033
160,chair,75574
161,pc,92901
162,phone,70575
163,iphone,97248
164,iphone,47739
165,phone,87062
166,laptop,86951
167,car,39363
168,book,53528
169,laptop,38752
170,book,55108
171,iphone,88777
172,iphone,80676
173,book,71819
174,car,37606
175,pc,76019
176,book,60946
177,phone,28010
178,book,96463
179,pc,37196
180,book,81167
181,laptop,98453
182,pc,29444
183,car,3201
184,chair,62277
185,book,9545
186,phone,82544
187,book,91272
188,phone,31979
189,pc,726
190,car,13970
191,car,23053
192,car,
193,book,73060
194,pc,15906
195,phone,60901
196,iphone,73259
197,book,98992
198,phone,94276
199,book,71810
200,phone,97472
201,car,33972
202,car,83579
203,laptop,68327
204,phone,35992
205,phone,37450
206,pc,41904
207,book,19769
208,pc,20028
209,iphone,54377
210,phone,61069
211,phone,55069
212,phone,76556
213,iphone,75456
214,phone,46105
215,laptop,54921
216,book,71582
217,car,28906
218,phone,57125
219,phone,44057
220,iphone,52994
221,iphone,61261
222,pc,
223,book,51645
224,book,3552
225,chair,17786
226,car,6590
227,laptop,27742
228,phone,99775
229,phone,55255
230,laptop,61644
231,chair,6826
232,laptop,8993
233,car,
234,chair,32411
235,pc,81439
236,pc,62070
237,iphone,28569
238,phone,48351
239,pc,98032
240,iphone,21465
241,laptop,3365
242,laptop,49192
243,phone,25995
244,chair,82213
245,pc,39529
246,car,15866
247,car,
248,car,69827
249,phone,9038
250,book,1658
251,car,64251
252,chair,47472
253,iphone,60258
254,iphone,23086
255,iphone,85256
256,laptop,70539
257,car,57091
258,car,35179
259,laptop,11359
260,laptop,31963
261,car,79997
262,iphone,3761
263,phone,23834
264,phone,33862
265,laptop,78139
266,iphone,72848
267,chair,25042
268,chair,53271
269,phone,31499
270,iphone,93302
271,phone,2260
272,chair,53005
273,iphone,87026
274,book,72544
275,book,97771
276,book,92124
277,phone,32951
278,pc,25242
279,laptop,70236
280,car,25105
281,pc,36241
282,iphone,99641
283,book,13176
284,car,29816
285,laptop,1854
286,iphone,35954
287,chair,
288,book,16551
289,iphone,64340
290,chair,75243
291,laptop,57733
292,laptop,6734
293,laptop,62616
294,chair,52521
295,phone,82502
296,iphone,19555
297,car,39824
298,chair,
299,chair,54548
300,book,81057
301,pc,49856
302,phone,38974
303,car,56207
304,laptop,7894
305,book,
306,chair,27235
307,iphone,86563
308,chair,22782
309,book,350
310,phone,77832
311,phone,30340
312,laptop,92141
313,car,90096
314,pc,81927
315,book,25928
316,phone,29466
317,iphone,34816
318,car,7816
319,pc,77993
320,iphone,37828
321,phone,90266
322,laptop,35683
323,book,57377
324,chair,56626
325,iphone,32816
326,chair,88381
327,car,76955
328,chair,
329,iphone,75529
330,chair,22962
331,phone,57963
332,laptop,76720
333,phone,64451
334,chair,53523
335,laptop,13710
336,car,53955
337,iphone,86846
338,phone,72102
339,chair,41224
340,laptop,52976
341,car,150
342,iphone,60552
343,phone,67952
344,laptop,65338
345,iphone,6764
346,pc,17172
347,laptop,91521
348,phone,82578
349,book,93032
350,pc,1792
351,book,29451
352,car,60482
353,chair,20181
354,phone,38254
355,book,54459
356,car,61894
357,pc,18958
358,phone,78561
359,book,17892
360,car,54387
361,laptop,66550
362,laptop,37072
363,iphone,76931
364,book,
365,phone,58529
366,book,43573
367,book,49441
368,phone,24727
369,iphone,50196
370,pc,53841
371,chair,61993
372,iphone,49968
373,phone,
374,car,19936
375,phone,
376,pc,77356
377,laptop,57711
378,chair,59890
379,chair,53736
380,car,20232
381,chair,34737
382,laptop,52098
383,iphone,43065
384,car,69942
385,phone,
386,iphone,99536
387,phone,4705
388,book,82727
389,iphone,29817
390,iphone,12903
391,car,13173
392,phone,39251
393,chair,7355
394,laptop,56450
395,pc,54008
396,book,23600
397,pc,79887
398,car,89539
399,pc,76435
400,pc,83611
401,laptop,87404
402,chair,60981
403,laptop,20706
404,chair,45293
405,book,55615
406,iphone,39599
407,pc,
408,car,31091
409,phone,75341
410,laptop,
411,laptop,86275
412,phone,74177
413,car,97605
414,chair,97671
415,phone,37512
416,car,79569
417,car,83442
418,pc,88835
419,car,86400
420,iphone,82345
421,chair,84717
422,chair,57779
423,chair,95991
424,pc,38680
425,laptop,23021
426,pc,70701
427,laptop,35720
428,car,63156
429,car,44396
430,car,9869
431,pc,29571
432,car,88395
433,phone,
434,car,11836
435,car,34663
436,book,48311
437,iphone,34362
438,book,83695
439,laptop,30647
440,phone,73584
441,laptop,29015
442,iphone,60852
443,iphone,53516
444,chair,4877
445,laptop,
446,chair,70457
447,pc,48629
448,iphone,91289
449,book,97290
450,iphone,54379
451,iphone,64139
452,book,36666
453,chair,28477
454,phone,30947
455,car,89873
456,laptop,84518
457,laptop,36160
458,pc,
459,car,12015
460,iphone,83819
461,book,
462,chair,31925
463,pc,26896
464,chair,72641
465,pc,30539
466,laptop,78116
467,chair,18964
468,pc,22871
469,chair,3379
470,pc,31186
471,book,22838
472,laptop,97218
473,phone,97735
474,chair,47453
475,book,59245
476,book,80623
477,chair,86363
478,book,84323
479,chair,62781
480,car,89928
481,chair,58138
482,chair,42219
483,book,16540
484,laptop,76724
485,book,49925
486,book,59469
487,book,12999
488,car,85814
489,iphone,72264
490,iphone,56370
491,phone,54239
492,laptop,52262
493,phone,40966
494,phone,33408
495,laptop,
496,iphone,8799
497,chair,12219
498,phone,96835
499,laptop,72924
500,chair,73608
501,book,16021
502,phone,87207
503,car,94510
504,chair,
505,book,13579
506,book,20280
507,iphone,14184
508,laptop,48176
509,chair,75248
510,pc,73526
511,car,80422
512,iphone,3441
513,book,90894
514,laptop,35818
515,iphone,44541
516,laptop,18776
517,book,9120
518,pc,4018
519,chair,28197
520,phone,44681
521,pc,94581
522,laptop,74395
523,book,6895
524,pc,80981
525,chair,35665
526,phone,63656
527,book,35804
528,pc,14918
529,laptop,37125
530,iphone,63783
531,book,5952
532,pc,78554
533,chair,39507
534,pc,33491
535,laptop,1013
536,phone,23028
537,pc,92231
538,pc,87562
539,car,52044
540,car,57176
541,chair,10205
542,car,56267
543,book,83904
544,phone,53088
545,chair,
546,pc,81018
547,phone,47428
548,chair,13875
549,pc,52487
550,book,40668
551,iphone,43655
552,car,66910
553,iphone,66840
554,pc,45793
555,laptop,84599
556,car,13474
557,pc,22740
558,book,99503
559,iphone,82306
560,phone,73889
561,car,89277
562,book,81857
563,laptop,82210
564,laptop,8950
565,phone,39691
566,car,7362
567,laptop,40685
568,phone,7456
569,laptop,10057
570,iphone,11835
571,book,50394
572,phone,96851
573,chair,74928
574,iphone,79299
575,phone,8109
576,phone,45015
577,iphone,84689
578,pc,92749
579,phone,
580,book,20807
581,laptop,37079
582,phone,44350
583,iphone,82691
584,iphone,43213
585,chair,50667
586,laptop,86057
587,book,43694
588,chair,18537
589,laptop,85990
590,iphone,16901
591,book,11104
592,laptop,84343
593,car,16750
594,iphone,96832
595,iphone,12249
596,iphone,66648
597,laptop,40483
598,pc,
599,laptop,63736
600,pc,18030
601,pc,13256
602,book,96815
603,book,44140
604,car,78282
605,phone,23703
606,car,81885
607,car,94526
608,phone,47749
609,iphone,58222
610,book,98112
611,car,69993
612,pc,61474
613,car,88907
614,book,
615,phone,50052
616,book,21241
617,car,79254
618,pc,6839
619,iphone,48655
620,book,93244
621,car,16341
622,laptop,21012
623,laptop,67286
624,pc,12021
625,pc,45820
626,chair,51964
627,book,50615
628,chair,3694
629,laptop,93677
630,iphone,19142
631,pc,61925
632,iphone,99462
633,iphone,80654
634,chair,2490
635,laptop,19597
636,book,79807
637,book,37762
638,pc,6258
639,pc,81633
640,phone,65513
641,book,82831
642,book,94181
643,pc,205
644,book,74798
645,phone,87584
646,chair,47265
647,chair,
648,book,66535
649,book,61621
650,chair,48929
651,laptop,46805
652,car,31604
653,iphone,13587
654,car,99179
655,laptop,46176
656,book,84252
657,pc,89742
658,phone,
659,phone,17675
660,chair,59988
661,chair,5741
662,car,5492
663,laptop,67552
664,phone,
665,book,4799
666,car,37501
667,laptop,6265
668,car,35811
669,chair,57272
670,phone,50678
671,laptop,
672,phone,48148
673,car,10828
674,iphone,56440
675,book,
676,pc,42101
677,chair,86628
678,laptop,78986
679,iphone,90408
680,phone,5551
681,iphone,46210
682,book,
683,laptop,7518
684,chair,53242
685,laptop,98290
686,iphone,4081
687,pc,88878
688,car,16545
689,chair,84562
690,laptop,74349
691,chair,89006
692,phone,48760
693,phone,75225
694,pc,52171
695,laptop,32717
696,chair,24385
697,phone,73619
698,chair,34116
699,iphone,80199
700,laptop,64382
701,pc,9706
702,phone,93502
703,phone,
704,car,41889
705,iphone,8511
706,book,39315
707,car,93003
708,iphone,47381
709,book,26342
710,car,64752
711,chair,75009
712,laptop,72305
713,pc,11300
714,chair,93969
715,iphone,53843
716,car,75353
717,chair,41553
718,iphone,61057
719,iphone,16821
720,car,83859
721,book,16912
722,phone,7263
723,car,20056
724,laptop,42291
725,iphone,68012
726,laptop,32847
727,pc,72199
728,laptop,39691
729,book,65873
730,iphone,76106
731,pc,81851
732,iphone,44252
733,car,5399
734,car,10646
735,chair,75598
736,laptop,74991
737,phone,3969
738,phone,71509
739,laptop,39596
740,phone,89783
741,phone,9564
742,iphone,57619
743,phone,26741
744,laptop,40970
745,car,96233
746,car,52260
747,pc,67499
748,book,31685
749,phone,58929
750,pc,6632
751,laptop,80658
752,phone,20932
753,car,75718
754,iphone,20885
755,phone,
756,phone,40441
757,phone,51543
758,book,31552
759,pc,6377
760,chair,78317
761,car,61680
762,laptop,14089
763,phone,34664
764,iphone,52855
765,laptop,6705
766,book,47516
767,book,50639
768,book,72070
769,laptop,81689
770,iphone,16864
771,chair,44444
772,book,98954
773,pc,66731
774,phone,5938
775,chair,43652
776,car,59898
777,pc,67568
778,pc,80356
779,laptop,80805
780,iphone,77820
781,laptop,66809
782,book,73783
783,laptop,2180
784,laptop,14366
785,phone,95069
786,car,3492
787,book,85929
788,car,
789,book,94555
790,chair,22349
791,book,81230
792,car,19369
793,car,4138
794,book,14404
795,pc,41116
796,phone,90505
797,pc,80147
798,phone,96447
799,iphone,18098
800,book,42604
801,iphone,49391
802,laptop,
803,phone,44869
804,book,94493
805,iphone,90873
806,laptop,25200
807,pc,39124
808,pc,39008
809,car,27168
810,iphone,41555
811,phone,94589
812,laptop,75166
813,iphone,51712
814,car,19198
815,laptop,93603
816,chair,57983
817,iphone,62793
818,pc,70592
819,laptop,91248
820,laptop,80698
821,iphone,31779
822,chair,69604
823,pc,6880
824,chair,94025
825,phone,18018
826,chair,
827,pc,62350
828,phone,99078
829,laptop,84659
830,chair,11725
831,iphone,70143
832,iphone,4888
833,pc,23040
834,chair,
835,phone,24420
836,iphone,
837,laptop,1214
838,laptop,14064
839,laptop,84058
840,book,17589
841,car,35761
842,pc,43343
843,pc,84972
844,laptop,1846
845,iphone,38669
846,book,25318
847,pc,83719
848,phone,67538
849,laptop,87720
850,chair,18430
851,phone,32512
852,chair,30870
853,phone,43204
854,laptop,75088
855,chair,47127
856,iphone,87528
857,chair,20934
858,phone,92216
859,car,15389
860,iphone,38671
861,laptop,28721
862,pc,59634
863,iphone,
864,laptop,71989
865,phone,87044
866,car,32435
867,iphone,10730
868,book,92244
869,laptop,73946
870,chair,71781
871,book,70341
872,pc,68202
873,phone,26922
874,iphone,11919
875,book,7292
876,phone,54450
877,phone,73242
878,phone,40392
879,iphone,33352
880,car,28560
881,book,55534
882,laptop,70931
883,chair,9046
884,phone,53591
885,pc,84085
886,iphone,55097
887,laptop,
888,phone,49479
889,phone,86742
890,car,85660
891,car,23392
892,book,16691
893,iphone,
894,car,2979
895,laptop,94253
896,book,49712
897,car,60375
898,laptop,24704
899,iphone,4222
900,car,80599
901,car,2050
902,pc,13224
903,book,78352
904,iphone,6380
905,pc,52725
906,phone,28477
907,car,7398
908,pc,37914
909,pc,95881
910,book,78370
911,car,42030
912,pc,18777
913,iphone,54206
914,laptop,72970
915,book,22955
916,iphone,72856
917,phone,45143
918,iphone,68742
919,laptop,53511
920,pc,24101
921,car,31584
922,car,92743
923,pc,7552
924,book,54592
925,book,50910
926,pc,43288
927,iphone,58954
928,car,70206
929,iphone,6755
930,laptop,79294
931,book,9539
932,pc,77015
933,iphone,28444
934,phone,43642
935,laptop,
936,chair,24906
937,iphone,98871
938,phone,91177
939,book,51987
940,pc,37101
941,phone,85029
942,laptop,47139
943,book,61080
944,chair,94688
945,phone,41973
946,pc,54254
947,chair,29002
948,iphone,34180
949,book,75909
950,iphone,19976
951,pc,49786
952,book,65444
953,book,89764
954,laptop,64044
955,iphone,64303
956,phone,46160
957,pc,71636
958,phone,71058
959,iphone,
960,book,9742
961,car,836
962,phone,82667
963,pc,19795
964,chair,59770
965,laptop,83588
966,iphone,63334
967,iphone,866
968,book,1553
969,chair,36010
970,book,
971,chair,91469
972,iphone,23496
973,chair,68732
974,pc,81235
975,book,46457
976,laptop,10357
977,laptop,
978,phone,91388
979,pc,10566
980,iphone,
981,iphone,12255
982,phone,72443
983,phone,1238
984,iphone,65517
985,car,43420
986,book,
987,chair,5577
988,pc,90739
989,book,6102
990,chair,36749
991,book,4312
992,pc,41220
993,chair,
994,book,93416
995,car,10084
996,laptop,31519
997,book,51007
998,iphone,43480
999,phone,18343
1000,car,
1001,iphone,97708
1002,laptop,57290
1003,pc,44642
1004,book,78067
1005,phone,
1006,laptop,35825
1007,car,
1008,phone,72487
1009,phone,89088
1010,book,11232
1011,car,32302
1012,iphone,35123
1013,pc,83086
1014,pc,41507
1015,laptop,680
1016,laptop,99791
1017,laptop,11442
1018,pc,73005
1019,book,13538
1020,chair,72642
1021,chair,42523
1022,car,38253
1023,phone,11101
1024,iphone,31816
1025,book,89825
1026,phone,35247
1027,laptop,19127
1028,chair,36170
1029,phone,10082
1030,laptop,32321
1031,iphone,77831
1032,book,14021
1033,pc,51864
1034,laptop,49792
1035,car,57700
1036,laptop,85332
1037,book,42030
1038,book,26326
1039,phone,52198
1040,laptop,91089
1041,iphone,75481
1042,car,49290
1043,laptop,51502
1044,laptop,73905
1045,pc,71516
1046,pc,72102
1047,chair,
1048,phone,27479
1049,phone,90811
1050,chair,53627
1051,iphone,83012
1052,laptop,86332
1053,pc,49412
1054,chair,78372
1055,phone,70040
1056,book,90663
1057,phone,47124
1058,iphone,70373
1059,book,11138
1060,chair,86193
1061,iphone,84803
1062,book,84545
1063,iphone,98655
1064,laptop,
1065,phone,12924
1066,laptop,97891
1067,book,90133
1068,book,49036
1069,phone,89070
1070,book,19758
1071,laptop,
1072,phone,54522
1073,chair,95702
1074,pc,44966
1075,phone,68303
1076,phone,12795
1077,phone,59303
1078,laptop,5856
1079,car,2960
1080,car,14334
1081,iphone,97057
1082,pc,72339
1083,pc,55885
1084,phone,53090
1085,iphone,83948
1086,iphone,3826
1087,iphone,25863
1088,phone,50965
1089,chair,26972
1090,laptop,8200
1091,book,70371
1092,pc,25830
1093,phone,87910
1094,car,83769
1095,laptop,80125
1096,phone,45603
1097,laptop,80918
1098,pc,92535
1099,car,80541
1100,book,17556
1101,laptop,40026
1102,chair,90890
1103,pc,54819
1104,book,50293
1105,phone,83296
1106,book,84575
1107,pc,64178
1108,laptop,41232
1109,car,7026
1110,car,1256
1111,phone,50324
1112,book,64876
1113,phone,54477
1114,iphone,64054
1115,pc,4044
1116,car,38284
1117,chair,70465
1118,laptop,59942
1119,book,64921
1120,book,75066
1121,chair,71186
1122,car,
1123,book,5453
1124,car,71611
1125,pc,
1126,chair,85678
1127,car,4224
1128,phone,11401
1129,phone,15386
1130,car,27509
1131,car,90326
1132,laptop,79988
1133,iphone,80760
1134,pc,27124
1135,car,45982
1136,book,70617
1137,pc,92281
1138,laptop,35041
1139,car,89037
1140,car,98316
1141,car,7770
1142,laptop,16631
1143,iphone,32725
1144,pc,32447
1145,car,51472
1146,phone,82890
1147,laptop,49174
1148,phone,12202
1149,phone,36467
1150,iphone,48374
1151,phone,
1152,laptop,96039
1153,chair,60089
1154,iphone,46952
1155,car,70048
1156,phone,56314
1157,car,35197
1158,laptop,44270
1159,book,74205
1160,car,45054
1161,iphone,6021
1162,chair,60238
1163,chair,20707
1164,phone,56072
1165,pc,
1166,pc,39566
1167,pc,35916
1168,chair,32819
1169,chair,85054
1170,pc,81999
1171,laptop,98989
1172,pc,11953
1173,iphone,27973
1174,phone,77814
1175,pc,58335
1176,chair,45032
1177,car,55353
1178,iphone,9283
1179,pc,95782
1180,car,41071
1181,laptop,17973
1182,phone,98717
1183,car,88753
1184,pc,73831
1185,chair,21511
1186,phone,27925
1187,iphone,53963
1188,book,28474
1189,chair,18351
1190,car,95683
1191,phone,56280
1192,laptop,32477
1193,laptop,32527
1194,book,94526
1195,book,90502
1196,chair,86298
1197,laptop,79551
1198,book,51347
1199,laptop,31370
1200,phone,31599
1201,phone,9307
1202,book,1581
1203,laptop,17299
1204,phone,74498
1205,phone,89514
1206,pc,9567
1207,chair,1807
1208,laptop,7925
1209,car,37550
1210,iphone,54451
1211,phone,10803
1212,iphone,80746
1213,pc,40620
1214,chair,26633
1215,car,42827
1216,phone,85175
1217,iphone,40654
1218,iphone,31278
1219,chair,56948
1220,chair,79800
1221,chair,97215
1222,iphone,15655
1223,chair,91946
1224,chair,45443
1225,book,94472
1226,laptop,16637
1227,iphone,35227
1228,iphone,3847
1229,laptop,35649
1230,book,93365
1231,book,65031
1232,phone,7266
1233,phone,21873
1234,laptop,13487
1235,book,15117
1236,pc,336
1237,chair,1610
1238,pc,47707
1239,phone,23456
1240,car,93588
1241,iphone,29427
1242,laptop,94409
1243,laptop,10208
1244,book,65803
1245,iphone,23507
1246,pc,6019
1247,phone,60960
1248,car,40723
1249,laptop,59866
1250,chair,38219
1251,book,96937
1252,book,48270
1253,book,
1254,car,96005
1255,book,32129
1256,pc,53744
1257,chair,45406
1258,iphone,1257
1259,laptop,86154
1260,phone,95317
1261,laptop,69443
1262,pc,7850
1263,pc,12193
1264,chair,68125
1265,phone,48823
1266,phone,
1267,chair,66247
1268,pc,51688
1269,chair,8163
1270,phone,17132
1271,pc,41288
1272,car,96384
1273,laptop,35645
1274,pc,26569
1275,pc,76638
1276,chair,21544
1277,phone,53282
1278,chair,27215
1279,phone,34735
1280,car,20658
1281,car,92367
1282,iphone,28183
1283,car,19441
1284,chair,46627
1285,phone,88759
1286,laptop,22789
1287,chair,
1288,car,98052
1289,book,60560
1290,chair,18322
1291,chair,29135
1292,pc,52505
1293,laptop,84500
1294,chair,33924
1295,car,8450
1296,pc,58121
1297,car,43456
1298,chair,60423
1299,chair,75220
1300,phone,51773
1301,phone,89550
1302,phone,28143
1303,pc,58459
1304,pc,81156
1305,book,38680
1306,phone,72179
1307,phone,36670
1308,phone,26143
1309,iphone,68919
1310,pc,71258
1311,car,50134
1312,car,62873
1313,book,45093
1314,book,50905
1315,laptop,41795
1316,book,36822
1317,chair,61824
1318,book,76544
1319,pc,
1320,chair,31608
1321,laptop,96607
1322,chair,28758
1323,book,50911
1324,laptop,22768
1325,pc,41681
1326,car,47026
1327,book,91823
1328,laptop,73873
1329,pc,24672
1330,car,
1331,phone,23010
1332,phone,7362
1333,pc,2612
1334,book,43481
1335,book,17103
1336,laptop,42413
1337,chair,76888
1338,iphone,14538
1339,car,47826
1340,chair,86787
1341,phone,44113
1342,laptop,20644
1343,iphone,83789
1344,phone,22833
1345,iphone,
1346,iphone,80440
1347,car,87232
1348,book,49595
1349,laptop,38602
1350,pc,235
1351,iphone,51327
1352,car,
1353,book,78956
1354,laptop,80134
1355,pc,13645
1356,phone,97693
1357,chair,41879
1358,pc,11629
1359,car,83768
1360,iphone,58540
1361,chair,32707
1362,iphone,33640
1363,car,167
1364,chair,96021
1365,phone,
1366,phone,49638
1367,laptop,13294
1368,car,75766
1369,iphone,29567
1370,pc,4379
1371,laptop,34226
1372,chair,22296
1373,phone,9830
1374,book,12203
1375,laptop,80431
1376,phone,56534
1377,iphone,56911
1378,pc,43397
1379,pc,
1380,phone,94638
1381,iphone,86585
1382,laptop,12571
1383,chair,72045
1384,car,7144
1385,laptop,11485
1386,laptop,81931
1387,book,12712
1388,chair,83648
1389,laptop,
1390,phone,40416
1391,car,64106
1392,iphone,84130
1393,book,48630
1394,phone,58428
1395,chair,60956
1396,laptop,35200
1397,book,98596
1398,iphone,11233
1399,iphone,70968
1400,phone,
1401,book,7993
1402,car,68495
1403,phone,
1404,iphone,62236
1405,book,62424
1406,laptop,93625
1407,chair,67740
1408,car,81300
1409,pc,99246
1410,phone,21910
1411,pc,16539
1412,chair,89538
1413,phone,82211
1414,pc,33801
1415,laptop,8783
1416,chair,52082
1417,book,36202
1418,book,1620
1419,car,77014
1420,book,14748
1421,phone,74264
1422,book,13133
1423,chair,13237
1424,car,70206
1425,laptop,34620
1426,phone,74976
1427,book,22570
1428,laptop,81034
1429,book,52654
1430,chair,43449
1431,iphone,97746
1432,phone,48816
1433,chair,39722
1434,laptop,64437
1435,car,12873
1436,car,39384
1437,iphone,42056
1438,laptop,79295
1439,iphone,57896
1440,pc,53368
1441,iphone,67698
1442,car,7367
1443,book,8600
1444,laptop,52872
1445,pc,68719
1446,book,25265
1447,car,7553
1448,pc,6626
1449,laptop,35910
1450,laptop,66207
1451,phone,16236
1452,iphone,48819
1453,phone,23276
1454,car,72264
1455,laptop,33903
1456,iphone,11847
1457,laptop,6507
1458,pc,28091
1459,car,29505
1460,iphone,85404
1461,phone,89417
1462,chair,17342
1463,iphone,1109
1464,pc,40037
1465,iphone,
1466,iphone,49345
1467,car,33029
1468,pc,88761
1469,book,52055
1470,book,67045
1471,iphone,
1472,car,84848
1473,book,39121
1474,iphone,8367
1475,laptop,
1476,iphone,36291
1477,laptop,85389
1478,laptop,67802
1479,car,7441
1480,car,78647
1481,phone,89228
1482,pc,85904
1483,phone,
1484,laptop,53031
1485,phone,76418
1486,iphone,
1487,car,95230
1488,iphone,70075
1489,iphone,88063
1490,laptop,22280
1491,car,73170
1492,pc,61706
1493,pc,95051
1494,car,23995
1495,iphone,85778
1496,chair,29272
1497,iphone,55112
1498,car,48717
1499,laptop,60786
1500,car,7035
1501,car,76062
1502,book,25499
1503,book,89220
1504,phone,54146
1505,chair,19762
1506,pc,
1507,laptop,74632
1508,phone,93804
1509,pc,63908
1510,laptop,23176
1511,laptop,617
1512,phone,99771
1513,car,20766
1514,phone,11539
1515,pc,83032
1516,phone,62573
1517,phone,69963
1518,pc,1845
1519,laptop,69603
1520,pc,540
1521,iphone,29657
1522,iphone,40906
1523,pc,65973
1524,book,8557
1525,car,38119
1526,phone,78167
1527,book,90017
1528,pc,64248
1529,laptop,21611
1530,car,29939
1531,pc,17197
1532,pc,77292
1533,book,48049
1534,iphone,4897
1535,phone,33526
1536,car,6368
1537,book,
1538,iphone,2587
1539,chair,54627
1540,phone,71733
1541,laptop,20070
1542,pc,82616
1543,chair,86725
1544,chair,35386
1545,book,17978
1546,phone,13751
1547,book,15431
1548,laptop,13928
1549,phone,26181
1550,car,68569
1551,pc,53707
1552,laptop,71845
1553,phone,90204
1554,phone,358
1555,chair,14474
1556,car,64763
1557,pc,67070
1558,chair,13276
1559,laptop,59867
1560,laptop,6564
1561,chair,5170
1562,car,88705
1563,laptop,15191
1564,chair,6014
1565,chair,86947
1566,iphone,46861
1567,phone,
1568,laptop,12183
1569,laptop,23969
1570,chair,59839
1571,laptop,90426
1572,car,55278
1573,iphone,21860
1574,chair,95212
1575,chair,
1576,car,54529
1577,book,74572
1578,iphone,80127
1579,phone,80131
1580,chair,95325
1581,pc,63979
1582,chair,57761
1583,chair,85848
1584,laptop,88857
1585,book,75582
1586,iphone,87797
1587,car,68564
1588,iphone,12483
1589,phone,32581
1590,phone,88643
1591,iphone,73183
1592,book,84331
1593,pc,61510
1594,car,21679
1595,chair,42026
1596,pc,36458
1597,chair,72154
1598,iphone,30801
1599,chair,75108
1600,phone,65333
1601,phone,65191
1602,iphone,13453
1603,phone,73024
1604,book,11913
1605,car,81142
1606,iphone,66628
1607,book,88011
1608,phone,
1609,laptop,29218
1610,car,73420
1611,car,62014
1612,iphone,93836
1613,phone,99525
1614,iphone,44742
1615,laptop,38270
1616,book,92025
1617,chair,21516
1618,phone,93959
1619,iphone,14019
1620,laptop,24581
1621,chair,51497
1622,pc,24979
1623,iphone,99241
1624,phone,83000
1625,car,16150
1626,car,59950
1627,iphone,66086
1628,pc,
1629,chair,6366
1630,book,76692
1631,phone,23226
1632,iphone,95747
1633,car,50778
1634,iphone,42184
1635,book,54875
1636,book,99925
1637,pc,44939
1638,laptop,17481
1639,pc,91752
1640,iphone,91946
1641,book,93306
1642,iphone,82913
1643,pc,81810
1644,iphone,45258
1645,iphone,93113
1646,iphone,
1647,pc,91004
1648,iphone,15126
1649,car,62963
1650,book,87445
1651,iphone,98024
1652,car,55363
1653,car,13955
1654,chair,6955
1655,iphone,34993
1656,car,37567
1657,iphone,8130
1658,iphone,26738
1659,car,47013
1660,car,80754
1661,car,73647
1662,car,84819
1663,book,66967
1664,car,91242
1665,laptop,6157
1666,phone,89803
1667,laptop,
1668,chair,32943
1669,pc,58073
1670,car,83071
1671,iphone,48200
1672,car,96790
1673,book,95015
1674,pc,23255
1675,iphone,22779
1676,iphone,49440
1677,chair,72954
1678,laptop,76544
1679,car,43327
1680,phone,20290
1681,chair,42287
1682,book,81968
1683,book,39472
1684,phone,72110
1685,laptop,92757
1686,laptop,24100
1687,book,66209
1688,pc,70390
1689,phone,28992
1690,pc,43393
1691,laptop,98652
1692,book,73575
1693,car,85105
1694,chair,45351
1695,phone,84182
1696,book,31958
1697,chair,42065
1698,phone,14860
1699,phone,94892
1700,laptop,67746
1701,car,67411
1702,car,63806
1703,chair,85397
1704,pc,10793
1705,chair,70513
1706,book,8581
1707,pc,27941
1708,car,13621
1709,pc,92109
1710,iphone,84746
1711,car,97896
1712,iphone,60191
1713,iphone,11471
1714,chair,33018
1715,book,29837
1716,laptop,59129
1717,iphone,41471
1718,chair,15506
1719,book,94409
1720,book,97773
1721,book,9514
1722,laptop,13911
1723,laptop,39498
1724,book,57367
1725,phone,86602
1726,chair,69922
1727,pc,51248
1728,car,71529
1729,laptop,
1730,pc,95594
1731,iphone,1461
1732,book,18530
1733,chair,75067
1734,book,71765
1735,chair,98080
1736,iphone,45069
1737,pc,84663
1738,car,21096
1739,pc,33127
1740,pc,87946
1741,car,7128
1742,car,71939
1743,phone,9587
1744,laptop,32858
1745,chair,76099
1746,phone,
1747,laptop,85914
1748,pc,81201
1749,chair,41652
1750,phone,80785
1751,iphone,76568
1752,pc,47774
1753,car,56139
1754,pc,32266
1755,car,96969
1756,iphone,47118
1757,pc,43458
1758,phone,47020
1759,car,72308
1760,chair,79511
1761,chair,18350
1762,book,96147
1763,iphone,9882
1764,chair,82788
1765,chair,75877
1766,phone,27886
1767,chair,71233
1768,book,19481
1769,laptop,77280
1770,iphone,17548
1771,phone,11869
1772,phone,1388
1773,iphone,80482
1774,iphone,67388
1775,pc,23480
1776,book,86430
1777,car,
1778,iphone,47028
1779,chair,63916
1780,pc,48422
1781,pc,27102
1782,book,47349
1783,phone,59591
1784,chair,85003
1785,laptop,68337
1786,iphone,97243
1787,laptop,74732
1788,pc,49613
1789,laptop,10202
1790,book,29215
1791,book,45224
1792,phone,79195
1793,chair,18214
1794,phone,10104
1795,book,27723
1796,pc,47477
1797,book,15509
1798,iphone,43283
1799,iphone,88503
1800,phone,77436
1801,pc,53857
1802,chair,16762
1803,book,17658
1804,iphone,75008
1805,pc,33850
1806,pc,53143
1807,book,
1808,iphone,94312
1809,iphone,37152
1810,chair,79498
1811,phone,22356
1812,pc,78753
1813,pc,23839
1814,book,34671
1815,pc,44914
1816,phone,9023
1817,pc,17329
1818,chair,68512
1819,car,89701
1820,phone,79365
1821,chair,80576
1822,book,69655
1823,book,12214
1824,phone,79098
1825,book,88940
1826,iphone,55139
1827,laptop,91441
1828,book,63192
1829,car,45943
1830,book,99816
1831,car,12807
1832,phone,62539
1833,car,10986
1834,laptop,71267
1835,phone,716
1836,iphone,932
1837,book,68126
1838,chair,26924
1839,iphone,53588
1840,laptop,55846
1841,iphone,34249
1842,car,74012
1843,laptop,89208
1844,phone,54162
1845,book,63238
1846,pc,72733
1847,phone,40193
1848,book,92470
1849,phone,86413
1850,chair,58536
1851,car,21206
1852,chair,52502
1853,car,72165
1854,book,92640
1855,chair,83345
1856,chair,19048
1857,phone,57065
1858,chair,29067
1859,laptop,4948
1860,iphone,52513
1861,book,37548
1862,iphone,
1863,chair,22973
1864,iphone,1403
1865,pc,67915
1866,laptop,78579
1867,book,30365
1868,book,4726
1869,laptop,37
1870,pc,36167
1871,car,87773
1872,phone,26255
1873,book,92225
1874,chair,72036
1875,laptop,73284
1876,book,36242
1877,pc,25496
1878,phone,75354
1879,chair,53363
1880,book,9487
1881,book,15336
1882,car,33776
1883,book,75352
1884,laptop,49424
1885,book,31886
1886,car,60142
1887,iphone,76916
1888,car,15239
1889,laptop,83055
1890,car,
1891,iphone,41383
1892,phone,
1893,book,91857
1894,car,37655
1895,chair,98145
1896,car,72686
1897,pc,46338
1898,pc,35268
1899,pc,89536
1900,pc,26170
1901,pc,34787
1902,pc,32728
1903,car,20446
1904,car,10287
1905,iphone,
1906,phone,70972
1907,chair,48653
1908,book,75303
1909,car,23969
1910,car,36735
1911,phone,75584
1912,pc,55466
1913,phone,4268
1914,book,89959
1915,car,15776
1916,iphone,41373
1917,iphone,88356
1918,pc,13205
1919,laptop,34039
1920,pc,31082
1921,laptop,80358
1922,laptop,65374
1923,phone,91843
1924,car,52506
1925,laptop,74895
1926,pc,
1927,iphone,13090
1928,iphone,30907
1929,book,49923
1930,pc,96802
1931,pc,1276
1932,pc,17625
1933,car,69990
1934,iphone,63782
1935,laptop,74427
1936,chair,90510
1937,pc,33330
1938,phone,12622
1939,phone,34048
1940,laptop,73071
1941,car,2599
1942,phone,89074
1943,book,75483
1944,iphone,22877
1945,car,42610
1946,iphone,96537
1947,phone,49947
1948,book,82799
1949,pc,83962
1950,car,55288
1951,iphone,53054
1952,car,10369
1953,pc,41088
1954,laptop,93117
1955,laptop,51833
1956,laptop,47600
1957,iphone,59020
1958,phone,3027
1959,pc,86772
1960,laptop,91841
1961,iphone,21877
1962,phone,8361
1963,phone,3455
1964,car,10911
1965,chair,20352
1966,chair,51097
1967,laptop,96677
1968,laptop,16569
1969,pc,22361
1970,chair,46771
1971,car,62410
1972,phone,
1973,book,71898
1974,phone,91438
1975,book,78326
1976,phone,83342
1977,book,83858
1978,iphone,45504
1979,phone,11738
1980,phone,54028
1981,laptop,1383
1982,chair,99391
1983,car,37586
1984,phone,90147
1985,phone,62530
1986,laptop,56418
1987,car,30305
1988,car,48974
1989,pc,73472
1990,phone,21400
1991,iphone,51081
1992,car,34469
1993,chair,31399
1994,book,80375
1995,car,35633
1996,laptop,69722
1997,car,24641
1998,car,17907
1999,laptop,59682
2000,book,91812
2001,book,42027
2002,chair,70119
2003,chair,13405
2004,laptop,93742
2005,phone,30514
2006,chair,64694
2007,pc,40838
2008,car,48679
2009,phone,4159
2010,laptop,98378
2011,pc,51435
2012,chair,23803
2013,pc,32778
2014,car,1653
2015,chair,
2016,iphone,58059
2017,pc,4392
2018,pc,12315
2019,book,27321
2020,phone,40908
2021,laptop,95451
2022,chair,72034
2023,book,63075
2024,iphone,47241
2025,chair,28545
2026,chair,56906
2027,laptop,36188
2028,book,31862
2029,chair,
2030,book,62294
2031,iphone,48679
2032,car,20669
2033,phone,81087
2034,laptop,99557
2035,iphone,46598
2036,iphone,70300
2037,car,63942
2038,pc,73184
2039,car,45523
2040,car,96100
2041,pc,49514
2042,laptop,32859
2043,chair,57344
2044,book,91362
2045,phone,24461
2046,book,95997
2047,phone,78470
2048,car,9027
2049,book,38754
2050,car,48118
2051,phone,83627
2052,book,24318
2053,chair,47720
2054,car,42034
2055,iphone,70642
2056,car,68690
2057,iphone,72281
2058,pc,42283
2059,phone,14478
2060,chair,8739
2061,chair,17009
2062,pc,26486
2063,chair,12943
2064,chair,50934
2065,iphone,81785
2066,iphone,6433
2067,laptop,94089
2068,chair,27359
2069,iphone,10480
2070,phone,7956
2071,laptop,54519
2072,car,92855
2073,chair,34840
2074,book,9225
2075,car,28298
2076,book,95049
2077,pc,24832
2078,pc,32605
2079,book,23448
2080,book,54419
2081,iphone,83705
2082,book,60125
2083,iphone,13644
2084,pc,72085
2085,phone,86184
2086,pc,78632
2087,phone,41307
2088,book,
2089,laptop,54046
2090,car,95140
2091,laptop,73812
2092,book,72120
2093,iphone,59297
2094,phone,
2095,chair,37287
2096,book,17705
2097,laptop,29083
2098,pc,2844
2099,car,90402
2100,car,72569
2101,book,74922
2102,pc,60341
2103,laptop,34732
2104,laptop,32749
2105,pc,39361
2106,chair,74588
2107,pc,94841
2108,laptop,22662
2109,phone,90386
2110,iphone,12499
2111,book,4898
2112,iphone,50010
2113,chair,43829
2114,laptop,56925
2115,phone,15799
2116,car,97999
2117,iphone,1498
2118,iphone,50133
2119,chair,5397
2120,laptop,19605
2121,laptop,28940
2122,pc,95889
2123,phone,
2124,car,66155
2125,chair,37982
2126,car,17326
2127,laptop,74899
2128,iphone,52322
2129,laptop,65774
2130,phone,17088
2131,car,73308
2132,pc,85491
2133,book,80739
2134,iphone,31760
2135,chair,56369
2136,laptop,75499
2137,chair,54209
2138,phone,24967
2139,laptop,85905
2140,chair,22184
2141,laptop,57961
2142,book,5882
2143,car,89831
2144,laptop,95484
2145,car,96938
2146,chair,81396
2147,pc,37707
2148,chair,14585
2149,laptop,2981
2150,laptop,70517
2151,pc,68585
2152,car,63311
2153,book,18526
2154,iphone,2410
2155,phone,86969
2156,book,22324
2157,chair,91295
2158,book,60943
2159,iphone,8729
2160,phone,86898
2161,car,47214
2162,car,38337
2163,car,50662
2164,pc,
2165,book,
2166,chair,63525
2167,car,11537
2168,pc,60029
2169,book,2816
2170,chair,69391
2171,laptop,51563
2172,iphone,45453
2173,iphone,81950
2174,laptop,65700
2175,laptop,82023
2176,laptop,3862
2177,book,29567
2178,pc,51491
2179,iphone,95668
2180,phone,88866
2181,book,89983
2182,pc,75090
2183,pc,40944
2184,book,71071
2185,pc,18163
2186,book,26517
2187,car,90247
2188,iphone,17727
2189,phone,
2190,car,74035
2191,pc,73051
2192,book,15517
2193,pc,19073
2194,iphone,41771
2195,phone,
2196,laptop,83472
2197,iphone,24632
2198,chair,3433
2199,car,
2200,book,74323
2201,book,30432
2202,pc,47089
2203,chair,62469
2204,pc,79260
2205,phone,49015
2206,pc,64414
2207,phone,25330
2208,pc,1967
2209,laptop,
2210,pc,26585
2211,car,23209
2212,phone,64217
2213,iphone,59971
2214,pc,5482
2215,book,49856
2216,iphone,80151
2217,iphone,70275
2218,book,92289
2219,car,14328
2220,phone,5559
2221,pc,51853
2222,iphone,50777
2223,book,6461
2224,pc,52171
2225,laptop,37475
2226,phone,38590
2227,book,90433
2228,book,60762
2229,car,11854
2230,iphone,23562
2231,car,91241
2232,book,54206
2233,laptop,23445
2234,phone,93406
2235,pc,11820
2236,laptop,85010
2237,iphone,94158
2238,iphone,14963
2239,iphone,47571
2240,chair,50343
2241,iphone,67065
2242,book,49634
2243,book,22398
2244,laptop,86445
2245,car,18953
2246,pc,6725
2247,phone,95703
2248,car,
2249,laptop,15408
2250,pc,
2251,chair,33175
2252,chair,65358
2253,book,79689
2254,phone,77183
2255,iphone,53759
2256,phone,78656
2257,chair,71741
2258,laptop,73079
2259,car,6411
2260,pc,85626
2261,laptop,4250
2262,iphone,79073
2263,laptop,11495
2264,chair,23363
2265,pc,80096
2266,iphone,77983
2267,book,23254
2268,phone,47210
2269,chair,39229
2270,laptop,49668
2271,car,56010
2272,car,38382
2273,phone,91045
2274,car,69081
2275,phone,91203
2276,pc,14326
2277,book,82441
2278,book,
2279,phone,79269
2280,car,
2281,laptop,41482
2282,laptop,81689
2283,laptop,80516
2284,book,95575
2285,iphone,23580
2286,book,38074
2287,pc,3143
2288,phone,15456
2289,iphone,80649
2290,phone,43750
2291,laptop,83558
2292,pc,26370
2293,iphone,8891
2294,laptop,72088
2295,laptop,14920
2296,iphone,51910
2297,iphone,3816
2298,car,43321
2299,car,88142
2300,phone,4660
2301,iphone,20366
2302,iphone,70381
2303,laptop,54257
2304,iphone,68298
2305,laptop,88892
2306,laptop,2453
2307,pc,43479
2308,car,46346
2309,chair,
2310,laptop,44453
2311,phone,21753
2312,book,24560
2313,book,98505
2314,laptop,41222
2315,iphone,54246
2316,chair,31148
2317,laptop,39666
2318,pc,22939
2319,chair,4901
2320,car,12137
2321,phone,63263
2322,book,44579
2323,phone,68632
2324,laptop,18781
2325,car,67652
2326,iphone,
2327,pc,60210
2328,phone,68464
2329,chair,5771
2330,iphone,11413
2331,laptop,6047
2332,chair,86374
2333,iphone,75701
2334,car,27504
2335,laptop,37560
2336,laptop,57817
2337,iphone,19571
2338,pc,1999
2339,book,13418
2340,pc,72006
2341,laptop,92321
2342,car,32089
2343,pc,80381
2344,laptop,6648
2345,pc,88538
2346,chair,7051
2347,chair,23459
2348,iphone,77693
2349,iphone,91667
2350,phone,40952
2351,laptop,93441
2352,car,69924
2353,chair,
2354,car,74421
2355,pc,91566
2356,phone,40683
2357,iphone,61000
2358,phone,29333
2359,pc,80863
2360,laptop,51390
2361,pc,87186
2362,laptop,42567
2363,phone,8567
2364,phone,62737
2365,phone,36996
2366,car,75324
2367,pc,53174
2368,car,14022
2369,laptop,9296
2370,car,60420
2371,phone,31270
2372,book,20843
2373,phone,44658
2374,pc,77459
2375,phone,57062
2376,book,71372
2377,iphone,86849
2378,iphone,93311
2379,book,14984
2380,book,42647
2381,book,58355
2382,pc,53188
2383,chair,89850
2384,car,49664
2385,laptop,86529
2386,chair,18208
2387,book,83379
2388,car,19231
2389,iphone,69632
2390,laptop,75750
2391,phone,89327
2392,laptop,89071
2393,laptop,56980
2394,iphone,
2395,laptop,
2396,book,66902
2397,phone,38559
2398,chair,71943
2399,chair,73404
2400,car,
2401,chair,4087
2402,pc,77353
2403,phone,93293
2404,phone,57041
2405,book,22729
2406,phone,72800
2407,phone,47223
2408,car,37810
2409,car,17600
2410,chair,2058
2411,pc,63792
2412,iphone,17796
2413,chair,54507
2414,car,91146
2415,book,81690
2416,pc,55590
2417,book,50425
2418,laptop,55675
2419,book,65294
2420,car,93340
2421,book,71587
2422,book,4963
2423,book,48310
2424,chair,90504
2425,chair,95852
2426,book,
2427,car,60940
2428,book,79963
2429,chair,82662
2430,iphone,87650
2431,chair,70673
2432,car,80352
2433,chair,70127
2434,car,59511
2435,book,75230
2436,iphone,46257
2437,car,21955
2438,chair,78333
2439,iphone,73886
2440,laptop,62018
2441,book,6765
2442,iphone,
2443,car,3578
2444,laptop,16622
2445,book,36418
2446,laptop,36827
2447,laptop,1861
2448,iphone,22886
2449,book,86396
2450,phone,22989
2451,laptop,30958
2452,phone,69125
2453,car,11062
2454,pc,20204
2455,car,54125
2456,car,86594
2457,phone,21926
2458,pc,45229
2459,chair,99022
2460,car,21967
2461,phone,39500
2462,phone,98622
2463,book,89589
2464,iphone,34422
2465,pc,56981
2466,chair,58827
2467,phone,69501
2468,iphone,
2469,chair,83548
2470,laptop,
2471,phone,85467
2472,car,35432
2473,laptop,33468
2474,iphone,60438
2475,car,31692
2476,iphone,25549
2477,book,90476
2478,pc,1386
2479,iphone,8906
2480,chair,68847
2481,chair,46073
2482,pc,33016
2483,pc,81185
2484,chair,77874
2485,iphone,28419
2486,book,92808
2487,chair,79257
2488,pc,84922
2489,book,24217
2490,chair,33205
2491,laptop,9924
2492,iphone,36226
2493,car,87500
2494,car,33729
2495,pc,36344
2496,car,50933
2497,laptop,
2498,laptop,
2499,laptop,9096
2500,phone,
2501,pc,23388
2502,iphone,18857
2503,book,28624
2504,book,57878
2505,iphone,4569
2506,chair,95360
2507,laptop,2459
2508,phone,83930
2509,chair,87111
2510,phone,91757
2511,laptop,75319
2512,chair,64314
2513,phone,95389
2514,car,9188
2515,book,50387
2516,iphone,63185
2517,chair,47044
2518,laptop,52509
2519,chair,84813
2520,chair,44572
2521,chair,99674
2522,car,26623
2523,pc,50353
2524,iphone,91210
2525,phone,82656
2526,iphone,11123
2527,iphone,24833
2528,pc,3324
2529,iphone,
2530,pc,8256
2531,car,40334
2532,phone,58891
2533,chair,7347
2534,laptop,5611
2535,phone,85701
2536,iphone,88877
2537,car,19523
2538,iphone,9441
2539,chair,64080
2540,iphone,81051
2541,chair,85037
2542,pc,82924
2543,chair,12752
2544,phone,77469
2545,chair,13937
2546,chair,80691
2547,pc,26560
2548,phone,96721
2549,iphone,15833
2550,iphone,18000
2551,laptop,27948
2552,car,22734
2553,laptop,35899
2554,pc,22026
2555,iphone,21627
2556,phone,76282
2557,chair,82863
2558,book,20677
2559,chair,10580
2560,chair,11683
2561,iphone,37189
2562,phone,62391
2563,iphone,18754
2564,iphone,59037
2565,phone,22878
2566,book,78154
2567,pc,80222
2568,chair,39478
2569,laptop,73100
2570,pc,69494
2571,chair,99762
2572,book,60845
2573,car,27277
2574,laptop,14769
2575,car,62182
2576,phone,87836
2577,chair,47735
2578,laptop,32949
2579,laptop,99406
2580,phone,97047
2581,chair,23053
2582,pc,63577
2583,book,30841
2584,iphone,75990
2585,laptop,97922
2586,iphone,30154
2587,car,29855
2588,chair,54079
2589,car,28922
2590,chair,63492
2591,chair,18997
2592,pc,59636
2593,pc,17878
2594,phone,82840
2595,laptop,
2596,pc,4206
2597,iphone,36779
2598,pc,61018
2599,phone,99659
2600,laptop,38687
2601,book,83623
2602,book,75775
2603,book,11334
2604,phone,64122
2605,car,
2606,book,60655
2607,laptop,56113
2608,iphone,32483
2609,laptop,29151
2610,book,75196
2611,chair,5796
2612,chair,
2613,iphone,4406
2614,phone,62818
2615,car,12844
2616,phone,10890
2617,book,90853
2618,iphone,28574
2619,pc,31334
2620,iphone,
2621,chair,39955
2622,pc,74760
2623,iphone,59616
2624,phone,92161
2625,phone,48551
2626,iphone,83021
2627,chair,9266
2628,phone,43634
2629,book,55823
2630,car,80281
2631,book,27151
2632,car,81324
2633,laptop,7184
2634,book,88428
2635,laptop,14544
2636,phone,81151
2637,chair,22972
2638,iphone,8782
2639,book,26832
2640,pc,
2641,pc,85070
2642,phone,98602
2643,book,92123
2644,pc,99730
2645,pc,35043
2646,book,36325
2647,chair,45249
2648,phone,69033
2649,car,93038
2650,book,69842
2651,laptop,48253
2652,car,90862
2653,car,
2654,chair,60014
2655,chair,23437
2656,laptop,
2657,chair,36168
2658,chair,65054
2659,pc,68247
2660,iphone,54596
2661,iphone,17305
2662,phone,58177
2663,iphone,38209
2664,pc,30451
2665,car,84498
2666,laptop,44930
2667,iphone,42769
2668,phone,91339
2669,book,58360
2670,phone,17295
2671,car,34079
2672,pc,37767
2673,car,19443
2674,laptop,21805
2675,book,93298
2676,book,22984
2677,car,87340
2678,car,31182
2679,chair,41500
2680,book,34132
2681,laptop,73726
2682,iphone,41542
2683,laptop,58776
2684,book,
2685,book,3266
2686,phone,19055
2687,phone,20454
2688,chair,
2689,book,
2690,laptop,38739
2691,phone,98849
2692,book,74086
2693,iphone,57947
2694,laptop,95897
2695,phone,18274
2696,iphone,40380
2697,chair,28883
2698,phone,42777
2699,chair,25578
2700,book,36428
2701,pc,70570
2702,car,88022
2703,chair,
2704,phone,41649
2705,book,7346
2706,iphone,19391
2707,iphone,48448
2708,phone,37309
2709,laptop,58402
2710,car,28271
2711,iphone,97193
2712,phone,37831
2713,pc,55552
2714,iphone,18293
2715,car,11282
2716,pc,62208
2717,car,43963
2718,chair,77421
2719,car,867
2720,phone,35825
2721,phone,60570
2722,iphone,17947
2723,pc,50039
2724,laptop,5535
2725,car,76704
2726,laptop,96974
2727,phone,320
2728,pc,83958
2729,car,16276
2730,iphone,37707
2731,phone,90156
2732,iphone,15644
2733,car,8745
2734,book,76161
2735,phone,33804
2736,iphone,90996
2737,car,67177
2738,iphone,34018
2739,pc,19154
2740,laptop,90869
2741,pc,6932
2742,laptop,83394
2743,laptop,38228
2744,book,10069
2745,book,82317
2746,pc,78480
2747,car,42284
2748,car,89780
2749,car,89842
2750,iphone,12561
2751,book,18837
2752,chair,36885
2753,laptop,54000
2754,laptop,21368
2755,chair,65979
2756,pc,73224
2757,book,68898
2758,car,72235
2759,iphone,14937
2760,phone,10013
2761,chair,2277
2762,phone,90577
2763,laptop,57925
2764,book,44832
2765,pc,3769
2766,iphone,29144
2767,pc,18659
2768,iphone,16429
2769,pc,10302
2770,phone,14643
2771,chair,63472
2772,car,25736
2773,chair,86479
2774,book,61483
2775,chair,5672
2776,chair,1346
2777,car,16225
2778,book,26217
2779,pc,3835
2780,chair,97805
2781,laptop,45591
2782,laptop,65619
2783,car,31696
2784,book,12989
2785,car,1832
2786,book,25106
2787,laptop,98830
2788,book,95072
2789,chair,66085
2790,car,48033
2791,iphone,57627
2792,iphone,
2793,pc,49756
2794,phone,29825
2795,phone,41193
2796,chair,68121
2797,pc,47349
2798,iphone,94651
2799,chair,64711
2800,chair,59892
2801,book,90052
2802,car,72602
2803,phone,56093
2804,pc,62347
2805,iphone,1675
2806,iphone,13785
2807,phone,86317
2808,iphone,18791
2809,phone,77405
2810,chair,22114
2811,chair,26094
2812,laptop,52990
2813,chair,55666
2814,iphone,93519
2815,car,35779
2816,car,84388
2817,phone,87382
2818,book,
2819,phone,19316
2820,car,16015
2821,laptop,30254
2822,iphone,3895
2823,chair,8942
2824,phone,23474
2825,phone,42854
2826,pc,81688
2827,chair,86649
2828,car,64512
2829,car,38477
2830,iphone,66164
2831,laptop,70848
2832,book,4141
2833,phone,15615
2834,phone,49327
2835,phone,4306
2836,pc,39720
2837,iphone,56450
2838,pc,50997
2839,phone,74560
2840,iphone,72585
2841,iphone,61580
2842,phone,20487
2843,book,34523
2844,phone,49518
2845,book,37281
2846,laptop,77393
2847,chair,48026
2848,laptop,76541
2849,chair,81940
2850,laptop,56118
2851,laptop,
2852,phone,86670
2853,pc,84945
2854,laptop,90176
2855,chair,15003
2856,laptop,70571
2857,laptop,86214
2858,car,67470
2859,phone,91220
2860,phone,41486
2861,phone,42260
2862,book,64010
2863,chair,26988
2864,laptop,87475
2865,laptop,39258
2866,laptop,
2867,pc,9872
2868,car,28059
2869,laptop,38970
2870,book,29607
2871,book,12053
2872,iphone,12416
2873,book,8817
2874,book,62294
2875,phone,10048
2876,iphone,66144
2877,car,86960
2878,book,54304
2879,phone,67550
2880,phone,71770
2881,pc,82292
2882,iphone,24450
2883,book,86613
2884,car,61249
2885,laptop,69824
2886,car,56849
2887,book,7848
2888,book,60619
2889,pc,97836
2890,iphone,57067
2891,phone,8444
2892,iphone,54059
2893,laptop,84678
2894,pc,78804
2895,pc,14884
2896,pc,32189
2897,car,60838
2898,phone,57164
2899,phone,4850
2900,pc,17882
2901,chair,36408
2902,iphone,84448
2903,car,94696
2904,phone,7251
2905,car,41144
2906,book,8333
2907,phone,88037
2908,iphone,52021
2909,car,18423
2910,pc,96269
2911,book,68414
2912,iphone,68846
2913,laptop,11829
2914,pc,41079
2915,laptop,96631
2916,phone,97512
2917,pc,28574
2918,pc,28063
2919,laptop,33332
2920,car,64272
2921,book,14806
2922,laptop,62240
2923,iphone,36403
2924,car,47578
2925,phone,40392
2926,chair,79405
2927,chair,86798
2928,car,90529
2929,car,33158
2930,book,83748
2931,iphone,89816
2932,chair,30983
2933,car,1031
2934,phone,33493
2935,laptop,99177
2936,pc,21001
2937,phone,84466
2938,phone,35918
2939,car,64447
2940,phone,43610
2941,iphone,13159
2942,car,34205
2943,book,55164
2944,book,71791
2945,iphone,91122
2946,chair,84066
2947,iphone,58117
2948,car,403
2949,phone,40048
2950,laptop,14526
2951,pc,93528
2952,car,17051
2953,car,53780
2954,car,59177
2955,phone,17499
2956,laptop,77728
2957,car,36935
2958,pc,48182
2959,pc,49456
2960,car,29423
2961,chair,73207
2962,iphone,29977
2963,chair,
2964,pc,22119
2965,chair,56217
2966,book,11673
2967,laptop,74349
2968,chair,68922
2969,phone,59468
2970,car,15533
2971,pc,24975
2972,car,34891
2973,laptop,50079
2974,pc,27080
2975,book,37089
2976,iphone,54831
2977,pc,19129
2978,chair,34314
2979,pc,32547
2980,laptop,84834
2981,phone,61457
2982,pc,90835
2983,phone,93498
2984,phone,96482
2985,book,12488
2986,book,43628
2987,pc,46439
2988,book,78411
2989,iphone,5965
2990,chair,81219
2991,phone,51733
2992,iphone,73342
2993,chair,34116
2994,pc,44456
2995,phone,41591
2996,iphone,18585
2997,laptop,5788
2998,pc,36831
2999,iphone,56372
3000,laptop,34500
3001,book,34571
3002,book,21624
3003,laptop,64392
3004,car,
3005,book,86169
3006,iphone,6975
3007,pc,30128
3008,pc,34108
3009,pc,57203
3010,chair,
3011,phone,46729
3012,iphone,59999
3013,phone,94340
3014,car,45823
3015,chair,37239
3016,pc,98295
3017,book,73825
3018,iphone,76486
3019,chair,74814
3020,pc,10070
3021,pc,88723
3022,chair,3402
3023,laptop,89212
3024,chair,77376
3025,chair,20155
3026,chair,92760
3027,iphone,82359
3028,laptop,760
3029,laptop,
3030,iphone,59388
3031,laptop,96248
3032,car,27704
3033,car,84363
3034,laptop,7279
3035,iphone,78943
3036,phone,33444
3037,pc,52286
3038,chair,27292
3039,pc,52742
3040,laptop,85729
3041,pc,64336
3042,car,40645
3043,iphone,47060
3044,iphone,48163
3045,book,58385
3046,phone,73801
3047,book,99154
3048,phone,80460
3049,pc,55838
3050,chair,44793
3051,phone,84883
3052,iphone,64922
3053,book,68770
3054,chair,57325
3055,chair,62601
3056,laptop,16749
3057,iphone,32591
3058,book,74519
3059,chair,5910
3060,book,55694
3061,phone,86619
3062,iphone,33211
3063,laptop,10717
3064,car,14933
3065,iphone,23534
3066,car,51505
3067,chair,92324
3068,laptop,94908
3069,phone,58975
3070,book,44739
3071,car,27665
3072,pc,79174
3073,laptop,13936
3074,phone,766
3075,phone,22509
3076,iphone,90676
3077,phone,97549
3078,book,39688
3079,book,80837
3080,laptop,90478
3081,iphone,39669
3082,chair,1818
3083,pc,2082
3084,iphone,
3085,car,63060
3086,iphone,31690
3087,phone,70593
3088,pc,60742
3089,pc,2859
3090,chair,19978
3091,iphone,63576
3092,phone,58918
3093,book,38644
3094,book,51345
3095,chair,13456
3096,iphone,56595
3097,phone,96610
3098,book,72653
3099,laptop,52386
3100,phone,94976
3101,book,63950
3102,pc,69246
3103,chair,41399
3104,book,84974
3105,phone,15327
3106,phone,84696
3107,laptop,57177
3108,chair,95185
3109,pc,57424
3110,pc,77025
3111,iphone,78918
3112,car,86108
3113,phone,38455
3114,iphone,54638
3115,car,85524
3116,iphone,61908
3117,car,
3118,pc,37022
3119,iphone,87432
3120,phone,26146
3121,pc,13225
3122,car,64713
3123,laptop,72984
3124,chair,
3125,laptop,46798
3126,iphone,65991
3127,chair,44267
3128,phone,29712
3129,chair,63748
3130,laptop,
3131,car,6117
3132,car,35060
3133,pc,67552
3134,book,92589
3135,chair,57386
3136,car,99059
3137,chair,
3138,car,13352
3139,car,66493
3140,chair,15474
3141,car,47400
3142,pc,92820
3143,phone,65325
3144,iphone,20223
3145,iphone,18058
3146,chair,57554
3147,phone,863
3148,pc,62084
3149,laptop,22447
3150,chair,93742
3151,car,82502
3152,iphone,98724
3153,car,29908
3154,pc,54186
3155,phone,67653
3156,car,3901
3157,phone,1303
3158,iphone,9120
3159,chair,52645
3160,car,8056
3161,phone,86530
3162,iphone,75308
3163,chair,
3164,iphone,68128
3165,laptop,89243
3166,iphone,39888
3167,iphone,45109
3168,chair,69178
3169,book,91789
3170,phone,26887
3171,book,81027
3172,iphone,45252
3173,car,53019
3174,car,39522
3175,chair,43842
3176,phone,97000
3177,pc,70882
3178,laptop,67065
3179,book,44657
3180,car,3069
3181,chair,70770
3182,book,39838
3183,iphone,66227
3184,chair,48887
3185,laptop,46461
3186,chair,85322
3187,chair,75030
3188,iphone,44430
3189,pc,76230
3190,book,82279
3191,iphone,78059
3192,pc,37294
3193,iphone,93697
3194,book,93631
3195,phone,32457
3196,chair,76332
3197,pc,47352
3198,phone,93276
3199,phone,10740
3200,chair,17047
3201,phone,10233
3202,laptop,52789
3203,book,51744
3204,car,65382
3205,iphone,57682
3206,iphone,64165
3207,iphone,
3208,car,66294
3209,pc,59993
3210,pc,
3211,book,15474
3212,iphone,62043
3213,chair,73272
3214,laptop,15566
3215,book,14461
3216,chair,37957
3217,chair,15432
3218,laptop,49081
3219,laptop,3667
3220,car,77283
3221,phone,39998
3222,laptop,96948
3223,phone,71766
3224,laptop,5856
3225,phone,40593
3226,book,44279
3227,car,94376
3228,car,99870
3229,pc,60415
3230,car,58861
3231,pc,42626
3232,chair,87097
3233,book,30516
3234,phone,6005
3235,iphone,96457
3236,laptop,21707
3237,iphone,82589
3238,car,40481
3239,book,84399
3240,book,81094
3241,book,6930
3242,book,98377
3243,phone,2446
3244,chair,69711
3245,pc,
3246,laptop,32150
3247,car,75963
3248,phone,69932
3249,book,77187
3250,chair,3049
3251,laptop,54386
3252,chair,41599
3253,phone,15026
3254,chair,37401
3255,pc,11747
3256,pc,53382
3257,iphone,80540
3258,laptop,93493
3259,chair,12942
3260,laptop,42495
3261,laptop,15855
3262,chair,98583
3263,book,64615
3264,book,50469
3265,chair,41724
3266,phone,8579
3267,phone,83039
3268,pc,2440
3269,laptop,76830
3270,iphone,72706
3271,iphone,39926
3272,book,10998
3273,car,26667
3274,car,
3275,laptop,22044
3276,car,55542
3277,book,131
3278,car,81360
3279,laptop,21939
3280,chair,63201
3281,laptop,89128
3282,phone,
3283,car,76697
3284,car,5961
3285,pc,73804
3286,chair,51813
3287,iphone,18304
3288,iphone,36629
3289,phone,66167
3290,car,89404
3291,laptop,98657
3292,iphone,32234
3293,iphone,
3294,laptop,78579
3295,laptop,90681
3296,pc,268
3297,book,1255
3298,iphone,72848
3299,iphone,99937
3300,phone,85078
3301,iphone,4056
3302,car,58350
3303,iphone,49332
3304,car,50692
3305,pc,91361
3306,chair,48559
3307,pc,29035
3308,iphone,36848
3309,iphone,46900
3310,pc,80405
3311,iphone,94084
3312,pc,64724
3313,laptop,64597
3314,iphone,27405
3315,chair,83681
3316,phone,36352
3317,book,22344
3318,book,96837
3319,book,79032
3320,book,77091
3321,pc,16702
3322,laptop,29879
3323,book,35956
3324,pc,3030
3325,iphone,80538
3326,laptop,59497
3327,chair,84012
3328,iphone,6797
3329,car,56694
3330,car,
3331,laptop,67933
3332,phone,67797
3333,car,94531
3334,pc,55058
3335,book,676
3336,phone,10722
3337,book,96658
3338,pc,
3339,phone,
3340,pc,43152
3341,laptop,81958
3342,chair,56616
3343,car,82090
3344,laptop,32394
3345,chair,44669
3346,car,43724
3347,book,9556
3348,car,57478
3349,car,58517
3350,book,7954
3351,chair,90880
3352,chair,8126
3353,car,39514
3354,book,8623
3355,chair,73303
3356,chair,49998
3357,phone,98561
3358,phone,78587
3359,car,1390
3360,phone,56112
3361,book,44514
3362,iphone,3404
3363,phone,77045
3364,pc,1610
3365,book,77710
3366,car,75132
3367,pc,33591
3368,laptop,94977
3369,book,31870
3370,pc,7928
3371,pc,57127
3372,book,
3373,car,76502
3374,book,19321
3375,phone,44944
3376,laptop,1059
3377,book,88906
3378,pc,66467
3379,car,7157
3380,phone,26263
3381,iphone,8965
3382,laptop,62354
3383,iphone,61263
3384,book,75813
3385,book,
3386,book,43072
3387,pc,5530
3388,phone,484
3389,iphone,30182
3390,phone,31328
3391,phone,43452
3392,car,26911
3393,phone,881
3394,laptop,46908
3395,chair,18664
3396,laptop,82750
3397,book,47174
3398,chair,
3399,pc,22825
3400,pc,94219
3401,pc,72680
3402,pc,2817
3403,pc,13263
3404,chair,17988
3405,phone,14544
3406,laptop,39986
3407,phone,48804
3408,iphone,69065
3409,car,
3410,phone,8569
3411,chair,17143
3412,car,69803
3413,phone,41674
3414,book,83380
3415,pc,80744
3416,book,70184
3417,laptop,42949
3418,pc,36709
3419,car,66619
3420,book,27425
3421,iphone,61691
3422,car,8503
3423,pc,98475
3424,iphone,49055
3425,phone,23461
3426,laptop,68875
3427,iphone,64853
3428,phone,52552
3429,iphone,76543
3430,iphone,28773
3431,pc,30721
3432,phone,55708
3433,phone,49034
3434,laptop,17606
3435,car,58262
3436,book,76541
3437,chair,81412
3438,laptop,61282
3439,phone,65213
3440,laptop,3239
3441,pc,34815
3442,iphone,10802
3443,laptop,67212
3444,book,36231
3445,pc,9351
3446,laptop,26254
3447,laptop,43154
3448,laptop,89592
3449,car,92489
3450,book,
3451,car,96969
3452,book,1118
3453,car,45433
3454,car,
3455,phone,99327
3456,iphone,85733
3457,book,
3458,pc,29829
3459,pc,27508
3460,phone,76939
3461,car,61438
3462,iphone,44650
3463,car,24621
3464,phone,91480
3465,phone,58978
3466,car,49112
3467,pc,16822
3468,laptop,1268
3469,phone,46486
3470,laptop,55799
3471,iphone,99987
3472,car,39274
3473,laptop,74393
3474,car,18236
3475,pc,
3476,laptop,79036
3477,book,51234
3478,phone,51201
3479,chair,24685
3480,phone,74647
3481,phone,39930
3482,chair,88458
3483,book,90311
3484,book,24470
3485,pc,50579
3486,laptop,38155
3487,iphone,59593
3488,chair,1447
3489,pc,53852
3490,phone,14515
3491,pc,62685
3492,iphone,27063
3493,pc,40600
3494,phone,87135
3495,phone,75378
3496,laptop,65860
3497,iphone,36102
3498,pc,18702
3499,phone,52328
3500,book,68925
3501,laptop,64350
3502,phone,5122
3503,iphone,84711
3504,phone,93277
3505,car,80350
3506,car,22954
3507,phone,80967
3508,iphone,50418
3509,iphone,74529
3510,chair,5723
3511,pc,20700
3512,laptop,70482
3513,laptop,8748
3514,iphone,28476
3515,phone,99858
3516,book,48330
3517,chair,66112
3518,car,53752
3519,phone,27180
3520,book,3501
3521,chair,88555
3522,iphone,45043
3523,iphone,25480
3524,phone,32847
3525,chair,17888
3526,laptop,60849
3527,phone,10819
3528,book,93530
3529,phone,36587
3530,car,2367
3531,book,38554
3532,chair,51229
3533,pc,1469
3534,iphone,57757
3535,laptop,93639
3536,chair,69769
3537,pc,6259
3538,car,68534
3539,iphone,86512
3540,chair,40412
3541,phone,611
3542,chair,26442
3543,pc,31265
3544,pc,55270
3545,chair,
3546,laptop,89123
3547,iphone,12661
3548,car,87046
3549,pc,5768
3550,phone,42879
3551,laptop,24844
3552,book,71002
3553,phone,15834
3554,pc,46737
3555,laptop,52709
3556,iphone,51011
3557,pc,8652
3558,iphone,85189
3559,book,8825
3560,pc,78494
3561,phone,
3562,chair,74606
3563,pc,12418
3564,book,82689
3565,iphone,90927
3566,pc,83277
3567,car,41676
3568,car,8849
3569,laptop,76681
3570,phone,83963
3571,iphone,77000
3572,iphone,
3573,pc,99475
3574,chair,96719
3575,phone,81233
3576,chair,49089
3577,phone,19879
3578,phone,4968
3579,pc,78390
3580,phone,43082
3581,pc,84358
3582,car,68271
3583,car,
3584,iphone,98376
3585,chair,96059
3586,laptop,26976
3587,book,87163
3588,pc,91262
3589,iphone,50002
3590,book,57981
3591,iphone,64440
3592,chair,
3593,chair,18550
3594,pc,22764
3595,book,26787
3596,pc,55868
3597,iphone,21516
3598,iphone,55576
3599,pc,39728
3600,laptop,83309
3601,pc,63068
3602,chair,
3603,laptop,21989
3604,phone,66229
3605,book,99657
3606,pc,63176
3607,chair,56019
3608,car,39351
3609,book,72463
3610,iphone,49866
3611,phone,37122
3612,phone,63025
3613,chair,93698
3614,phone,24854
3615,chair,65627
3616,iphone,64415
3617,phone,51727
3618,iphone,64166
3619,laptop,77110
3620,chair,5089
3621,chair,74135
3622,pc,57186
3623,laptop,98510
3624,iphone,92946
3625,phone,48258
3626,iphone,50506
3627,phone,31765
3628,phone,47371
3629,iphone,3703
3630,iphone,19383
3631,laptop,89268
3632,pc,78924
3633,book,
3634,car,15300
3635,car,93272
3636,phone,76829
3637,chair,24749
3638,phone,55950
3639,laptop,65620
3640,book,50172
3641,book,53950
3642,car,95374
3643,car,83385
3644,book,45140
3645,car,98137
3646,pc,52162
3647,iphone,22072
3648,car,12697
3649,chair,54767
3650,book,37793
3651,iphone,23121
3652,laptop,17607
3653,pc,65878
3654,chair,27862
3655,pc,98292
3656,pc,25150
3657,laptop,
3658,car,82160
3659,book,83418
3660,pc,11233
3661,phone,8423
3662,laptop,30773
3663,phone,99684
3664,chair,34875
3665,car,
3666,iphone,5486
3667,chair,951
3668,phone,99793
3669,laptop,62027
3670,car,56289
3671,laptop,44967
3672,laptop,47344
3673,iphone,80059
3674,chair,
3675,car,13130
3676,chair,91528
3677,phone,18201
3678,chair,69550
3679,laptop,
3680,car,48290
3681,phone,86360
3682,car,54149
3683,iphone,83633
3684,car,83070
3685,laptop,96444
3686,laptop,30612
3687,book,96889
3688,book,45656
3689,phone,62406
3690,iphone,13166
3691,iphone,79583
3692,pc,68164
3693,book,93934
3694,book,65264
3695,car,88219
3696,book,
3697,phone,58495
3698,chair,70866
3699,pc,22338
3700,car,91738
3701,chair,93816
3702,chair,42795
3703,phone,28885
3704,iphone,62429
3705,iphone,17793
3706,book,64482
3707,chair,43620
3708,car,75493
3709,car,8476
3710,iphone,94036
3711,iphone,50023
3712,iphone,73649
3713,car,30587
3714,pc,38138
3715,chair,44595
3716,iphone,24662
3717,iphone,75083
3718,laptop,41074
3719,phone,220
3720,laptop,70202
3721,pc,55535
3722,laptop,89037
3723,car,86998
3724,book,13970
3725,phone,60372
3726,laptop,38905
3727,car,89126
3728,phone,37144
3729,pc,92139
3730,chair,40487
3731,book,
3732,chair,92605
3733,book,28272
3734,phone,49375
3735,chair,
3736,laptop,93947
3737,pc,29500
3738,iphone,23464
3739,car,51355
3740,laptop,
3741,iphone,20865
3742,chair,44225
3743,phone,45653
3744,car,9414
3745,book,37010
3746,iphone,91895
3747,car,12755
3748,pc,76072
3749,car,93007
3750,laptop,21455
3751,book,91220
3752,phone,18982
3753,pc,98091
3754,pc,1197
3755,laptop,75455
3756,chair,19346
3757,phone,
3758,phone,22049
3759,chair,62111
3760,pc,15380
3761,book,77777
3762,phone,
3763,iphone,32112
3764,chair,51989
3765,phone,78139
3766,pc,49200
3767,car,87914
3768,iphone,60774
3769,car,50082
3770,laptop,58342
3771,laptop,15286
3772,chair,84070
3773,iphone,29482
3774,chair,75055
3775,phone,97695
3776,chair,23736
3777,phone,84488
3778,iphone,74897
3779,pc,8322
3780,iphone,70452
3781,pc,91847
3782,chair,70309
3783,car,64036
3784,chair,76640
3785,book,85419
3786,chair,27192
3787,iphone,23680
3788,car,23584
3789,chair,41195
3790,chair,75377
3791,pc,11510
3792,book,98706
3793,chair,16346
3794,book,71359
3795,pc,86266
3796,chair,6051
3797,book,38456
3798,iphone,18331
3799,book,41017
3800,book,46152
3801,book,27504
3802,iphone,5863
3803,pc,18568
3804,laptop,28208
3805,pc,28316
3806,book,16841
3807,iphone,9746
3808,book,50040
3809,iphone,52436
3810,phone,33315
3811,iphone,91031
3812,pc,9248
3813,iphone,82984
3814,iphone,93643
3815,laptop,84904
3816,car,21501
3817,phone,41465
3818,car,3396
3819,book,35405
3820,chair,89650
3821,book,43169
3822,iphone,43714
3823,car,29591
3824,laptop,49434
3825,pc,13762
3826,car,23033
3827,book,40180
3828,book,64175
3829,chair,91810
3830,book,72291
3831,laptop,6286
3832,pc,98549
3833,phone,97163
3834,iphone,
3835,book,52776
3836,phone,33955
3837,chair,93483
3838,pc,18700
3839,phone,35044
3840,chair,83780
3841,laptop,32651
3842,iphone,92639
3843,phone,46399
3844,car,37594
3845,laptop,
3846,book,29984
3847,laptop,11395
3848,laptop,40991
3849,car,10416
3850,chair,12272
3851,pc,11086
3852,iphone,64598
3853,car,55572
3854,iphone,95787
3855,pc,67503
3856,iphone,
3857,book,53145
3858,chair,97768
3859,chair,92090
3860,book,32011
3861,iphone,69220
3862,iphone,79609
3863,phone,
3864,iphone,68618
3865,pc,48110
3866,car,46306
3867,chair,49688
3868,pc,14841
3869,laptop,32737
3870,car,15448
3871,laptop,38475
3872,laptop,96734
3873,iphone,28503
3874,laptop,84275
3875,book,4643
3876,phone,63998
3877,chair,80678
3878,phone,46385
3879,chair,94690
3880,pc,1161
3881,chair,25892
3882,chair,20147
3883,phone,63886
3884,chair,86066
3885,laptop,51820
3886,laptop,56143
3887,pc,35321
3888,chair,
3889,iphone,21211
3890,pc,56880
3891,chair,92958
3892,pc,37342
3893,chair,55188
3894,iphone,4142
3895,pc,62822
3896,iphone,
3897,chair,72105
3898,phone,93627
3899,pc,52412
3900,book,97241
3901,car,17225
3902,chair,
3903,car,20387
3904,laptop,89710
3905,pc,44845
3906,phone,
3907,iphone,62939
3908,laptop,10828
3909,car,80951
3910,pc,24492
3911,pc,15075
3912,car,91875
3913,pc,56250
3914,pc,13508
3915,iphone,80098
3916,pc,77489
3917,iphone,30065
3918,chair,5028
3919,laptop,
3920,pc,80801
3921,pc,6678
3922,phone,40166
3923,iphone,30333
3924,pc,62809
3925,chair,84393
3926,chair,35290
3927,laptop,46009
3928,iphone,41922
3929,chair,70
3930,chair,42157
3931,pc,36721
3932,book,24227
3933,laptop,47655
3934,laptop,12699
3935,iphone,72321
3936,car,43412
3937,laptop,47367
3938,iphone,69319
3939,book,85229
3940,laptop,50338
3941,chair,17102
3942,iphone,15775
3943,chair,85767
3944,car,92361
3945,phone,9814
3946,book,39515
3947,iphone,99744
3948,pc,20142
3949,chair,54815
3950,book,99530
3951,car,73445
3952,laptop,58783
3953,iphone,57163
3954,chair,68650
3955,book,21880
3956,book,16899
3957,laptop,74209
3958,chair,90938
3959,pc,52100
3960,phone,67303
3961,chair,98399
3962,book,51150
3963,phone,27122
3964,pc,74959
3965,pc,1161
3966,car,66036
3967,iphone,33925
3968,laptop,38844
3969,iphone,15611
3970,pc,69935
3971,pc,83835
3972,pc,36406
3973,pc,6752
3974,iphone,
3975,car,15228
3976,chair,82927
3977,book,
3978,laptop,92466
3979,book,17512
3980,phone,38652
3981,laptop,
3982,iphone,46593
3983,pc,36659
3984,pc,2049
3985,book,76449
3986,chair,90192
3987,phone,33730
3988,car,79212
3989,book,57958
3990,pc,26728
3991,book,98683
3992,phone,30372
3993,iphone,48318
3994,pc,12280
3995,phone,24251
3996,car,24754
3997,book,95614
3998,pc,2758
3999,laptop,23295
4000,car,79668
4001,pc,9443
4002,phone,84557
4003,phone,69045
4004,pc,1545
4005,book,50330
4006,chair,1776
4007,car,5733
4008,pc,10957
4009,laptop,82232
4010,book,1231
4011,car,96486
4012,car,92727
4013,chair,62970
4014,car,58238
4015,car,43483
4016,phone,7323
4017,book,82245
4018,book,5836
4019,chair,13443
4020,book,54432
4021,pc,29401
4022,chair,50512
4023,pc,37597
4024,pc,89707
4025,phone,93696
4026,car,64463
4027,pc,
4028,pc,36937
4029,laptop,43741
4030,chair,11115
4031,chair,23339
4032,phone,78592
4033,pc,19689
4034,iphone,81888
4035,car,13621
4036,laptop,86734
4037,laptop,93232
4038,car,285
4039,car,19482
4040,car,41976
4041,pc,94547
4042,car,62709
4043,car,75739
4044,phone,
4045,laptop,42343
4046,pc,50465
4047,laptop,55552
4048,phone,54256
4049,book,43707
4050,pc,85715
4051,pc,72002
4052,phone,64566
4053,book,30161
4054,phone,93706
4055,phone,90898
4056,car,92155
4057,chair,375
4058,pc,
4059,chair,62118
4060,pc,7808
4061,laptop,18264
4062,laptop,72286
4063,phone,29437
4064,chair,15366
4065,iphone,49474
4066,iphone,55667
4067,laptop,13894
4068,iphone,62498
4069,car,20732
4070,chair,18517
4071,chair,1635
4072,book,54590
4073,pc,61573
4074,iphone,69133
4075,iphone,61628
4076,phone,58192
4077,car,1731
4078,laptop,7864
4079,iphone,98452
4080,pc,1424
4081,phone,89116
4082,phone,33823
4083,book,92976
4084,pc,20552
4085,laptop,
4086,book,16401
4087,iphone,81139
4088,chair,24077
4089,car,73307
4090,book,90757
4091,phone,85550
4092,iphone,49868
4093,pc,48690
4094,iphone,35378
4095,chair,47540
4096,book,43970
4097,chair,21333
4098,book,27775
4099,book,40516
4100,pc,83674
4101,chair,11146
4102,book,73890
4103,car,6297
4104,laptop,40449
4105,chair,
4106,car,52184
4107,book,98545
4108,phone,16976
4109,iphone,43426
4110,phone,66005
4111,chair,19685
4112,chair,50084
4113,phone,4903
4114,laptop,89440
4115,phone,82044
4116,chair,
4117,pc,89320
4118,iphone,94182
4119,pc,
4120,book,95514
4121,book,44749
4122,phone,44436
4123,laptop,56479
4124,chair,89505
4125,phone,80004
4126,book,19975
4127,book,65211
4128,chair,18693
4129,car,71714
4130,car,
4131,car,65393
4132,chair,22245
4133,laptop,36715
4134,book,11695
4135,chair,60390
4136,laptop,
4137,laptop,57939
4138,iphone,16248
4139,book,47641
4140,car,53612
4141,car,89205
4142,pc,67171
4143,car,41110
4144,laptop,54158
4145,book,89463
4146,chair,84392
4147,chair,32088
4148,iphone,1041
4149,pc,38097
4150,phone,52334
4151,car,50885
4152,car,12255
4153,laptop,84211
4154,book,60929
4155,chair,95915
4156,chair,52028
4157,car,52628
4158,laptop,44882
4159,book,92050
4160,iphone,36487
4161,phone,20413
4162,phone,27979
4163,laptop,78784
4164,car,47381
4165,car,62050
4166,pc,3007
4167,car,35369
4168,laptop,10956
4169,pc,53093
4170,chair,93350
4171,phone,68783
4172,pc,34006
4173,pc,12116
4174,phone,98720
4175,laptop,45780
4176,phone,70189
4177,iphone,91316
4178,phone,90819
4179,book,1301
4180,book,78266
4181,pc,87551
4182,book,42432
4183,iphone,
4184,iphone,96563
4185,iphone,19727
4186,phone,65463
4187,car,88335
4188,phone,94671
4189,chair,
4190,car,83138
4191,phone,75809
4192,chair,97741
4193,pc,71576
4194,car,49487
4195,pc,25055
4196,iphone,1883
4197,laptop,2122
4198,laptop,65809
4199,car,91660
4200,phone,59768
4201,phone,46165
4202,car,68572
4203,car,23044
4204,phone,23186
4205,book,71141
4206,phone,86455
4207,iphone,83113
4208,laptop,13005
4209,chair,13606
4210,chair,80774
4211,phone,98296
4212,car,71399
4213,chair,65976
4214,book,87518
4215,laptop,27770
4216,pc,72297
4217,phone,61548
4218,chair,60810
4219,phone,84523
4220,iphone,51879
4221,chair,29351
4222,book,86334
4223,laptop,54357
4224,iphone,54336
4225,chair,20103
4226,car,68021
4227,car,41611
4228,laptop,74997
4229,phone,51296
4230,pc,51552
4231,car,75740
4232,phone,83397
4233,phone,
4234,pc,41697
4235,book,30273
4236,chair,16558
4237,book,75619
4238,car,99899
4239,iphone,72470
4240,pc,26707
4241,chair,57333
4242,chair,77763
4243,pc,92743
4244,book,10324
4245,book,97299
4246,iphone,59468
4247,iphone,46939
4248,pc,29065
4249,laptop,32145
4250,iphone,49559
4251,car,6782
4252,laptop,18844
4253,iphone,75937
4254,car,60178
4255,book,18590
4256,laptop,23675
4257,chair,47369
4258,car,13195
4259,phone,54230
4260,chair,82009
4261,chair,55038
4262,phone,83040
4263,phone,23567
4264,laptop,23419
4265,iphone,79515
4266,car,44932
4267,laptop,80478
4268,book,20760
4269,book,15937
4270,pc,70248
4271,chair,99740
4272,pc,47826
4273,chair,3866
4274,laptop,10937
4275,iphone,16591
4276,laptop,26114
4277,chair,72285
4278,iphone,97674
4279,car,67194
4280,phone,32780
4281,pc,94030
4282,laptop,
4283,chair,77015
4284,laptop,26978
4285,iphone,58478
4286,phone,35608
4287,car,14097
4288,book,26177
4289,book,82929
4290,car,21921
4291,chair,
4292,laptop,38466
4293,book,84554
4294,book,3924
4295,chair,42294
4296,phone,46890
4297,pc,86108
4298,laptop,41215
4299,chair,90215
4300,chair,28019
4301,phone,42147
4302,pc,50540
4303,laptop,69109
4304,pc,36444
4305,iphone,87994
4306,chair,84707
4307,phone,57043
4308,laptop,25971
4309,pc,64740
4310,phone,35968
4311,phone,59347
4312,pc,77485
4313,phone,2787
4314,laptop,75465
4315,chair,37272
4316,pc,52797
4317,chair,69142
4318,chair,2132
4319,chair,54405
4320,iphone,41574
4321,car,10455
4322,book,64725
4323,book,39117
4324,iphone,
4325,phone,15913
4326,car,80999
4327,chair,6269
4328,car,13780
4329,laptop,94929
4330,phone,11536
4331,pc,48349
4332,car,647
4333,iphone,34037
4334,car,6291
4335,laptop,43165
4336,iphone,49749
4337,laptop,18056
4338,book,16552
4339,laptop,98701
4340,book,54171
4341,iphone,16039
4342,book,75744
4343,phone,36771
4344,laptop,63269
4345,pc,38828
4346,iphone,73205
4347,car,86439
4348,iphone,26986
4349,iphone,64828
4350,chair,87883
4351,pc,50470
4352,pc,44623
4353,pc,99824
4354,book,41072
4355,car,92866
4356,phone,66127
4357,chair,28676
4358,laptop,59301
4359,car,26610
4360,car,8996
4361,laptop,89950
4362,laptop,
4363,book,19305
4364,phone,97652
4365,chair,60404
4366,pc,62421
4367,iphone,46131
4368,laptop,72129
4369,chair,27795
4370,pc,56472
4371,book,57847
4372,laptop,6440
4373,iphone,55389
4374,pc,52781
4375,pc,69410
4376,book,56828
4377,chair,84717
4378,pc,
4379,pc,4677
4380,book,8630
4381,book,29683
4382,book,53026
4383,phone,28821
4384,iphone,90660
4385,laptop,22417
4386,car,83479
4387,laptop,37745
4388,iphone,24258
4389,book,81542
4390,phone,90169
4391,pc,89318
4392,chair,43536
4393,phone,1669
4394,iphone,43785
4395,chair,34581
4396,chair,99648
4397,car,46156
4398,phone,64003
4399,car,14337
4400,chair,74352
4401,iphone,
4402,car,65948
4403,pc,12308
4404,chair,96493
4405,laptop,96313
4406,laptop,
4407,laptop,33231
4408,laptop,46219
4409,laptop,67873
4410,car,78085
4411,phone,89887
4412,book,2716
4413,pc,
4414,car,18564
4415,laptop,32029
4416,book,56455
4417,laptop,11701
4418,pc,49516
4419,iphone,35903
4420,iphone,58886
4421,book,89006
4422,laptop,51252
4423,book,36208
4424,laptop,75958
4425,book,80264
4426,chair,59641
4427,book,
4428,car,14442
4429,chair,89853
4430,pc,19690
4431,book,
4432,book,21313
4433,laptop,8469
4434,car,59488
4435,chair,77735
4436,chair,40084
4437,chair,86540
4438,car,32955
4439,pc,37128
4440,car,87205
4441,car,11272
4442,iphone,96082
4443,pc,10579
4444,laptop,62020
4445,laptop,88932
4446,iphone,52312
4447,chair,39586
4448,book,73912
4449,phone,42268
4450,car,89564
4451,car,17785
4452,phone,39460
4453,laptop,74273
4454,iphone,24034
4455,phone,57264
4456,chair,57920
4457,iphone,89805
4458,iphone,46424
4459,phone,53773
4460,phone,73257
4461,chair,
4462,phone,18426
4463,book,31804
4464,book,16682
4465,book,74130
4466,laptop,51466
4467,pc,780
4468,phone,67896
4469,phone,11096
4470,chair,85181
4471,chair,12766
4472,car,63106
4473,iphone,7977
4474,chair,88396
4475,book,6949
4476,iphone,18894
4477,book,64920
4478,pc,88562
4479,iphone,39438
4480,iphone,845
4481,car,90148
4482,pc,4
4483,pc,15864
4484,book,26777
4485,chair,66296
4486,phone,15966
4487,laptop,24123
4488,car,71659
4489,laptop,89302
4490,phone,80892
4491,chair,83387
4492,chair,97596
4493,iphone,67045
4494,iphone,26260
4495,phone,37938
4496,iphone,77170
4497,phone,36068
4498,phone,14068
4499,phone,55683
4500,pc,59910
4501,chair,1444
4502,book,84555
4503,iphone,81248
4504,phone,46494
4505,pc,94773
4506,phone,20750
4507,laptop,65956
4508,pc,92566
4509,book,8226
4510,pc,46119
4511,iphone,44471
4512,phone,18355
4513,laptop,86303
4514,laptop,8940
4515,car,49351
4516,phone,23642
4517,book,66450
4518,car,33977
4519,pc,77182
4520,book,80933
4521,car,5888
4522,chair,20863
4523,pc,13922
4524,phone,62444
4525,laptop,96029
4526,car,22806
4527,iphone,99066
4528,phone,8116
4529,book,4904
4530,car,57872
4531,car,82744
4532,car,22815
4533,laptop,58918
4534,phone,83544
4535,book,25653
4536,laptop,88978
4537,laptop,97275
4538,pc,69275
4539,car,11274
4540,book,87642
4541,chair,18423
4542,chair,53480
4543,book,9432
4544,laptop,95679
4545,iphone,65034
4546,pc,74759
4547,car,46151
4548,laptop,73229
4549,car,8802
4550,phone,49298
4551,car,10242
4552,pc,39089
4553,chair,30221
4554,chair,43374
4555,chair,37997
4556,car,92179
4557,laptop,20691
4558,laptop,75413
4559,pc,80117
4560,book,81087
4561,chair,14532
4562,book,34478
4563,iphone,44308
4564,phone,43848
4565,car,26769
4566,book,43202
4567,car,8169
4568,pc,73905
4569,book,4634
4570,laptop,
4571,phone,80272
4572,chair,62753
4573,pc,5471
4574,chair,66532
4575,pc,56559
4576,phone,29852
4577,chair,3454
4578,car,25712
4579,book,49727
4580,iphone,2371
4581,book,50741
4582,car,16415
4583,phone,72029
4584,pc,15465
4585,book,
4586,laptop,44974
4587,phone,31217
4588,pc,1317
4589,pc,98640
4590,car,74455
4591,chair,
4592,chair,32757
4593,car,7425
4594,pc,37040
4595,chair,78959
4596,iphone,38327
4597,pc,62744
4598,iphone,10066
4599,chair,71256
4600,pc,96366
4601,car,28873
4602,phone,48094
4603,car,85674
4604,pc,35066
4605,laptop,65987
4606,chair,53848
4607,iphone,
4608,phone,26680
4609,pc,68287
4610,pc,72478
4611,pc,95015
4612,car,4701
4613,pc,85184
4614,car,14973
4615,chair,4424
4616,laptop,50354
4617,laptop,11074
4618,chair,79920
4619,phone,50146
4620,phone,29418
4621,pc,86497
4622,phone,86560
4623,laptop,45587
4624,chair,98890
4625,laptop,34410
4626,car,28382
4627,car,95130
4628,car,56039
4629,car,96392
4630,car,14314
4631,book,94541
4632,iphone,70092
4633,phone,94269
4634,book,34091
4635,pc,
4636,phone,31224
4637,pc,36791
4638,car,35965
4639,chair,
4640,car,44241
4641,book,80681
4642,laptop,86406
4643,laptop,79691
4644,chair,74506
4645,iphone,34670
4646,car,60650
4647,chair,61137
4648,chair,
4649,phone,72955
4650,pc,75965
4651,chair,79996
4652,book,8394
4653,phone,36194
4654,laptop,16675
4655,pc,19254
4656,car,6498
4657,pc,5046
4658,pc,57712
4659,book,72536
4660,iphone,93657
4661,laptop,
4662,chair,46312
4663,book,78719
4664,pc,10155
4665,book,66982
4666,chair,42701
4667,book,89262
4668,phone,55898
4669,laptop,42800
4670,book,43907
4671,phone,49114
4672,phone,38543
4673,book,48274
4674,chair,19669
4675,book,79827
4676,pc,66951
4677,iphone,66608
4678,car,45095
4679,pc,76373
4680,chair,19670
4681,phone,85093
4682,chair,
4683,pc,75292
4684,iphone,54798
4685,book,69174
4686,car,61909
4687,iphone,57805
4688,laptop,75398
4689,laptop,43081
4690,pc,47443
4691,pc,98066
4692,chair,58328
4693,iphone,
4694,phone,46135
4695,book,47486
4696,iphone,30192
4697,phone,30115
4698,book,16420
4699,book,53427
4700,iphone,18106
4701,book,37602
4702,laptop,10683
4703,phone,19450
4704,book,25965
4705,pc,2033
4706,pc,34521
4707,car,61585
4708,iphone,4466
4709,car,90445
4710,pc,
4711,pc,69377
4712,phone,46447
4713,pc,72999
4714,pc,15601
4715,laptop,44124
4716,book,14125
4717,iphone,96829
4718,laptop,53592
4719,iphone,57106
4720,laptop,91765
4721,pc,94857
4722,car,66764
4723,chair,1020
4724,book,88330
4725,iphone,42000
4726,phone,94703
4727,book,12700
4728,pc,44710
4729,chair,68838
4730,book,55927
4731,laptop,41756
4732,car,18769
4733,chair,96288
4734,iphone,68044
4735,laptop,80671
4736,laptop,37328
4737,pc,35893
4738,phone,22193
4739,laptop,34003
4740,book,30366
4741,iphone,12579
4742,pc,66676
4743,car,78432
4744,chair,
4745,book,25576
4746,chair,3378
4747,laptop,74863
4748,phone,68274
4749,pc,38658
4750,chair,15720
4751,phone,64651
4752,laptop,17933
4753,laptop,15264
4754,laptop,97553
4755,car,9745
4756,laptop,43953
4757,laptop,96406
4758,book,9710
4759,iphone,5027
4760,phone,92419
4761,car,24955
4762,car,82061
4763,chair,82219
4764,chair,76853
4765,phone,28863
4766,iphone,61618
4767,pc,24524
4768,iphone,17274
4769,pc,11627
4770,book,98231
4771,pc,8816
4772,phone,27334
4773,iphone,54808
4774,iphone,49845
4775,iphone,83586
4776,laptop,86106
4777,pc,30394
4778,laptop,64254
4779,car,78360
4780,laptop,38720
4781,chair,98954
4782,car,58611
4783,laptop,55687
4784,chair,41799
4785,iphone,91353
4786,phone,63404
4787,car,64117
4788,book,30783
4789,chair,66517
4790,pc,53609
4791,chair,42361
4792,laptop,53900
4793,phone,55731
4794,phone,7160
4795,laptop,28697
4796,laptop,5980
4797,laptop,29007
4798,book,70256
4799,pc,14459
4800,book,16936
4801,book,94663
4802,chair,11829
4803,car,46229
4804,car,8318
4805,iphone,27585
4806,laptop,20577
4807,car,94086
4808,pc,21155
4809,laptop,28261
4810,book,1787
4811,chair,98975
4812,book,52158
4813,car,20571
4814,laptop,30147
4815,iphone,32415
4816,chair,16206
4817,car,85888
4818,phone,97062
4819,laptop,10030
4820,chair,92207
4821,car,2641
4822,chair,71001
4823,book,12524
4824,iphone,51265
4825,pc,40919
4826,car,67155
4827,iphone,35920
4828,phone,34638
4829,iphone,49359
4830,laptop,29131
4831,phone,63353
4832,laptop,69888
4833,book,2256
4834,phone,48855
4835,car,14195
4836,phone,3262
4837,phone,58600
4838,laptop,14280
4839,iphone,18844
4840,car,10962
4841,chair,27221
4842,car,77779
4843,pc,52847
4844,book,68603
4845,iphone,99690
4846,pc,64673
4847,laptop,97060
4848,laptop,4785
4849,laptop,78476
4850,phone,35146
4851,iphone,73716
4852,car,65511
4853,laptop,
4854,pc,92912
4855,phone,96951
4856,iphone,13768
4857,phone,49241
4858,pc,21245
4859,book,21783
4860,pc,14898
4861,chair,64904
4862,pc,68758
4863,phone,71707
4864,phone,38895
4865,chair,38564
4866,iphone,88694
4867,laptop,80622
4868,laptop,21750
4869,pc,89787
4870,pc,93647
4871,laptop,32930
4872,phone,43276
4873,iphone,17739
4874,pc,62111
4875,chair,23491
4876,pc,734
4877,laptop,26118
4878,iphone,60108
4879,laptop,81916
4880,phone,8751
4881,laptop,29626
4882,laptop,25249
4883,laptop,55858
4884,book,48139
4885,book,33390
4886,book,86424
4887,pc,19978
4888,chair,36698
4889,pc,13411
4890,pc,76980
4891,iphone,43274
4892,book,77616
4893,book,96634
4894,car,62050
4895,pc,30386
4896,pc,80599
4897,pc,62320
4898,car,10195
4899,chair,57630
4900,phone,42872
4901,laptop,15374
4902,pc,49454
4903,car,62190
4904,laptop,68417
4905,laptop,79348
4906,car,21773
4907,iphone,93237
4908,pc,73464
4909,phone,32838
4910,iphone,57070
4911,iphone,3315
4912,car,61089
4913,car,95484
4914,phone,73373
4915,pc,23462
4916,iphone,
4917,pc,68944
4918,pc,40683
4919,laptop,48348
4920,laptop,1703
4921,book,84832
4922,laptop,52205
4923,chair,
4924,iphone,81955
4925,chair,
4926,car,94113
4927,phone,
4928,iphone,22776
4929,phone,84875
4930,car,13616
4931,chair,80336
4932,iphone,96494
4933,pc,17255
4934,chair,15653
4935,chair,93138
4936,chair,71314
4937,laptop,
4938,pc,96659
4939,chair,88079
4940,car,92970
4941,pc,76919
4942,iphone,67677
4943,chair,52844
4944,phone,87771
4945,chair,99784
4946,book,34948
4947,chair,5833
4948,laptop,90271
4949,book,83270
4950,iphone,422
4951,laptop,45964
4952,chair,74471
4953,car,74211
4954,phone,11870
4955,pc,24334
4956,laptop,2635
4957,car,1368
4958,pc,60338
4959,chair,32339
4960,laptop,84189
4961,car,99068
4962,iphone,6990
4963,phone,23331
4964,laptop,41358
4965,phone,24673
4966,laptop,23214
4967,laptop,57619
4968,laptop,46550
4969,book,84125
4970,book,82709
4971,iphone,4814
4972,car,20408
4973,book,92037
4974,phone,89393
4975,car,44850
4976,iphone,
4977,book,35251
4978,chair,27619
4979,laptop,34189
4980,chair,67768
4981,iphone,62286
4982,pc,42335
4983,laptop,86285
4984,book,42253
4985,iphone,47039
4986,car,20807
4987,phone,44128
4988,iphone,24525
4989,laptop,61189
4990,book,2850
4991,phone,59827
4992,book,57012
4993,iphone,31927
4994,laptop,78766
4995,laptop,52579
4996,laptop,30710
4997,car,66448
4998,chair,35305
4999,book,3742
5000,pc,39397
5001,book,
5002,book,74447
5003,car,86954
5004,laptop,7051
5005,chair,18541
5006,car,51903
5007,pc,86325
5008,pc,22553
5009,laptop,24195
5010,pc,57219
5011,chair,20203
5012,iphone,49054
5013,chair,45182
5014,chair,90018
5015,phone,61906
5016,iphone,60749
5017,iphone,12559
5018,phone,17501
5019,phone,37118
5020,car,55652
5021,book,9392
5022,laptop,97049
5023,book,79760
5024,pc,48382
5025,laptop,208
5026,book,52190
5027,chair,18098
5028,phone,27686
5029,laptop,44510
5030,phone,55798
5031,pc,50700
5032,iphone,4564
5033,laptop,
5034,phone,52194
5035,iphone,13950
5036,phone,45388
5037,iphone,85966
5038,car,1602
5039,pc,75324
5040,book,59597
5041,chair,87843
5042,phone,7144
5043,laptop,97263
5044,iphone,59017
5045,book,62068
5046,iphone,70126
5047,laptop,23440
5048,phone,50262
5049,car,19711
5050,chair,92741
5051,book,67488
5052,car,59636
5053,phone,36924
5054,chair,64175
5055,phone,78555
5056,iphone,55797
5057,laptop,3084
5058,book,38435
5059,laptop,58559
5060,laptop,4668
5061,book,95932
5062,chair,51932
5063,pc,70121
5064,chair,18958
5065,iphone,36004
5066,laptop,
5067,iphone,96034
5068,car,60085
5069,chair,48863
5070,chair,94871
5071,iphone,13254
5072,phone,95079
5073,chair,83458
5074,iphone,52525
5075,chair,97880
5076,laptop,97345
5077,chair,56811
5078,chair,74828
5079,laptop,
5080,book,31949
5081,iphone,49051
5082,book,99708
5083,phone,90290
5084,car,65740
5085,iphone,52254
5086,pc,35740
5087,chair,2453
5088,car,17008
5089,laptop,78522
5090,car,
5091,laptop,29468
5092,chair,28974
5093,chair,95441
5094,iphone,60377
5095,book,78018
5096,laptop,62338
5097,book,44642
5098,laptop,58246
5099,pc,97330
5100,phone,91452
5101,pc,33514
5102,phone,74883
5103,chair,73574
5104,laptop,98043
5105,book,38249
5106,car,88408
5107,phone,81902
5108,book,46088
5109,book,3068
5110,car,
5111,book,30765
5112,phone,17261
5113,phone,16186
5114,chair,27696
5115,chair,23412
5116,car,96267
5117,phone,46140
5118,car,78544
5119,laptop,47602
5120,iphone,90026
5121,iphone,41651
5122,book,51402
5123,pc,64858
5124,car,58911
5125,pc,23281
5126,phone,69817
5127,car,60820
5128,iphone,12887
5129,phone,54801
5130,phone,83416
5131,chair,18162
5132,book,10552
5133,book,53578
5134,chair,32760
5135,pc,61854
5136,iphone,48535
5137,chair,85736
5138,phone,25301
5139,car,60000
5140,laptop,31367
5141,pc,93427
5142,pc,38401
5143,chair,27132
5144,book,32118
5145,iphone,31704
5146,car,60477
5147,book,79168
5148,car,20875
5149,pc,9154
5150,chair,89394
5151,iphone,68126
5152,phone,9222
5153,car,34082
5154,iphone,93820
5155,car,70014
5156,iphone,63020
5157,car,38399
5158,car,95046
5159,car,52354
5160,iphone,82479
5161,iphone,16260
5162,chair,34406
5163,car,98772
5164,car,22145
5165,laptop,44542
5166,pc,63254
5167,pc,43257
5168,iphone,60062
5169,iphone,32077
5170,car,38704
5171,iphone,59031
5172,iphone,36083
5173,book,18352
5174,pc,3400
5175,pc,73864
5176,laptop,40194
5177,iphone,83085
5178,laptop,57653
5179,iphone,97482
5180,car,19205
5181,book,50361
5182,laptop,3670
5183,car,39709
5184,pc,34002
5185,laptop,97708
5186,car,
5187,phone,22335
5188,laptop,76957
5189,car,68594
5190,laptop,63602
5191,iphone,68843
5192,phone,49790
5193,chair,8487
5194,laptop,27057
5195,pc,79775
5196,car,15675
5197,iphone,65377
5198,phone,83707
5199,chair,68697
5200,pc,47652
5201,iphone,82103
5202,chair,
5203,book,72520
5204,book,70481
5205,car,7336
5206,phone,32502
5207,pc,96919
5208,pc,85302
5209,car,90392
5210,iphone,5273
5211,book,36369
5212,chair,96119
5213,car,17373
5214,book,27227
5215,pc,99834
5216,book,12880
5217,book,6695
5218,laptop,9575
5219,pc,57920
5220,chair,13090
5221,book,78419
5222,phone,1258
5223,book,14617
5224,iphone,84230
5225,pc,83221
5226,book,64
5227,laptop,78820
5228,laptop,23138
5229,laptop,67397
5230,laptop,
5231,laptop,69755
5232,pc,88846
5233,book,82040
5234,phone,99170
5235,pc,41839
5236,book,21381
5237,pc,56625
5238,iphone,58090
5239,laptop,70594
5240,car,14249
5241,car,40265
5242,book,69520
5243,phone,39329
5244,book,88065
5245,pc,25153
5246,car,22515
5247,car,86847
5248,pc,67694
5249,phone,54645
5250,car,29979
5251,laptop,39795
5252,laptop,43741
5253,iphone,97676
5254,laptop,55744
5255,book,54673
5256,chair,52963
5257,chair,
5258,laptop,18340
5259,phone,2553
5260,car,27342
5261,iphone,38639
5262,car,42184
5263,phone,42688
5264,book,26142
5265,car,65921
5266,phone,14003
5267,chair,42661
5268,iphone,94537
5269,book,6029
5270,car,90151
5271,iphone,36718
5272,book,7774
5273,chair,44917
5274,laptop,57425
5275,laptop,17600
5276,iphone,96003
5277,phone,19715
5278,book,26213
5279,book,32142
5280,laptop,99980
5281,iphone,69602
5282,car,2864
5283,pc,8913
5284,car,93244
5285,iphone,47347
5286,car,28155
5287,pc,29842
5288,phone,26081
5289,iphone,
5290,laptop,97996
5291,chair,84179
5292,phone,63747
5293,car,69258
5294,chair,67143
5295,laptop,57305
5296,chair,
5297,car,70622
5298,phone,43745
5299,iphone,9902
5300,book,73176
5301,car,20738
5302,car,11498
5303,book,79958
5304,iphone,
5305,car,89647
5306,phone,61042
5307,phone,96853
5308,pc,9571
5309,pc,44539
5310,phone,90778
5311,iphone,56675
5312,chair,38510
5313,chair,51111
5314,chair,42255
5315,phone,29214
5316,book,42810
5317,book,87215
5318,pc,75292
5319,laptop,93703
5320,car,24752
5321,car,40433
5322,pc,69916
5323,book,5171
5324,car,45681
5325,chair,41331
5326,pc,26437
5327,laptop,35530
5328,pc,28473
5329,car,17997
5330,phone,49166
5331,chair,97510
5332,car,49861
5333,chair,52321
5334,pc,49873
5335,book,12170
5336,pc,75799
5337,iphone,21349
5338,car,64108
5339,iphone,98262
5340,laptop,27568
5341,chair,47167
5342,phone,14679
5343,phone,49811
5344,car,13115
5345,laptop,40629
5346,car,85459
5347,laptop,91909
5348,chair,51076
5349,phone,36007
5350,iphone,42371
5351,chair,32636
5352,pc,16770
5353,book,91104
5354,phone,8019
5355,book,96973
5356,iphone,80944
5357,phone,54950
5358,pc,67973
5359,pc,87643
5360,pc,14338
5361,car,65215
5362,pc,81960
5363,laptop,34757
5364,book,3385
5365,laptop,61669
5366,chair,18919
5367,phone,49418
5368,car,68839
5369,pc,1958
5370,laptop,12074
5371,phone,
5372,chair,
5373,phone,
5374,car,57726
5375,pc,83473
5376,chair,61536
5377,laptop,86032
5378,book,80427
5379,iphone,62624
5380,phone,74873
5381,pc,67467
5382,pc,18690
5383,pc,97410
5384,chair,37001
5385,book,29651
5386,laptop,86424
5387,laptop,60574
5388,iphone,67751
5389,book,
5390,laptop,17263
5391,laptop,86665
5392,pc,4485
5393,iphone,50466
5394,iphone,25938
5395,pc,83182
5396,chair,31172
5397,pc,1535
5398,book,45075
5399,pc,75654
5400,phone,28159
5401,phone,71549
5402,phone,36609
5403,iphone,44217
5404,laptop,
5405,pc,63878
5406,car,86933
5407,chair,44875
5408,car,8272
5409,car,84186
5410,chair,
5411,pc,59956
5412,car,72150
5413,iphone,45563
5414,laptop,72521
5415,chair,
5416,book,66965
5417,pc,89204
5418,pc,26041
5419,iphone,68888
5420,book,73778
5421,car,6159
5422,car,70707
5423,pc,69582
5424,pc,13125
5425,iphone,83140
5426,car,98448
5427,iphone,79910
5428,phone,36493
5429,chair,
5430,phone,68386
5431,phone,61342
5432,laptop,39320
5433,chair,92843
5434,book,27361
5435,iphone,8757
5436,chair,18389
5437,pc,21004
5438,car,
5439,pc,20898
5440,iphone,77518
5441,pc,45928
5442,chair,36204
5443,pc,16183
5444,iphone,88121
5445,pc,18665
5446,iphone,42922
5447,chair,68238
5448,laptop,82384
5449,book,86562
5450,phone,16366
5451,book,59554
5452,pc,98861
5453,iphone,35665
5454,chair,33482
5455,chair,55824
5456,book,93029
5457,iphone,63871
5458,car,68529
5459,chair,95913
5460,book,
5461,car,87151
5462,phone,56685
5463,phone,13787
5464,car,94902
5465,iphone,32986
5466,iphone,55003
5467,iphone,46748
5468,chair,93466
5469,car,76779
5470,phone,56854
5471,iphone,92868
5472,phone,74136
5473,phone,87498
5474,phone,14129
5475,book,84237
5476,chair,15397
5477,car,76037
5478,iphone,79142
5479,phone,94147
5480,iphone,84815
5481,car,60390
5482,book,4885
5483,phone,82328
5484,iphone,87696
5485,chair,23689
5486,chair,43117
5487,chair,54020
5488,car,59850
5489,car,47000
5490,car,46186
5491,pc,6265
5492,laptop,83205
5493,laptop,21049
5494,pc,71732
5495,iphone,52601
5496,car,22551
5497,car,11648
5498,laptop,70547
5499,iphone,29828
5500,laptop,13277
5501,iphone,53223
5502,laptop,83817
5503,pc,26496
5504,laptop,63627
5505,laptop,57379
5506,laptop,22091
5507,laptop,24876
5508,book,66338
5509,iphone,38824
5510,car,23318
5511,phone,9952
5512,pc,93279
5513,book,86925
5514,phone,19105
5515,iphone,46373
5516,phone,50494
5517,chair,96506
5518,car,38523
5519,book,10775
5520,laptop,
5521,phone,32231
5522,book,35885
5523,chair,91105
5524,pc,29600
5525,phone,28307
5526,pc,31939
5527,chair,63343
5528,car,72918
5529,book,
5530,pc,67970
5531,book,75426
5532,phone,92634
5533,car,
5534,car,56533
5535,laptop,30763
5536,laptop,10097
5537,iphone,92069
5538,pc,75885
5539,pc,66512
5540,iphone,41089
5541,chair,79179
5542,pc,94052
5543,iphone,72623
5544,car,
5545,phone,6973
5546,phone,65160
5547,book,22458
5548,chair,73268
5549,iphone,45561
5550,phone,19382
5551,chair,8573
5552,iphone,33031
5553,iphone,78346
5554,phone,17479
5555,phone,59259
5556,laptop,88430
5557,laptop,74692
5558,car,53364
5559,pc,89302
5560,book,888
5561,book,98889
5562,laptop,9307
5563,book,54225
5564,iphone,25509
5565,pc,
5566,car,23506
5567,car,85119
5568,phone,43488
5569,chair,52894
5570,book,89830
5571,phone,49976
5572,iphone,44996
5573,pc,46551
5574,pc,33031
5575,phone,34144
5576,phone,46032
5577,iphone,44527
5578,phone,68664
5579,laptop,79450
5580,chair,
5581,chair,12516
5582,pc,69352
5583,chair,50430
5584,laptop,74459
5585,book,9094
5586,pc,81378
5587,phone,28622
5588,laptop,89545
5589,pc,75233
5590,pc,92585
5591,car,23264
5592,book,58340
5593,chair,70462
5594,car,40850
5595,laptop,89526
5596,pc,21939
5597,chair,79102
5598,pc,
5599,laptop,86309
5600,book,58711
5601,chair,8580
5602,laptop,18531
5603,pc,
5604,phone,52990
5605,chair,62970
5606,car,86462
5607,iphone,77481
5608,chair,11921
5609,iphone,69119
5610,book,69720
5611,book,71615
5612,iphone,41984
5613,pc,25957
5614,laptop,55878
5615,phone,10798
5616,phone,13673
5617,laptop,79909
5618,phone,37643
5619,car,7224
5620,book,24651
5621,chair,77000
5622,iphone,71144
5623,pc,96895
5624,chair,6187
5625,laptop,46106
5626,book,89674
5627,car,66633
5628,book,66682
5629,laptop,5861
5630,pc,24340
5631,pc,9563
5632,iphone,27097
5633,book,2043
5634,chair,27004
5635,iphone,38068
5636,chair,86454
5637,car,43352
5638,pc,
5639,car,52685
5640,chair,78479
5641,pc,33840
5642,phone,93083
5643,car,40598
5644,pc,85634
5645,iphone,53635
5646,iphone,54216
5647,phone,24837
5648,car,33216
5649,book,90770
5650,phone,58868
5651,pc,29225
5652,chair,15109
5653,pc,64033
5654,chair,42910
5655,pc,33619
5656,iphone,91097
5657,phone,37544
5658,laptop,34275
5659,chair,51761
5660,car,26493
5661,chair,65269
5662,pc,4678
5663,phone,14602
5664,pc,50864
5665,pc,90913
5666,car,57140
5667,book,96776
5668,pc,5380
5669,iphone,24768
5670,car,41670
5671,chair,20016
5672,laptop,32873
5673,pc,26299
5674,iphone,49811
5675,pc,66269
5676,chair,82210
5677,pc,94526
5678,phone,57741
5679,chair,78860
5680,book,21115
5681,pc,41622
5682,chair,8536
5683,phone,2288
5684,book,94906
5685,laptop,18807
5686,chair,773
5687,phone,7656
5688,car,74311
5689,chair,99899
5690,iphone,71510
5691,chair,62446
5692,book,37023
5693,iphone,58939
5694,iphone,64298
5695,book,83453
5696,phone,20072
5697,phone,47203
5698,pc,83505
5699,iphone,50915
5700,laptop,48244
5701,iphone,39302
5702,pc,53788
5703,iphone,29751
5704,phone,82116
5705,laptop,53188
5706,phone,60369
5707,iphone,50913
5708,phone,42730
5709,iphone,94805
5710,book,28437
5711,iphone,25506
5712,car,81117
5713,laptop,71854
5714,car,53504
5715,laptop,27985
5716,phone,14240
5717,book,39363
5718,car,
5719,car,6669
5720,pc,72311
5721,pc,67829
5722,phone,58062
5723,chair,50589
5724,book,35824
5725,iphone,20428
5726,iphone,25927
5727,pc,61417
5728,pc,17112
5729,car,41446
5730,book,80258
5731,book,4627
5732,iphone,8566
5733,chair,6914
5734,laptop,41064
5735,laptop,19739
5736,pc,8653
5737,laptop,41353
5738,book,58538
5739,phone,22966
5740,laptop,73647
5741,pc,19925
5742,pc,69770
5743,book,73618
5744,book,91732
5745,laptop,32688
5746,chair,19221
5747,phone,5161
5748,pc,61972
5749,phone,2615
5750,book,47498
5751,phone,23833
5752,phone,64456
5753,iphone,44535
5754,chair,9029
5755,pc,39335
5756,iphone,19593
5757,chair,
5758,car,
5759,pc,
5760,laptop,10888
5761,laptop,64847
5762,chair,77374
5763,phone,
5764,laptop,25168
5765,book,68214
5766,chair,21873
5767,chair,91817
5768,laptop,56747
5769,laptop,98303
5770,car,86430
5771,chair,4112
5772,pc,81811
5773,chair,2518
5774,laptop,61619
5775,phone,91132
5776,iphone,49170
5777,laptop,67185
5778,car,
5779,phone,44843
5780,pc,94256
5781,laptop,64071
5782,laptop,58965
5783,iphone,87323
5784,laptop,14879
5785,chair,99885
5786,chair,23213
5787,laptop,74961
5788,car,11453
5789,car,94779
5790,chair,44713
5791,car,9225
5792,pc,60393
5793,iphone,87154
5794,chair,7361
5795,iphone,97788
5796,chair,94143
5797,chair,89863
5798,pc,93975
5799,chair,81979
5800,book,25860
5801,iphone,
5802,book,61500
5803,laptop,77569
5804,car,58001
5805,pc,10427
5806,pc,
5807,laptop,71040
5808,book,
5809,iphone,99833
5810,chair,42127
5811,car,
5812,pc,77635
5813,laptop,66408
5814,iphone,55905
5815,laptop,96396
5816,pc,85831
5817,iphone,98867
5818,pc,8229
5819,phone,96064
5820,chair,56373
5821,chair,93861
5822,phone,97552
5823,iphone,77088
5824,car,47379
5825,iphone,88892
5826,chair,95308
5827,car,46938
5828,iphone,48554
5829,phone,64105
5830,laptop,97644
5831,pc,22354
5832,chair,53704
5833,phone,42515
5834,car,52853
5835,phone,60868
5836,phone,96712
5837,car,3208
5838,car,41513
5839,phone,
5840,iphone,47934
5841,chair,86739
5842,pc,24105
5843,pc,51287
5844,phone,44212
5845,pc,51410
5846,pc,72001
5847,laptop,63771
5848,book,56735
5849,phone,20948
5850,phone,
5851,chair,13895
5852,chair,
5853,iphone,37921
5854,pc,64779
5855,car,64291
5856,chair,
5857,iphone,82635
5858,laptop,56229
5859,book,16964
5860,book,94995
5861,laptop,16794
5862,laptop,62065
5863,chair,48497
5864,phone,42755
5865,iphone,40964
5866,iphone,62414
5867,car,44663
5868,book,91531
5869,pc,42183
5870,car,30005
5871,iphone,31066
5872,car,64040
5873,book,2542
5874,laptop,12528
5875,phone,81737
5876,laptop,64348
5877,phone,95397
5878,laptop,51062
5879,car,36203
5880,iphone,7736
5881,phone,82977
5882,chair,81350
5883,phone,35750
5884,laptop,41178
5885,book,26222
5886,car,24667
5887,book,38747
5888,iphone,25551
5889,book,37022
5890,pc,55442
5891,iphone,1430
5892,laptop,18882
5893,laptop,85411
5894,iphone,10316
5895,laptop,19348
5896,phone,72779
5897,pc,99413
5898,laptop,35855
5899,phone,92575
5900,book,21351
5901,book,2222
5902,chair,42799
5903,book,18579
5904,laptop,49155
5905,book,56919
5906,iphone,23330
5907,laptop,99684
5908,chair,42469
5909,book,5161
5910,book,94014
5911,iphone,8372
5912,chair,13402
5913,book,93566
5914,pc,47227
5915,laptop,54085
5916,laptop,64547
5917,phone,68770
5918,phone,51903
5919,iphone,11727
5920,car,20848
5921,chair,34177
5922,pc,84509
5923,iphone,6879
5924,iphone,29559
5925,phone,28704
5926,car,20005
5927,car,41872
5928,laptop,83142
5929,iphone,66879
5930,car,3081
5931,iphone,54386
5932,book,26230
5933,book,30081
5934,book,45794
5935,iphone,48249
5936,book,21519
5937,phone,70284
5938,chair,97550
5939,book,72910
5940,laptop,20953
5941,car,79641
5942,laptop,42868
5943,laptop,85257
5944,laptop,58398
5945,book,
5946,iphone,53174
5947,pc,5460
5948,phone,97362
5949,car,99583
5950,book,39139
5951,car,28094
5952,book,47308
5953,phone,82066
5954,pc,33073
5955,pc,40619
5956,chair,23713
5957,car,65482
5958,iphone,42907
5959,phone,
5960,book,64445
5961,phone,37400
5962,car,
5963,car,10180
5964,book,35
5965,car,6557
5966,car,35944
5967,chair,49993
5968,iphone,20904
5969,chair,28220
5970,iphone,55465
5971,iphone,9974
5972,laptop,2935
5973,laptop,15738
5974,laptop,59890
5975,car,15771
5976,iphone,89368
5977,car,62456
5978,pc,11284
5979,iphone,75992
5980,iphone,35398
5981,chair,62878
5982,chair,20092
5983,pc,88869
5984,phone,65198
5985,phone,54057
5986,pc,
5987,book,86063
5988,chair,
5989,laptop,94223
5990,phone,35033
5991,chair,24650
5992,pc,255
5993,iphone,73821
5994,car,73261
5995,iphone,30345
5996,iphone,6198
5997,laptop,78387
5998,laptop,61928
5999,book,86324
6000,laptop,70879
6001,pc,83796
6002,laptop,76049
6003,phone,45539
6004,car,88166
6005,car,88566
6006,book,56585
6007,chair,18040
6008,laptop,84602
6009,phone,70675
6010,car,5604
6011,laptop,81928
6012,pc,70806
6013,iphone,20896
6014,car,18287
6015,car,90861
6016,phone,54916
6017,chair,
6018,book,13607
6019,book,72148
6020,iphone,96955
6021,pc,43895
6022,phone,95925
6023,car,71886
6024,phone,51485
6025,pc,98281
6026,phone,13949
6027,pc,59461
6028,pc,98739
6029,pc,66127
6030,car,18920
6031,chair,40180
6032,pc,39696
6033,car,83656
6034,chair,
6035,pc,4076
6036,laptop,24341
6037,car,9350
6038,chair,15591
6039,phone,86715
6040,phone,78323
6041,laptop,49140
6042,pc,81167
6043,book,83259
6044,book,89013
6045,phone,
6046,phone,4068
6047,laptop,50299
6048,car,12845
6049,phone,81295
6050,laptop,89764
6051,phone,
6052,phone,63890
6053,car,62242
6054,laptop,10874
6055,pc,93796
6056,iphone,59596
6057,phone,31637
6058,book,
6059,chair,72433
6060,car,59139
6061,pc,12445
6062,chair,77781
6063,car,3700
6064,book,65807
6065,pc,91374
6066,book,70210
6067,iphone,33187
6068,book,67729
6069,phone,59208
6070,laptop,5218
6071,laptop,55932
6072,chair,10069
6073,pc,32642
6074,chair,97587
6075,car,23151
6076,car,39620
6077,pc,89526
6078,book,29980
6079,iphone,91852
6080,chair,18245
6081,pc,79325
6082,book,65030
6083,laptop,56357
6084,chair,90939
6085,laptop,13936
6086,phone,36556
6087,phone,55345
6088,chair,34442
6089,iphone,52602
6090,book,18025
6091,chair,11321
6092,book,25757
6093,phone,71554
6094,laptop,62636
6095,chair,
6096,iphone,54166
6097,chair,30441
6098,pc,17460
6099,iphone,1467
6100,laptop,1594
6101,chair,34850
6102,book,39759
6103,car,31939
6104,car,27991
6105,pc,62688
6106,phone,22599
6107,phone,82186
6108,book,9295
6109,pc,66829
6110,pc,8912
6111,phone,9514
6112,book,82174
6113,car,82001
6114,laptop,34402
6115,phone,56606
6116,chair,51724
6117,chair,95223
6118,laptop,79486
6119,car,98121
6120,pc,66787
6121,phone,99015
6122,iphone,78509
6123,book,9837
6124,phone,54698
6125,chair,92336
6126,car,84069
6127,chair,51546
6128,laptop,44758
6129,laptop,79337
6130,laptop,61592
6131,book,99276
6132,car,77274
6133,iphone,89415
6134,book,75233
6135,pc,11925
6136,iphone,44880
6137,book,82754
6138,chair,35155
6139,laptop,77913
6140,book,42488
6141,pc,45680
6142,laptop,43908
6143,book,36506
6144,laptop,87776
6145,iphone,80354
6146,car,90221
6147,laptop,89912
6148,laptop,72470
6149,laptop,60645
6150,book,15363
6151,iphone,38202
6152,iphone,78398
6153,car,44220
6154,pc,65136
6155,laptop,63483
6156,iphone,74473
6157,phone,19181
6158,laptop,33100
6159,chair,
6160,car,51521
6161,chair,33398
6162,phone,72174
6163,book,66993
6164,book,34825
6165,chair,
6166,iphone,
6167,book,57301
6168,phone,18314
6169,pc,99631
6170,car,
6171,chair,36353
6172,chair,35181
6173,pc,97389
6174,iphone,5234
6175,iphone,1291
6176,chair,81836
6177,iphone,56335
6178,pc,81043
6179,book,34961
6180,book,30980
6181,pc,76561
6182,laptop,22523
6183,car,
6184,phone,80779
6185,chair,
6186,chair,80495
6187,laptop,16326
6188,chair,53267
6189,pc,79902
6190,pc,28880
6191,laptop,31296
6192,iphone,75974
6193,car,50685
6194,phone,13155
6195,car,93378
6196,phone,96883
6197,phone,98394
6198,phone,35615
6199,pc,64424
6200,phone,68673
6201,laptop,65409
6202,book,57958
6203,book,18941
6204,iphone,91610
6205,iphone,52953
6206,pc,46303
6207,phone,93707
6208,laptop,49734
6209,book,3181
6210,iphone,31991
6211,iphone,59276
6212,iphone,50969
6213,book,49934
6214,chair,94919
6215,phone,11725
6216,phone,29957
6217,laptop,34060
6218,phone,28722
6219,car,67786
6220,book,25652
6221,car,49996
6222,laptop,29960
6223,chair,20808
6224,chair,72459
6225,chair,68846
6226,laptop,38424
6227,pc,36505
6228,car,30027
6229,phone,68224
6230,chair,12094
6231,book,85802
6232,car,97136
6233,pc,61636
6234,phone,30965
6235,chair,25609
6236,book,8831
6237,car,23426
6238,book,60625
6239,book,94792
6240,pc,24485
6241,pc,42661
6242,car,35695
6243,book,65655
6244,book,51616
6245,pc,61481
6246,pc,31709
6247,car,48128
6248,book,60608
6249,pc,93088
6250,chair,21245
6251,iphone,5540
6252,chair,
6253,pc,60394
6254,book,88804
6255,car,70971
6256,iphone,68819
6257,phone,
6258,book,79366
6259,book,98217
6260,phone,68612
6261,phone,65500
6262,pc,27117
6263,chair,48169
6264,car,79219
6265,phone,39258
6266,laptop,63861
6267,pc,28255
6268,phone,98349
6269,pc,77388
6270,car,18329
6271,iphone,51951
6272,pc,29762
6273,phone,52329
6274,phone,48702
6275,pc,54499
6276,chair,19075
6277,iphone,38721
6278,laptop,60960
6279,phone,56804
6280,chair,46500
6281,car,62535
6282,chair,62843
6283,chair,25359
6284,laptop,21750
6285,chair,
6286,pc,73608
6287,laptop,66782
6288,pc,48662
6289,chair,43783
6290,car,45472
6291,book,48230
6292,chair,76758
6293,chair,99417
6294,phone,67367
6295,chair,71826
6296,iphone,66315
6297,chair,
6298,pc,49535
6299,laptop,57653
6300,iphone,35010
6301,pc,25733
6302,chair,36144
6303,phone,5768
6304,laptop,17424
6305,pc,25383
6306,phone,19876
6307,phone,33442
6308,pc,8680
6309,pc,34800
6310,iphone,8662
6311,pc,21706
6312,iphone,10481
6313,iphone,44923
6314,book,48774
6315,car,33827
6316,book,97270
6317,laptop,42799
6318,book,89385
6319,car,68163
6320,iphone,77837
6321,car,29648
6322,car,63359
6323,laptop,66694
6324,laptop,94932
6325,phone,77554
6326,laptop,33769
6327,chair,72746
6328,pc,28698
6329,pc,20087
6330,chair,66301
6331,laptop,52409
6332,phone,39201
6333,chair,81665
6334,phone,86885
6335,chair,7458
6336,phone,56645
6337,pc,4010
6338,laptop,15496
6339,laptop,64469
6340,phone,53125
6341,phone,37547
6342,pc,21613
6343,laptop,42879
6344,book,10863
6345,chair,96656
6346,chair,56169
6347,phone,91407
6348,iphone,6731
6349,chair,4284
6350,pc,48072
6351,iphone,91748
6352,laptop,11471
6353,chair,40601
6354,laptop,76397
6355,chair,
6356,book,25198
6357,car,51231
6358,car,
6359,chair,38198
6360,book,9395
6361,car,18168
6362,chair,34076
6363,pc,91742
6364,book,79493
6365,pc,4198
6366,phone,87164
6367,pc,59311
6368,laptop,
6369,laptop,92491
6370,car,30818
6371,car,
6372,laptop,27596
6373,pc,92174
6374,pc,7700
6375,book,19356
6376,chair,
6377,pc,9626
6378,laptop,90141
6379,laptop,94193
6380,phone,16071
6381,iphone,88033
6382,book,39655
6383,iphone,62026
6384,iphone,20516
6385,phone,8658
6386,chair,33053
6387,phone,65223
6388,phone,52099
6389,car,42412
6390,phone,42848
6391,iphone,
6392,phone,98502
6393,book,24112
6394,chair,21519
6395,laptop,63818
6396,laptop,18394
6397,pc,64927
6398,laptop,94474
6399,pc,1209
6400,iphone,44952
6401,car,44194
6402,chair,65677
6403,pc,43583
6404,iphone,96540
6405,iphone,69582
6406,phone,77396
6407,book,25776
6408,phone,95849
6409,car,94254
6410,book,70620
6411,car,37288
6412,laptop,77243
6413,iphone,
6414,chair,54689
6415,phone,79791
6416,book,41311
6417,car,58886
6418,laptop,85466
6419,car,30077
6420,iphone,33310
6421,phone,69565
6422,pc,58884
6423,pc,56362
6424,chair,
6425,car,70157
6426,car,54624
6427,chair,96043
6428,car,40134
6429,car,6710
6430,phone,
6431,pc,72398
6432,laptop,30780
6433,phone,43068
6434,pc,26248
6435,chair,10443
6436,laptop,62896
6437,chair,98226
6438,iphone,86174
6439,laptop,54470
6440,pc,26750
6441,iphone,12793
6442,car,40565
6443,book,83757
6444,chair,20390
6445,car,436
6446,pc,99411
6447,laptop,
6448,chair,44240
6449,chair,70070
6450,phone,63077
6451,iphone,10914
6452,laptop,46299
6453,pc,24811
6454,book,95068
6455,chair,81309
6456,car,
6457,car,8314
6458,pc,21016
6459,book,70098
6460,pc,99262
6461,iphone,44588
6462,car,99189
6463,phone,67163
6464,car,27834
6465,pc,83556
6466,phone,98007
6467,iphone,97602
6468,pc,64798
6469,book,50760
6470,laptop,26098
6471,chair,24652
6472,chair,2244
6473,iphone,85028
6474,laptop,974
6475,laptop,11170
6476,pc,77941
6477,book,15269
6478,book,64794
6479,book,
6480,iphone,15696
6481,book,83634
6482,laptop,70396
6483,car,5103
6484,car,39348
6485,iphone,
6486,pc,49752
6487,pc,54005
6488,chair,
6489,laptop,40420
6490,iphone,2979
6491,chair,
6492,laptop,12199
6493,car,68806
6494,book,13123
6495,laptop,34629
6496,car,16217
6497,pc,76313
6498,car,6432
6499,laptop,99697
6500,book,10441
6501,car,75675
6502,car,38955
6503,book,13164
6504,phone,5339
6505,laptop,55072
6506,chair,35264
6507,iphone,9010
6508,chair,77110
6509,chair,62518
6510,chair,47333
6511,phone,34640
6512,pc,73556
6513,car,43786
6514,pc,74581
6515,iphone,82685
6516,car,28628
6517,iphone,22199
6518,iphone,
6519,car,31272
6520,phone,68547
6521,laptop,95663
6522,car,64572
6523,book,56324
6524,pc,50913
6525,pc,38365
6526,laptop,77433
6527,phone,37704
6528,laptop,16337
6529,iphone,84978
6530,book,15022
6531,phone,97882
6532,laptop,75578
6533,pc,76048
6534,chair,
6535,pc,5269
6536,pc,
6537,iphone,9463
6538,iphone,28591
6539,laptop,
6540,book,27551
6541,iphone,91255
6542,chair,44742
6543,pc,19265
6544,iphone,16153
6545,car,53887
6546,phone,89170
6547,laptop,26417
6548,car,27103
6549,phone,87275
6550,car,31820
6551,phone,35900
6552,phone,400
6553,phone,8048
6554,car,7810
6555,iphone,37889
6556,pc,37645
6557,pc,23207
6558,phone,62027
6559,car,8558
6560,book,39740
6561,iphone,26335
6562,iphone,62499
6563,phone,62960
6564,pc,17496
6565,chair,84570
6566,phone,72318
6567,book,18965
6568,chair,48605
6569,book,12954
6570,laptop,67696
6571,car,52915
6572,chair,14040
6573,pc,33043
6574,car,87614
6575,book,75289
6576,car,23979
6577,iphone,69248
6578,chair,2565
6579,laptop,72597
6580,phone,191
6581,phone,14216
6582,iphone,55685
6583,laptop,35643
6584,book,52684
6585,iphone,78849
6586,book,12594
6587,phone,25725
6588,pc,44059
6589,laptop,31610
6590,book,29829
6591,phone,
6592,chair,13525
6593,book,30317
6594,phone,26864
6595,phone,96811
6596,chair,71901
6597,phone,28931
6598,iphone,48611
6599,chair,1533
6600,book,36754
6601,iphone,58961
6602,pc,31025
6603,book,32809
6604,car,97834
6605,iphone,31615
6606,chair,36317
6607,book,99264
6608,iphone,64166
6609,car,
6610,car,43351
6611,chair,76399
6612,pc,36394
6613,chair,45738
6614,laptop,72913
6615,iphone,96849
6616,chair,
6617,book,36078
6618,pc,20572
6619,pc,96002
6620,pc,27403
6621,pc,60405
6622,chair,29573
6623,book,15450
6624,iphone,26760
6625,laptop,99757
6626,laptop,56599
6627,pc,20849
6628,phone,22462
6629,laptop,22950
6630,iphone,55096
6631,chair,20648
6632,pc,54401
6633,chair,91709
6634,car,93545
6635,book,88754
6636,book,77553
6637,book,
6638,phone,77892
6639,book,28257
6640,phone,80078
6641,car,36592
6642,laptop,28068
6643,iphone,2625
6644,pc,49220
6645,car,11930
6646,car,91031
6647,pc,30112
6648,iphone,14832
6649,book,85151
6650,book,17723
6651,chair,70651
6652,pc,31520
6653,chair,79547
6654,book,31653
6655,book,44448
6656,book,34033
6657,laptop,17849
6658,car,56062
6659,phone,26909
6660,pc,28902
6661,iphone,67889
6662,pc,9363
6663,phone,71660
6664,chair,42184
6665,phone,36216
6666,car,4339
6667,car,3581
6668,car,3172
6669,car,3977
6670,chair,99294
6671,iphone,76787
6672,chair,24958
6673,phone,
6674,chair,70651
6675,iphone,82686
6676,iphone,
6677,chair,46312
6678,laptop,15093
6679,car,84621
6680,laptop,34184
6681,pc,19391
6682,book,70780
6683,phone,68448
6684,car,23032
6685,car,65721
6686,book,41171
6687,phone,66472
6688,phone,5786
6689,book,86774
6690,laptop,49531
6691,laptop,11624
6692,laptop,36055
6693,book,49508
6694,book,54129
6695,pc,67067
6696,pc,
6697,laptop,47999
6698,laptop,75605
6699,phone,72422
6700,iphone,61573
6701,chair,31508
6702,phone,80505
6703,book,46540
6704,car,
6705,car,83393
6706,car,24217
6707,pc,35102
6708,car,16044
6709,car,69281
6710,chair,69375
6711,iphone,81995
6712,iphone,84381
6713,pc,62081
6714,phone,32638
6715,book,94133
6716,car,84900
6717,chair,31749
6718,pc,18546
6719,iphone,88854
6720,laptop,68383
6721,book,87422
6722,iphone,39005
6723,pc,55023
6724,car,48268
6725,iphone,69248
6726,phone,40577
6727,car,60550
6728,car,51142
6729,laptop,82789
6730,phone,98342
6731,laptop,5546
6732,pc,30025
6733,iphone,44555
6734,book,38513
6735,pc,
6736,iphone,11089
6737,phone,53895
6738,car,38089
6739,book,69514
6740,book,2948
6741,car,14282
6742,laptop,91410
6743,book,36101
6744,laptop,17596
6745,phone,91382
6746,chair,44555
6747,chair,83765
6748,chair,
6749,laptop,28329
6750,pc,
6751,car,68971
6752,laptop,92914
6753,chair,29082
6754,car,13392
6755,chair,78624
6756,phone,94535
6757,car,6334
6758,book,
6759,pc,82689
6760,iphone,28414
6761,pc,42338
6762,pc,53300
6763,car,10071
6764,chair,80199
6765,car,99404
6766,laptop,
6767,chair,65625
6768,car,72423
6769,iphone,1098
6770,chair,27355
6771,car,3853
6772,book,54397
6773,chair,78275
6774,book,32032
6775,iphone,61901
6776,iphone,34588
6777,iphone,78128
6778,chair,
6779,phone,81403
6780,iphone,48222
6781,book,17553
6782,chair,79127
6783,chair,68938
6784,iphone,37596
6785,chair,29601
6786,pc,62566
6787,laptop,76881
6788,pc,53382
6789,pc,94759
6790,pc,79504
6791,book,9633
6792,pc,43934
6793,laptop,12088
6794,laptop,91149
6795,iphone,38528
6796,pc,53378
6797,iphone,48081
6798,iphone,44235
6799,pc,51838
6800,phone,97485
6801,chair,12580
6802,chair,55904
6803,car,5525
6804,pc,7259
6805,book,47359
6806,phone,79616
6807,chair,99973
6808,chair,89772
6809,phone,97669
6810,pc,23004
6811,car,44634
6812,laptop,56333
6813,book,57178
6814,book,82100
6815,car,73580
6816,iphone,81419
6817,pc,
6818,car,98259
6819,chair,39846
6820,book,69181
6821,phone,44906
6822,laptop,87439
6823,book,69285
6824,pc,27782
6825,pc,80544
6826,iphone,13431
6827,iphone,90584
6828,iphone,6224
6829,book,73985
6830,book,37925
6831,laptop,2067
6832,iphone,
6833,laptop,21705
6834,phone,92558
6835,book,82046
6836,phone,75066
6837,car,86084
6838,laptop,84115
6839,book,97782
6840,iphone,99756
6841,car,68447
6842,laptop,47996
6843,book,74548
6844,pc,74100
6845,chair,65593
6846,laptop,25487
6847,pc,14202
6848,pc,29232
6849,laptop,56344
6850,phone,7179
6851,phone,3009
6852,book,52165
6853,iphone,54749
6854,chair,22795
6855,iphone,73617
6856,iphone,79525
6857,pc,86840
6858,book,85221
6859,pc,68184
6860,pc,73551
6861,car,37316
6862,car,45178
6863,phone,15440
6864,pc,74221
6865,book,3924
6866,book,19299
6867,phone,47018
6868,book,56904
6869,iphone,72170
6870,phone,45182
6871,phone,28394
6872,chair,55830
6873,chair,89872
6874,pc,69272
6875,laptop,98359
6876,chair,25171
6877,car,70971
6878,pc,40729
6879,car,82056
6880,chair,21527
6881,phone,128
6882,chair,67357
6883,phone,51024
6884,chair,
6885,chair,50749
6886,book,10644
6887,iphone,80201
6888,laptop,3340
6889,chair,49177
6890,book,84972
6891,laptop,82557
6892,book,96695
6893,laptop,53449
6894,car,82514
6895,book,76344
6896,phone,82179
6897,pc,48281
6898,pc,35405
6899,chair,57756
6900,phone,51214
6901,pc,58854
6902,pc,53955
6903,iphone,17982
6904,laptop,12067
6905,iphone,95025
6906,iphone,50393
6907,chair,
6908,book,78878
6909,chair,34543
6910,chair,68679
6911,iphone,8802
6912,pc,59489
6913,pc,17388
6914,laptop,22445
6915,pc,52600
6916,chair,10374
6917,phone,21531
6918,iphone,79026
6919,pc,14761
6920,pc,31191
6921,car,87770
6922,laptop,64978
6923,book,45215
6924,phone,28606
6925,phone,87539
6926,book,34681
6927,book,22111
6928,car,6263
6929,pc,38537
6930,book,12388
6931,phone,6933
6932,pc,89397
6933,laptop,52213
6934,phone,18582
6935,phone,65491
6936,iphone,24464
6937,chair,21165
6938,iphone,64431
6939,car,23906
6940,chair,34222
6941,book,55032
6942,pc,44582
6943,iphone,95843
6944,iphone,30653
6945,car,30360
6946,car,31854
6947,chair,23228
6948,book,41738
6949,phone,30003
6950,book,96834
6951,chair,92119
6952,book,83447
6953,phone,15596
6954,phone,8007
6955,phone,65072
6956,pc,67931
6957,car,2026
6958,laptop,49298
6959,book,86364
6960,car,29348
6961,iphone,88327
6962,pc,51558
6963,iphone,47977
6964,chair,70657
6965,phone,90013
6966,laptop,19705
6967,iphone,85367
6968,car,9535
6969,book,74431
6970,phone,
6971,car,5168
6972,book,89373
6973,laptop,81715
6974,book,71660
6975,car,20753
6976,pc,4952
6977,car,4444
6978,book,30120
6979,iphone,56773
6980,iphone,90624
6981,laptop,38255
6982,iphone,79376
6983,laptop,79918
6984,book,8653
6985,iphone,45453
6986,phone,66523
6987,phone,
6988,car,91131
6989,iphone,46784
6990,pc,71299
6991,phone,62600
6992,pc,86078
6993,pc,80685
6994,phone,10222
6995,book,82289
6996,iphone,
6997,phone,64549
6998,phone,81741
6999,book,66296
7000,phone,20173
7001,car,41958
7002,book,64737
7003,iphone,84319
7004,book,68732
7005,chair,24410
7006,iphone,31127
7007,laptop,35301
7008,chair,47232
7009,car,
7010,phone,43499
7011,iphone,5022
7012,chair,22009
7013,laptop,23056
7014,car,49090
7015,laptop,68627
7016,phone,51651
7017,pc,80135
7018,laptop,32325
7019,iphone,
7020,iphone,75504
7021,car,51299
7022,car,25502
7023,book,
7024,book,44588
7025,phone,10434
7026,iphone,42975
7027,pc,44287
7028,iphone,
7029,phone,45003
7030,phone,75424
7031,pc,77217
7032,pc,29133
7033,laptop,89972
7034,laptop,66123
7035,chair,51277
7036,laptop,84649
7037,phone,50630
7038,car,2048
7039,book,63932
7040,car,34302
7041,pc,40189
7042,iphone,88529
7043,book,9766
7044,car,63074
7045,book,6145
7046,pc,92364
7047,laptop,35275
7048,car,47739
7049,pc,11561
7050,laptop,14093
7051,laptop,26515
7052,chair,22742
7053,laptop,28110
7054,car,95399
7055,car,
7056,chair,55869
7057,phone,6002
7058,chair,
7059,laptop,
7060,pc,84320
7061,car,11421
7062,chair,23242
7063,phone,69364
7064,chair,68645
7065,phone,79307
7066,iphone,99321
7067,phone,47315
7068,pc,67404
7069,book,45654
7070,phone,17937
7071,laptop,56118
7072,phone,42526
7073,car,66380
7074,phone,58953
7075,book,39144
7076,car,64580
7077,iphone,44208
7078,iphone,36649
7079,book,96061
7080,book,47672
7081,car,93411
7082,car,23301
7083,book,80528
7084,chair,
7085,car,43554
7086,chair,820
7087,chair,40218
7088,laptop,76851
7089,iphone,9535
7090,pc,15169
7091,car,41599
7092,chair,42464
7093,laptop,68391
7094,pc,55795
7095,book,89390
7096,chair,37272
7097,car,80859
7098,phone,81259
7099,iphone,65481
7100,car,29109
7101,phone,83535
7102,car,38360
7103,iphone,97897
7104,chair,67543
7105,iphone,48343
7106,laptop,9121
7107,book,22658
7108,iphone,13875
7109,iphone,8246
7110,pc,18771
7111,car,82170
7112,laptop,7731
7113,phone,11776
7114,book,34392
7115,phone,94050
7116,book,3175
7117,book,61821
7118,phone,11415
7119,iphone,23680
7120,laptop,42054
7121,laptop,47603
7122,book,63417
7123,pc,74870
7124,chair,81082
7125,chair,87789
7126,iphone,86203
7127,book,13402
7128,phone,23809
7129,iphone,15850
7130,iphone,8299
7131,phone,25994
7132,phone,95460
7133,pc,85904
7134,book,
7135,car,42706
7136,pc,75582
7137,book,28062
7138,iphone,22438
7139,chair,42854
7140,iphone,9877
7141,iphone,72500
7142,book,21831
7143,laptop,92074
7144,pc,70800
7145,pc,40378
7146,laptop,64107
7147,iphone,96615
7148,iphone,28687
7149,pc,37990
7150,pc,74847
7151,laptop,33278
7152,book,65289
7153,book,15267
7154,pc,79116
7155,car,76318
7156,phone,74847
7157,pc,21245
7158,chair,87388
7159,book,69074
7160,phone,28080
7161,phone,42844
7162,pc,73179
7163,book,19561
7164,chair,98664
7165,chair,47750
7166,phone,95172
7167,car,24699
7168,pc,5828
7169,laptop,64087
7170,book,89917
7171,phone,66311
7172,car,45785
7173,iphone,96990
7174,iphone,48784
7175,iphone,24203
7176,pc,51687
7177,chair,98383
7178,car,
7179,car,2272
7180,laptop,
7181,pc,84594
7182,chair,75215
7183,laptop,8704
7184,laptop,21365
7185,pc,74778
7186,car,19557
7187,iphone,95651
7188,book,87032
7189,chair,26062
7190,phone,96327
7191,book,80226
7192,car,643
7193,book,61616
7194,chair,77789
7195,phone,15095
7196,pc,83006
7197,pc,15146
7198,pc,90018
7199,iphone,
7200,phone,86531
7201,pc,79408
7202,car,11696
7203,chair,52782
7204,chair,23685
7205,chair,94590
7206,chair,94764
7207,laptop,69357
7208,car,32594
7209,pc,97881
7210,iphone,38484
7211,book,49844
7212,laptop,1757
7213,iphone,85278
7214,iphone,68287
7215,chair,36968
7216,pc,37283
7217,chair,89527
7218,phone,18430
7219,laptop,75553
7220,iphone,17646
7221,pc,49227
7222,pc,77516
7223,pc,48067
7224,laptop,8653
7225,car,85872
7226,chair,28130
7227,iphone,78145
7228,laptop,91037
7229,book,2239
7230,car,59471
7231,chair,25002
7232,phone,72049
7233,laptop,50773
7234,laptop,17083
7235,pc,33994
7236,chair,20469
7237,chair,63157
7238,chair,47424
7239,book,30252
7240,book,7904
7241,pc,8063
7242,phone,11190
7243,phone,77438
7244,chair,17037
7245,pc,69605
7246,iphone,14029
7247,laptop,20787
7248,car,82802
7249,iphone,91907
7250,iphone,4244
7251,pc,2209
7252,book,53154
7253,phone,83864
7254,phone,40404
7255,book,58040
7256,book,45617
7257,laptop,22607
7258,pc,13949
7259,pc,32912
7260,phone,14491
7261,chair,15533
7262,car,16074
7263,chair,96558
7264,car,30127
7265,chair,36198
7266,car,64092
7267,pc,5586
7268,book,12770
7269,car,48004
7270,phone,77692
7271,chair,14179
7272,laptop,60746
7273,chair,5564
7274,phone,32309
7275,chair,30040
7276,laptop,6265
7277,car,47332
7278,book,
7279,phone,52509
7280,pc,25762
7281,chair,57028
7282,pc,69222
7283,iphone,55824
7284,iphone,33260
7285,phone,15793
7286,book,26078
7287,iphone,26262
7288,book,57603
7289,laptop,51593
7290,phone,10345
7291,laptop,68762
7292,pc,91681
7293,car,4205
7294,chair,
7295,phone,13129
7296,laptop,
7297,iphone,98971
7298,chair,6629
7299,phone,87364
7300,phone,33071
7301,chair,85865
7302,laptop,71287
7303,car,8905
7304,car,99259
7305,iphone,82716
7306,iphone,396
7307,laptop,92763
7308,chair,22560
7309,chair,79803
7310,book,77286
7311,laptop,78372
7312,car,51773
7313,car,64595
7314,iphone,8535
7315,pc,57542
7316,iphone,54339
7317,phone,98291
7318,laptop,50070
7319,chair,63564
7320,laptop,
7321,phone,34887
7322,pc,22832
7323,car,23988
7324,pc,67552
7325,iphone,37893
7326,book,14934
7327,book,1921
7328,chair,34617
7329,pc,86549
7330,pc,61245
7331,chair,70851
7332,car,11668
7333,phone,20756
7334,iphone,3595
7335,iphone,82283
7336,laptop,71532
7337,car,48414
7338,iphone,80636
7339,book,66120
7340,car,19215
7341,chair,58255
7342,chair,70451
7343,book,37980
7344,iphone,9254
7345,book,34083
7346,laptop,21065
7347,car,46668
7348,book,30557
7349,book,
7350,book,1511
7351,book,3367
7352,laptop,54891
7353,phone,87370
7354,chair,23570
7355,car,73849
7356,chair,52852
7357,chair,87553
7358,chair,66964
7359,phone,77388
7360,laptop,78630
7361,iphone,66150
7362,pc,98586
7363,phone,87854
7364,car,83281
7365,chair,77180
7366,laptop,15455
7367,laptop,11591
7368,car,14744
7369,laptop,64796
7370,book,23203
7371,phone,90561
7372,book,43687
7373,iphone,14025
7374,car,76157
7375,car,86328
7376,iphone,23819
7377,laptop,79265
7378,phone,37098
7379,car,50296
7380,book,34711
7381,book,34818
7382,phone,19882
7383,chair,20047
7384,book,50585
7385,pc,46605
7386,book,82616
7387,phone,71658
7388,pc,75218
7389,car,34854
7390,book,91316
7391,book,5385
7392,phone,33886
7393,phone,98683
7394,book,75464
7395,chair,81689
7396,car,39308
7397,chair,14804
7398,book,94997
7399,pc,99023
7400,book,21396
7401,car,93681
7402,phone,27963
7403,phone,55
7404,laptop,32587
7405,chair,42102
7406,book,52508
7407,laptop,91793
7408,chair,47227
7409,laptop,64958
7410,pc,80777
7411,chair,85234
7412,chair,91359
7413,laptop,74346
7414,phone,8281
7415,phone,63470
7416,iphone,67605
7417,pc,77928
7418,book,71646
7419,iphone,70915
7420,iphone,52521
7421,phone,19065
7422,chair,58045
7423,laptop,13708
7424,car,42788
7425,book,51710
7426,iphone,34737
7427,book,86922
7428,book,32633
7429,iphone,
7430,phone,72030
7431,phone,66417
7432,phone,90267
7433,car,44601
7434,book,41098
7435,car,14502
7436,chair,94683
7437,book,7679
7438,car,62620
7439,laptop,50002
7440,iphone,14862
7441,chair,55375
7442,iphone,29762
7443,car,98658
7444,car,51758
7445,pc,32578
7446,phone,
7447,iphone,67458
7448,book,48809
7449,book,63636
7450,chair,77872
7451,iphone,39470
7452,car,69514
7453,book,6154
7454,laptop,49157
7455,iphone,97066
7456,car,57004
7457,phone,6553
7458,laptop,34358
7459,pc,40729
7460,laptop,47734
7461,phone,44553
7462,book,74869
7463,phone,40438
7464,car,28931
7465,pc,79771
7466,chair,31787
7467,car,33828
7468,car,49972
7469,car,83038
7470,pc,44106
7471,iphone,14208
7472,phone,79121
7473,book,7038
7474,chair,88508
7475,phone,24476
7476,chair,38549
7477,pc,
7478,car,62700
7479,iphone,40713
7480,phone,41419
7481,book,3637
7482,chair,36822
7483,iphone,
7484,chair,65976
7485,car,
7486,book,83809
7487,phone,
7488,chair,70366
7489,chair,77176
7490,book,
7491,phone,73246
7492,pc,10372
7493,pc,46971
7494,phone,1785
7495,car,17682
7496,iphone,34487
7497,car,55704
7498,chair,14536
7499,pc,69305
7500,laptop,99578
7501,phone,56371
7502,laptop,95616
7503,phone,69768
7504,chair,45921
7505,car,48299
7506,laptop,22915
7507,laptop,88047
7508,book,30482
7509,book,33189
7510,laptop,35173
7511,chair,56260
7512,laptop,48159
7513,laptop,44373
7514,iphone,25796
7515,car,14601
7516,pc,20206
7517,iphone,
7518,laptop,80580
7519,car,64389
7520,iphone,96133
7521,car,
7522,phone,52185
7523,car,87097
7524,laptop,88934
7525,iphone,22245
7526,chair,72756
7527,book,22245
7528,car,62224
7529,laptop,85859
7530,book,8817
7531,book,32366
7532,car,43116
7533,iphone,4351
7534,phone,30086
7535,laptop,65934
7536,car,81805
7537,pc,30083
7538,laptop,91751
7539,car,13610
7540,book,51948
7541,phone,37565
7542,book,55703
7543,laptop,
7544,laptop,87821
7545,laptop,56032
7546,chair,27559
7547,car,47399
7548,iphone,79005
7549,book,92350
7550,car,2040
7551,iphone,99044
7552,car,42008
7553,pc,16165
7554,pc,65842
7555,book,70630
7556,iphone,81539
7557,book,76850
7558,book,20316
7559,car,7985
7560,laptop,
7561,laptop,92153
7562,pc,13717
7563,laptop,89263
7564,pc,30480
7565,chair,95538
7566,book,49982
7567,iphone,35101
7568,pc,72973
7569,iphone,58920
7570,pc,31230
7571,book,19785
7572,chair,
7573,iphone,3943
7574,phone,20593
7575,book,22597
7576,book,6471
7577,iphone,27799
7578,pc,5869
7579,car,24263
7580,pc,276
7581,chair,68422
7582,phone,49729
7583,chair,3906
7584,book,78232
7585,iphone,88701
7586,phone,15951
7587,chair,38728
7588,pc,12181
7589,laptop,94962
7590,pc,37927
7591,laptop,84037
7592,chair,98974
7593,chair,36223
7594,phone,72133
7595,iphone,41269
7596,laptop,77162
7597,laptop,12800
7598,chair,96119
7599,car,
7600,phone,52989
7601,pc,36562
7602,laptop,
7603,book,9769
7604,laptop,90312
7605,chair,87614
7606,phone,12062
7607,chair,84843
7608,phone,39202
7609,car,11835
7610,iphone,29464
7611,laptop,58591
7612,book,52274
7613,book,77526
7614,laptop,61529
7615,chair,1971
7616,laptop,99642
7617,pc,71858
7618,pc,18458
7619,phone,74379
7620,book,20880
7621,phone,2021
7622,book,56813
7623,book,83267
7624,book,69355
7625,iphone,63608
7626,car,47721
7627,chair,77510
7628,phone,59445
7629,car,59568
7630,phone,77948
7631,pc,11400
7632,pc,91952
7633,car,
7634,phone,82714
7635,book,24480
7636,phone,10310
7637,book,99752
7638,book,18245
7639,chair,47344
7640,laptop,15437
7641,phone,38114
7642,iphone,98035
7643,pc,50475
7644,book,9781
7645,chair,84538
7646,book,12045
7647,book,52797
7648,pc,23203
7649,pc,62590
7650,laptop,9758
7651,phone,92685
7652,laptop,48030
7653,laptop,13793
7654,car,89262
7655,laptop,5946
7656,laptop,66295
7657,pc,75756
7658,pc,48125
7659,phone,93101
7660,book,96248
7661,chair,52336
7662,pc,44849
7663,phone,6925
7664,phone,17827
7665,laptop,61604
7666,pc,73399
7667,book,94518
7668,car,7656
7669,chair,85452
7670,car,21091
7671,iphone,59326
7672,pc,55008
7673,chair,71073
7674,car,818
7675,phone,46062
7676,book,98704
7677,chair,75282
7678,laptop,
7679,book,60794
7680,car,86106
7681,chair,56020
7682,chair,5717
7683,iphone,57748
7684,chair,17847
7685,pc,60604
7686,chair,77810
7687,laptop,603
7688,phone,91837
7689,car,
7690,chair,75235
7691,car,93241
7692,laptop,29753
7693,car,74381
7694,book,77738
7695,book,54018
7696,laptop,33697
7697,laptop,
7698,car,96036
7699,chair,
7700,car,18514
7701,phone,40744
7702,car,27946
7703,car,9269
7704,chair,5951
7705,pc,73594
7706,iphone,29069
7707,iphone,61377
7708,laptop,95469
7709,laptop,68684
7710,car,31713
7711,laptop,19842
7712,phone,53166
7713,car,71522
7714,phone,56264
7715,phone,71821
7716,pc,
7717,laptop,71033
7718,book,39798
7719,pc,29864
7720,phone,82656
7721,car,18074
7722,book,43777
7723,chair,58239
7724,laptop,51573
7725,laptop,43982
7726,laptop,52044
7727,pc,23956
7728,iphone,77865
7729,chair,43687
7730,car,5571
7731,phone,40563
7732,iphone,78654
7733,chair,13071
7734,chair,
7735,phone,50842
7736,chair,90004
7737,chair,38657
7738,iphone,89388
7739,phone,92103
7740,pc,3118
7741,phone,48621
7742,pc,35133
7743,iphone,89468
7744,pc,
7745,chair,23886
7746,phone,74172
7747,laptop,7801
7748,chair,54746
7749,car,6655
7750,chair,44205
7751,pc,23998
7752,laptop,
7753,iphone,77096
7754,laptop,80954
7755,laptop,37030
7756,chair,
7757,phone,58057
7758,iphone,16926
7759,phone,6490
7760,laptop,77317
7761,iphone,3676
7762,pc,8619
7763,chair,51468
7764,laptop,
7765,book,39854
7766,car,26642
7767,iphone,15534
7768,chair,16522
7769,chair,56152
7770,chair,91583
7771,car,9438
7772,book,80403
7773,chair,
7774,iphone,80658
7775,book,71492
7776,laptop,98309
7777,pc,89918
7778,book,5990
7779,laptop,4359
7780,chair,63818
7781,book,1710
7782,iphone,74867
7783,phone,71761
7784,chair,50706
7785,iphone,34441
7786,chair,31671
7787,phone,91014
7788,iphone,28548
7789,iphone,37876
7790,laptop,49147
7791,car,364
7792,phone,49411
7793,car,20601
7794,laptop,28569
7795,pc,1448
7796,chair,49739
7797,laptop,51270
7798,pc,60211
7799,book,76298
7800,chair,86703
7801,book,19588
7802,pc,40332
7803,laptop,9141
7804,chair,4187
7805,book,55280
7806,car,46683
7807,pc,70911
7808,book,66903
7809,laptop,19853
7810,chair,51456
7811,phone,17836
7812,book,36908
7813,iphone,59839
7814,laptop,73737
7815,book,71176
7816,phone,74133
7817,car,22412
7818,book,55508
7819,laptop,6085
7820,pc,
7821,pc,23485
7822,car,90992
7823,pc,46363
7824,book,33532
7825,phone,
7826,chair,16525
7827,chair,15012
7828,chair,21247
7829,pc,72185
7830,chair,56550
7831,iphone,
7832,chair,79691
7833,iphone,8850
7834,laptop,68738
7835,car,75084
7836,phone,89967
7837,laptop,56850
7838,chair,65946
7839,phone,48683
7840,laptop,10689
7841,iphone,41018
7842,book,90474
7843,phone,90535
7844,chair,67733
7845,chair,98358
7846,car,30976
7847,phone,91667
7848,book,8803
7849,book,
7850,book,66652
7851,book,22593
7852,car,43476
7853,laptop,86161
7854,chair,
7855,pc,98827
7856,phone,7074
7857,pc,80614
7858,laptop,81955
7859,car,
7860,pc,20380
7861,chair,36362
7862,laptop,36537
7863,iphone,17259
7864,iphone,98012
7865,chair,47173
7866,book,25727
7867,iphone,16584
7868,iphone,1709
7869,pc,27244
7870,chair,93637
7871,iphone,17196
7872,pc,65277
7873,laptop,16671
7874,iphone,31942
7875,laptop,5430
7876,car,65973
7877,chair,6164
7878,phone,25826
7879,chair,7528
7880,laptop,77970
7881,pc,57667
7882,phone,52151
7883,book,70420
7884,pc,9311
7885,iphone,21220
7886,book,89474
7887,car,97294
7888,chair,49560
7889,car,20856
7890,book,69584
7891,pc,3823
7892,laptop,97238
7893,book,8766
7894,book,21260
7895,pc,26610
7896,chair,1833
7897,book,53197
7898,book,54746
7899,car,
7900,phone,98715
7901,chair,91806
7902,phone,11024
7903,book,51605
7904,laptop,39740
7905,book,33388
7906,laptop,57799
7907,phone,25735
7908,iphone,24715
7909,iphone,54635
7910,laptop,84832
7911,book,59456
7912,pc,22143
7913,phone,15397
7914,chair,19248
7915,laptop,53862
7916,iphone,96841
7917,laptop,72719
7918,iphone,88277
7919,pc,67461
7920,car,5149
7921,book,77872
7922,iphone,96980
7923,book,19335
7924,iphone,40781
7925,car,86247
7926,book,49842
7927,laptop,73361
7928,laptop,17560
7929,iphone,
7930,laptop,24465
7931,laptop,47798
7932,book,32181
7933,laptop,4552
7934,car,10164
7935,chair,47951
7936,car,65471
7937,phone,94210
7938,laptop,61198
7939,car,90417
7940,book,65454
7941,laptop,52609
7942,book,94444
7943,car,
7944,iphone,83326
7945,laptop,47250
7946,pc,73966
7947,phone,
7948,laptop,95437
7949,book,50109
7950,car,27344
7951,laptop,23210
7952,laptop,2900
7953,book,1038
7954,book,81045
7955,laptop,44786
7956,pc,78111
7957,pc,48655
7958,book,39595
7959,car,14790
7960,car,1775
7961,phone,36199
7962,pc,94031
7963,book,
7964,laptop,16061
7965,car,87516
7966,laptop,76483
7967,pc,20632
7968,phone,39452
7969,car,40494
7970,pc,7318
7971,phone,28837
7972,iphone,29622
7973,chair,
7974,iphone,3930
7975,book,95796
7976,chair,69576
7977,car,21890
7978,pc,10407
7979,laptop,58541
7980,chair,73004
7981,laptop,27409
7982,laptop,86237
7983,laptop,23097
7984,phone,66255
7985,car,35003
7986,car,88960
7987,phone,65171
7988,pc,21443
7989,car,88697
7990,chair,53860
7991,car,97251
7992,car,58288
7993,phone,75668
7994,phone,42456
7995,phone,61345
7996,chair,8119
7997,iphone,82483
7998,iphone,19988
7999,car,70386
8000,chair,48167
8001,laptop,86282
8002,chair,19920
8003,phone,23354
8004,iphone,40525
8005,pc,86844
8006,car,15717
8007,phone,39468
8008,pc,
8009,iphone,28523
8010,car,82253
8011,iphone,21558
8012,chair,25967
8013,phone,46014
8014,iphone,51218
8015,pc,3511
8016,book,75446
8017,iphone,63522
8018,car,16753
8019,iphone,80657
8020,laptop,86412
8021,iphone,30753
8022,pc,83877
8023,iphone,58024
8024,pc,24917
8025,book,22846
8026,chair,62086
8027,iphone,29105
8028,car,16934
8029,pc,11417
8030,book,4555
8031,phone,6416
8032,book,
8033,chair,50998
8034,book,15832
8035,car,20761
8036,car,49955
8037,chair,64407
8038,chair,13077
8039,laptop,72564
8040,pc,73174
8041,iphone,23971
8042,iphone,64617
8043,iphone,82610
8044,phone,99882
8045,laptop,33852
8046,car,26254
8047,laptop,34426
8048,pc,28402
8049,iphone,
8050,pc,
8051,iphone,83196
8052,chair,38277
8053,laptop,
8054,laptop,87864
8055,car,20222
8056,iphone,89827
8057,iphone,23414
8058,iphone,
8059,phone,23991
8060,car,44241
8061,pc,6463
8062,phone,83287
8063,car,32065
8064,chair,15039
8065,book,52011
8066,iphone,36146
8067,chair,827
8068,phone,30030
8069,car,39962
8070,car,73621
8071,laptop,86506
8072,chair,50510
8073,pc,7514
8074,book,87027
8075,phone,94384
8076,phone,50609
8077,chair,36287
8078,car,47386
8079,laptop,9531
8080,car,82078
8081,iphone,11334
8082,phone,
8083,laptop,74216
8084,car,44855
8085,laptop,2216
8086,book,11970
8087,book,77650
8088,pc,59095
8089,book,24230
8090,chair,69
8091,car,33242
8092,pc,20748
8093,iphone,81625
8094,car,12595
8095,pc,11770
8096,pc,26448
8097,book,93906
8098,phone,81304
8099,phone,74256
8100,iphone,4762
8101,book,
8102,phone,21623
8103,phone,63422
8104,pc,78897
8105,car,57389
8106,iphone,3711
8107,phone,
8108,iphone,69522
8109,book,85032
8110,book,31094
8111,car,27263
8112,iphone,91525
8113,iphone,15111
8114,book,50099
8115,laptop,4047
8116,book,75788
8117,iphone,30562
8118,chair,20780
8119,chair,46133
8120,car,45757
8121,phone,35689
8122,laptop,59781
8123,car,62906
8124,chair,156
8125,pc,73565
8126,phone,40525
8127,book,57050
8128,phone,75025
8129,phone,40568
8130,chair,26385
8131,phone,55919
8132,iphone,
8133,laptop,4328
8134,chair,46268
8135,laptop,61637
8136,pc,96877
8137,phone,
8138,book,24441
8139,phone,14406
8140,iphone,46936
8141,pc,49827
8142,pc,6494
8143,iphone,61073
8144,iphone,48235
8145,laptop,69339
8146,pc,88397
8147,pc,30771
8148,chair,80488
8149,laptop,81364
8150,car,74700
8151,car,51573
8152,laptop,54256
8153,iphone,39129
8154,laptop,38293
8155,iphone,92934
8156,laptop,40023
8157,book,74630
8158,book,98694
8159,book,92495
8160,car,75801
8161,phone,75355
8162,laptop,34576
8163,chair,88607
8164,car,73578
8165,pc,6257
8166,book,55067
8167,pc,62525
8168,iphone,75447
8169,iphone,84219
8170,car,76367
8171,car,13075
8172,pc,1045
8173,car,16919
8174,chair,15092
8175,car,5682
8176,phone,67970
8177,laptop,82614
8178,iphone,48567
8179,laptop,76756
8180,pc,16470
8181,chair,5624
8182,laptop,56732
8183,car,8400
8184,pc,29287
8185,book,3589
8186,pc,46631
8187,chair,15046
8188,pc,60485
8189,laptop,46692
8190,book,51328
8191,pc,44221
8192,iphone,61781
8193,chair,56392
8194,car,75191
8195,book,9015
8196,laptop,72423
8197,laptop,91195
8198,laptop,29004
8199,chair,71046
8200,book,26830
8201,laptop,24968
8202,car,87916
8203,iphone,32592
8204,pc,38371
8205,pc,27251
8206,iphone,39486
8207,pc,93612
8208,book,97183
8209,iphone,86249
8210,phone,70814
8211,car,72373
8212,car,85344
8213,laptop,18463
8214,book,49994
8215,car,6569
8216,pc,85697
8217,chair,63870
8218,phone,8442
8219,phone,4920
8220,laptop,41751
8221,chair,70328
8222,car,48052
8223,chair,73280
8224,book,55328
8225,phone,58779
8226,car,98814
8227,car,26350
8228,pc,20095
8229,book,1221
8230,pc,43278
8231,phone,14130
8232,pc,1305
8233,pc,25856
8234,laptop,57799
8235,chair,16102
8236,iphone,59807
8237,laptop,1403
8238,phone,18611
8239,car,79948
8240,laptop,41312
8241,pc,7427
8242,pc,48522
8243,pc,22680
8244,pc,72892
8245,car,63915
8246,pc,28414
8247,laptop,17276
8248,chair,38797
8249,phone,76221
8250,car,2147
8251,chair,21370
8252,pc,17354
8253,laptop,48929
8254,chair,94661
8255,phone,33940
8256,iphone,60629
8257,iphone,13315
8258,car,84173
8259,iphone,42089
8260,car,13876
8261,book,78737
8262,car,34564
8263,chair,83862
8264,book,57764
8265,pc,61493
8266,iphone,66294
8267,car,23577
8268,pc,5256
8269,car,
8270,car,50499
8271,phone,36929
8272,iphone,66470
8273,iphone,32427
8274,phone,24592
8275,phone,10001
8276,car,17038
8277,chair,6179
8278,chair,67307
8279,chair,45436
8280,iphone,97353
8281,book,9690
8282,phone,63534
8283,laptop,82480
8284,pc,46205
8285,chair,81189
8286,book,46525
8287,pc,96366
8288,car,13372
8289,pc,64517
8290,phone,32738
8291,pc,23827
8292,pc,37914
8293,pc,49241
8294,pc,42008
8295,iphone,77477
8296,iphone,25212
8297,pc,197
8298,iphone,25624
8299,pc,
8300,laptop,2427
8301,laptop,67969
8302,phone,76036
8303,laptop,60899
8304,chair,1353
8305,car,89537
8306,phone,89699
8307,laptop,41054
8308,pc,58745
8309,phone,92011
8310,pc,83186
8311,iphone,78346
8312,iphone,30562
8313,laptop,65274
8314,phone,22347
8315,pc,74349
8316,pc,10558
8317,phone,10972
8318,pc,17540
8319,chair,75065
8320,iphone,19779
8321,book,9350
8322,laptop,53806
8323,pc,77517
8324,laptop,87141
8325,iphone,30486
8326,phone,87605
8327,iphone,84640
8328,phone,81582
8329,iphone,23577
8330,chair,9961
8331,laptop,81723
8332,book,87663
8333,book,25497
8334,pc,29233
8335,iphone,5301
8336,chair,70049
8337,car,92323
8338,car,84196
8339,chair,19901
8340,chair,22661
8341,car,98196
8342,laptop,14765
8343,iphone,20139
8344,car,54677
8345,book,52620
8346,laptop,13629
8347,car,69578
8348,laptop,70416
8349,chair,40054
8350,car,88305
8351,chair,50890
8352,pc,65860
8353,phone,68736
8354,phone,41114
8355,book,96567
8356,phone,36932
8357,car,40736
8358,car,78091
8359,phone,28535
8360,laptop,14652
8361,book,57162
8362,car,9843
8363,pc,40060
8364,iphone,37266
8365,pc,69716
8366,pc,14780
8367,laptop,66988
8368,book,91752
8369,car,61742
8370,car,20109
8371,car,77087
8372,book,80342
8373,laptop,69054
8374,chair,67330
8375,iphone,96384
8376,book,28749
8377,phone,2744
8378,iphone,22032
8379,iphone,705
8380,laptop,98041
8381,pc,25348
8382,book,12630
8383,chair,6083
8384,laptop,35409
8385,pc,30794
8386,book,46567
8387,book,54778
8388,car,22402
8389,iphone,80145
8390,chair,52180
8391,book,21497
8392,car,57166
8393,pc,23240
8394,car,27106
8395,car,50510
8396,iphone,26718
8397,pc,53413
8398,iphone,44069
8399,iphone,82720
8400,book,98309
8401,car,23204
8402,phone,32483
8403,phone,14242
8404,chair,
8405,pc,66301
8406,car,29571
8407,iphone,12995
8408,iphone,66597
8409,iphone,
8410,laptop,60435
8411,iphone,8296
8412,book,92831
8413,car,91791
8414,chair,63213
8415,phone,85281
8416,chair,82463
8417,iphone,76284
8418,pc,70546
8419,book,85745
8420,car,9838
8421,book,79521
8422,phone,
8423,chair,65951
8424,iphone,77780
8425,phone,69892
8426,iphone,90803
8427,laptop,65205
8428,pc,2180
8429,iphone,19749
8430,iphone,48318
8431,iphone,
8432,phone,22389
8433,book,75333
8434,car,42424
8435,phone,80837
8436,book,21300
8437,laptop,78950
8438,laptop,82349
8439,iphone,58240
8440,iphone,17891
8441,book,2945
8442,phone,62282
8443,pc,54002
8444,phone,39913
8445,chair,75247
8446,book,2830
8447,book,78025
8448,phone,89091
8449,phone,46129
8450,iphone,74839
8451,laptop,9865
8452,book,79726
8453,car,39618
8454,chair,31789
8455,laptop,68024
8456,iphone,52254
8457,iphone,69889
8458,chair,
8459,laptop,69953
8460,chair,41423
8461,chair,21845
8462,iphone,51707
8463,chair,22400
8464,chair,4115
8465,pc,60120
8466,chair,37994
8467,book,8022
8468,chair,23480
8469,laptop,33117
8470,laptop,29024
8471,chair,70729
8472,book,87257
8473,car,63237
8474,laptop,70891
8475,book,77988
8476,iphone,97453
8477,chair,54525
8478,car,19579
8479,phone,1667
8480,chair,6019
8481,iphone,51167
8482,car,13346
8483,book,78176
8484,laptop,2265
8485,laptop,12725
8486,book,74099
8487,pc,70957
8488,iphone,38560
8489,phone,6787
8490,book,94504
8491,chair,69575
8492,phone,84245
8493,car,14810
8494,iphone,56063
8495,laptop,16105
8496,chair,38748
8497,laptop,33038
8498,pc,5670
8499,phone,87197
8500,laptop,
8501,book,52542
8502,car,21605
8503,laptop,49522
8504,pc,16521
8505,chair,45114
8506,book,62611
8507,pc,55767
8508,car,23697
8509,chair,43487
8510,pc,83257
8511,iphone,57616
8512,car,65392
8513,laptop,50960
8514,laptop,89749
8515,car,78287
8516,pc,42763
8517,pc,30377
8518,book,800
8519,phone,17980
8520,laptop,45573
8521,pc,91949
8522,car,78110
8523,chair,32654
8524,phone,24226
8525,chair,8911
8526,iphone,31041
8527,car,83008
8528,phone,55784
8529,car,84218
8530,book,80935
8531,laptop,93371
8532,iphone,42562
8533,pc,87633
8534,laptop,45387
8535,pc,40976
8536,chair,65844
8537,laptop,80602
8538,chair,7174
8539,laptop,69349
8540,car,47614
8541,laptop,33859
8542,phone,35290
8543,phone,47988
8544,iphone,18500
8545,laptop,69327
8546,iphone,95977
8547,laptop,60456
8548,chair,39358
8549,iphone,74852
8550,phone,37930
8551,car,26630
8552,chair,64006
8553,book,29130
8554,pc,28543
8555,phone,8997
8556,iphone,84450
8557,book,23883
8558,phone,67237
8559,phone,22948
8560,car,8954
8561,laptop,62903
8562,book,1263
8563,laptop,56989
8564,pc,8204
8565,laptop,58349
8566,iphone,42823
8567,car,42917
8568,iphone,67090
8569,chair,73993
8570,car,55686
8571,iphone,38343
8572,laptop,65085
8573,chair,58024
8574,iphone,21310
8575,book,77181
8576,chair,
8577,pc,51911
8578,pc,75443
8579,laptop,82458
8580,car,44755
8581,chair,75381
8582,book,90373
8583,chair,69765
8584,book,62874
8585,pc,69637
8586,pc,89621
8587,iphone,12478
8588,iphone,77915
8589,phone,38077
8590,laptop,38641
8591,phone,67449
8592,car,81166
8593,car,87817
8594,book,76393
8595,laptop,73536
8596,laptop,64261
8597,laptop,74844
8598,laptop,16569
8599,book,77638
8600,chair,9366
8601,phone,60654
8602,iphone,86551
8603,iphone,9696
8604,car,69313
8605,book,79748
8606,car,10741
8607,phone,43013
8608,car,39223
8609,laptop,12960
8610,car,27015
8611,phone,20955
8612,book,
8613,book,23884
8614,iphone,3890
8615,pc,44789
8616,car,70303
8617,chair,75775
8618,pc,64446
8619,car,36058
8620,laptop,2970
8621,iphone,86073
8622,car,
8623,iphone,21879
8624,car,61343
8625,book,41369
8626,pc,55735
8627,phone,28968
8628,car,11721
8629,iphone,41036
8630,iphone,98416
8631,chair,60906
8632,iphone,87678
8633,laptop,88255
8634,phone,97571
8635,chair,31605
8636,car,1367
8637,pc,
8638,book,75170
8639,phone,84714
8640,car,15894
8641,pc,5539
8642,book,69614
8643,laptop,13246
8644,car,16124
8645,chair,7994
8646,pc,93668
8647,phone,9132
8648,laptop,69590
8649,phone,99290
8650,phone,57654
8651,chair,45702
8652,book,52552
8653,book,46298
8654,pc,7910
8655,iphone,43760
8656,book,98471
8657,car,
8658,chair,38259
8659,phone,11265
8660,iphone,50572
8661,car,76648
8662,phone,46801
8663,laptop,15163
8664,chair,32256
8665,phone,
8666,book,17566
8667,car,31455
8668,phone,59891
8669,chair,71395
8670,book,85217
8671,phone,44972
8672,pc,68319
8673,chair,33408
8674,laptop,92378
8675,iphone,4582
8676,chair,91300
8677,phone,
8678,laptop,26835
8679,laptop,83206
8680,laptop,34812
8681,chair,
8682,chair,87723
8683,book,17743
8684,phone,
8685,chair,63780
8686,phone,17605
8687,car,13428
8688,laptop,88661
8689,laptop,69319
8690,car,77591
8691,laptop,2832
8692,book,5885
8693,phone,34095
8694,iphone,86412
8695,car,90709
8696,chair,22692
8697,book,36466
8698,book,35339
8699,car,45954
8700,chair,31081
8701,car,43076
8702,book,59464
8703,pc,16159
8704,phone,25761
8705,chair,55681
8706,car,73393
8707,chair,99294
8708,phone,35519
8709,car,4602
8710,pc,27297
8711,book,68513
8712,chair,26941
8713,book,85445
8714,iphone,67104
8715,pc,28108
8716,phone,62245
8717,phone,32908
8718,chair,1104
8719,book,14774
8720,laptop,83481
8721,car,3039
8722,pc,51891
8723,pc,21870
8724,chair,8889
8725,iphone,30493
8726,chair,94917
8727,iphone,60532
8728,pc,99347
8729,laptop,7418
8730,iphone,90369
8731,book,35666
8732,chair,20913
8733,laptop,31483
8734,car,9867
8735,chair,93662
8736,book,83137
8737,pc,36313
8738,book,
8739,chair,96387
8740,book,97571
8741,phone,
8742,car,53329
8743,pc,48915
8744,chair,
8745,car,18894
8746,pc,34736
8747,car,84631
8748,iphone,54947
8749,chair,81508
8750,chair,40039
8751,phone,13004
8752,iphone,6587
8753,phone,71585
8754,phone,85563
8755,pc,19850
8756,car,77929
8757,laptop,30991
8758,phone,54277
8759,iphone,74873
8760,laptop,71264
8761,book,44428
8762,phone,41024
8763,chair,64871
8764,pc,73804
8765,chair,60475
8766,pc,11727
8767,pc,4536
8768,iphone,21003
8769,chair,70849
8770,car,5407
8771,iphone,9905
8772,iphone,18682
8773,pc,33277
8774,laptop,93053
8775,car,53413
8776,car,65008
8777,chair,71717
8778,car,
8779,chair,824
8780,phone,32096
8781,phone,18966
8782,car,39522
8783,laptop,17268
8784,pc,12169
8785,iphone,18883
8786,laptop,77032
8787,laptop,18601
8788,iphone,87073
8789,iphone,35598
8790,laptop,58468
8791,car,23631
8792,phone,27294
8793,iphone,84089
8794,iphone,12369
8795,pc,61646
8796,phone,61029
8797,book,94398
8798,book,88752
8799,pc,45212
8800,car,76591
8801,book,50104
8802,chair,13933
8803,book,41899
8804,book,11916
8805,pc,70843
8806,phone,
8807,iphone,79514
8808,car,54214
8809,laptop,56093
8810,car,67331
8811,iphone,28035
8812,phone,7705
8813,chair,35289
8814,laptop,3097
8815,book,57451
8816,car,11609
8817,book,4263
8818,phone,74351
8819,pc,39423
8820,chair,74878
8821,iphone,69348
8822,car,26424
8823,phone,95730
8824,iphone,25871
8825,car,30207
8826,laptop,66828
8827,phone,5121
8828,book,29360
8829,book,
8830,phone,56582
8831,pc,1275
8832,pc,21823
8833,pc,64443
8834,iphone,19449
8835,car,43103
8836,chair,99793
8837,pc,2702
8838,chair,49401
8839,pc,97488
8840,iphone,
8841,phone,14579
8842,book,67653
8843,book,74465
8844,chair,15612
8845,phone,3033
8846,book,
8847,car,74411
8848,car,19958
8849,car,89851
8850,phone,59866
8851,iphone,88244
8852,book,75650
8853,iphone,93894
8854,book,1167
8855,book,44150
8856,laptop,10774
8857,car,71776
8858,phone,33818
8859,phone,6640
8860,chair,77265
8861,book,28720
8862,pc,12685
8863,iphone,58414
8864,chair,68601
8865,chair,86789
8866,book,48415
8867,iphone,65699
8868,pc,40507
8869,pc,
8870,pc,87127
8871,chair,26667
8872,laptop,36403
8873,phone,58520
8874,laptop,75334
8875,book,37143
8876,book,35826
8877,car,57883
8878,pc,12516
8879,chair,34995
8880,iphone,18255
8881,iphone,12006
8882,iphone,18058
8883,iphone,58554
8884,book,37877
8885,chair,51259
8886,pc,45436
8887,book,65127
8888,laptop,17818
8889,phone,46990
8890,iphone,
8891,phone,29133
8892,laptop,
8893,chair,11428
8894,pc,73402
8895,pc,43517
8896,chair,89996
8897,phone,82358
8898,pc,42908
8899,laptop,37599
8900,iphone,52111
8901,chair,7973
8902,phone,28713
8903,chair,53529
8904,chair,16749
8905,book,18785
8906,phone,11761
8907,iphone,23039
8908,pc,
8909,pc,82201
8910,phone,11740
8911,pc,34667
8912,book,1511
8913,phone,57045
8914,car,95749
8915,car,50047
8916,iphone,40037
8917,iphone,18917
8918,phone,28673
8919,car,50176
8920,car,
8921,chair,43633
8922,pc,65433
8923,iphone,82040
8924,pc,
8925,laptop,19516
8926,laptop,73181
8927,phone,53717
8928,book,41661
8929,car,89048
8930,pc,87579
8931,pc,497
8932,book,54828
8933,iphone,46017
8934,iphone,20007
8935,car,10038
8936,book,53578
8937,car,66930
8938,car,81729
8939,laptop,10553
8940,iphone,7876
8941,iphone,1971
8942,chair,14267
8943,car,65614
8944,book,39496
8945,pc,41052
8946,car,27456
8947,laptop,95165
8948,phone,98815
8949,phone,14478
8950,pc,83518
8951,phone,79246
8952,iphone,21446
8953,laptop,22553
8954,chair,
8955,iphone,37100
8956,iphone,16216
8957,chair,80276
8958,phone,71657
8959,book,19235
8960,phone,87646
8961,phone,29536
8962,laptop,37683
8963,book,65888
8964,car,8489
8965,book,76898
8966,car,3040
8967,phone,2396
8968,laptop,13206
8969,chair,21102
8970,car,40763
8971,pc,36564
8972,chair,24443
8973,pc,15527
8974,iphone,40757
8975,book,69191
8976,phone,31420
8977,phone,93523
8978,iphone,66222
8979,phone,7661
8980,pc,91601
8981,pc,58552
8982,book,81644
8983,book,6487
8984,chair,36178
8985,chair,27506
8986,laptop,62238
8987,car,14016
8988,car,97981
8989,chair,61162
8990,car,54387
8991,chair,13757
8992,iphone,20393
8993,car,
8994,laptop,80850
8995,car,
8996,iphone,12913
8997,book,83379
8998,phone,43077
8999,car,1235
9000,iphone,27005
9001,phone,44262
9002,book,15647
9003,chair,21819
9004,book,58148
9005,book,61823
9006,pc,78478
9007,car,29713
9008,phone,54460
9009,chair,72420
9010,iphone,80683
9011,phone,
9012,pc,26581
9013,iphone,99374
9014,book,50357
9015,laptop,15809
9016,book,44413
9017,car,58642
9018,phone,13899
9019,chair,37590
9020,book,94738
9021,iphone,46123
9022,phone,65601
9023,chair,85371
9024,laptop,38425
9025,pc,17688
9026,pc,24408
9027,pc,
9028,chair,4987
9029,car,
9030,book,50125
9031,book,59754
9032,laptop,61886
9033,chair,57997
9034,iphone,8689
9035,phone,15518
9036,pc,47798
9037,iphone,18617
9038,chair,96442
9039,chair,39084
9040,car,9528
9041,chair,1264
9042,pc,6084
9043,car,33820
9044,car,27771
9045,iphone,14746
9046,book,29115
9047,book,71018
9048,car,8645
9049,pc,39508
9050,chair,78733
9051,car,2027
9052,laptop,6140
9053,pc,9341
9054,phone,47805
9055,car,72096
9056,phone,52989
9057,iphone,30289
9058,iphone,80539
9059,car,40613
9060,book,411
9061,laptop,15530
9062,car,65361
9063,phone,20377
9064,phone,76704
9065,car,16027
9066,laptop,72326
9067,laptop,14570
9068,pc,10008
9069,phone,43190
9070,car,30698
9071,book,73765
9072,phone,44743
9073,laptop,49332
9074,car,5978
9075,car,78454
9076,phone,96252
9077,phone,38749
9078,car,99402
9079,iphone,48471
9080,car,60630
9081,phone,46937
9082,chair,3580
9083,phone,65541
9084,phone,50367
9085,car,85503
9086,phone,84045
9087,car,87107
9088,iphone,12806
9089,phone,29919
9090,book,24341
9091,phone,9554
9092,car,42508
9093,iphone,23732
9094,phone,73744
9095,pc,98532
9096,phone,52799
9097,pc,24371
9098,book,39355
9099,chair,56178
9100,laptop,58368
9101,iphone,89547
9102,pc,8860
9103,car,27069
9104,laptop,71891
9105,phone,90653
9106,pc,16433
9107,pc,56523
9108,iphone,62283
9109,book,88057
9110,iphone,34504
9111,book,68592
9112,phone,30638
9113,pc,43857
9114,car,30843
9115,laptop,3329
9116,iphone,79165
9117,car,26216
9118,book,10984
9119,laptop,58900
9120,phone,
9121,car,25146
9122,iphone,42161
9123,phone,96566
9124,phone,60735
9125,phone,45123
9126,laptop,10089
9127,book,3620
9128,pc,69070
9129,laptop,23714
9130,phone,52748
9131,iphone,59695
9132,iphone,7816
9133,iphone,84340
9134,pc,13948
9135,car,60920
9136,car,64237
9137,phone,64463
9138,chair,7498
9139,car,80843
9140,book,37873
9141,laptop,52972
9142,book,4244
9143,laptop,13574
9144,car,75836
9145,chair,23484
9146,pc,23616
9147,iphone,74532
9148,car,12537
9149,laptop,52103
9150,laptop,10149
9151,chair,3312
9152,car,60889
9153,car,28316
9154,car,
9155,phone,58412
9156,car,44883
9157,iphone,4312
9158,laptop,27351
9159,pc,60140
9160,pc,36655
9161,phone,14828
9162,car,20959
9163,book,58143
9164,phone,
9165,book,29136
9166,book,52127
9167,car,34093
9168,chair,45848
9169,book,72095
9170,laptop,79118
9171,pc,29473
9172,pc,20709
9173,car,70899
9174,car,75050
9175,chair,29125
9176,laptop,39120
9177,car,56261
9178,chair,56419
9179,iphone,51790
9180,iphone,22497
9181,phone,72478
9182,iphone,26923
9183,book,81714
9184,iphone,48973
9185,chair,74
9186,book,56996
9187,laptop,54879
9188,iphone,47629
9189,car,2844
9190,pc,1340
9191,iphone,13537
9192,book,
9193,car,6089
9194,pc,10191
9195,laptop,39228
9196,car,4269
9197,laptop,75028
9198,chair,22721
9199,pc,25221
9200,pc,859
9201,pc,8812
9202,chair,49052
9203,iphone,45095
9204,car,
9205,chair,95602
9206,pc,
9207,laptop,94098
9208,iphone,29627
9209,car,66098
9210,car,73434
9211,laptop,27282
9212,book,32191
9213,pc,38606
9214,car,21392
9215,book,949
9216,car,45458
9217,book,70564
9218,iphone,16557
9219,car,
9220,laptop,11857
9221,pc,7540
9222,phone,98481
9223,book,80180
9224,book,7397
9225,chair,65065
9226,phone,63061
9227,phone,48718
9228,laptop,1951
9229,phone,35153
9230,iphone,26627
9231,phone,12817
9232,book,51842
9233,phone,30025
9234,chair,30424
9235,iphone,55515
9236,car,
9237,phone,87527
9238,car,52250
9239,laptop,18594
9240,iphone,81370
9241,phone,29958
9242,chair,77737
9243,pc,69867
9244,laptop,18013
9245,laptop,21786
9246,iphone,46377
9247,iphone,43498
9248,laptop,12332
9249,laptop,18294
9250,chair,13771
9251,laptop,6470
9252,book,63584
9253,book,18305
9254,laptop,16626
9255,laptop,32941
9256,car,12245
9257,book,92824
9258,car,88526
9259,laptop,70739
9260,car,23636
9261,iphone,973
9262,laptop,63321
9263,phone,64580
9264,iphone,75311
9265,pc,
9266,pc,77189
9267,book,
9268,phone,46919
9269,car,7492
9270,pc,93901
9271,book,56792
9272,laptop,68126
9273,laptop,47091
9274,iphone,25179
9275,car,22517
9276,car,57310
9277,iphone,17691
9278,phone,2357
9279,iphone,52153
9280,phone,76611
9281,car,39995
9282,pc,83577
9283,car,48920
9284,chair,51352
9285,pc,22624
9286,pc,1130
9287,car,24032
9288,laptop,86990
9289,iphone,99212
9290,laptop,72413
9291,phone,99677
9292,laptop,84688
9293,chair,22220
9294,car,35851
9295,chair,75156
9296,pc,1762
9297,book,54723
9298,phone,90914
9299,phone,53727
9300,phone,44917
9301,car,76115
9302,laptop,24262
9303,chair,37360
9304,iphone,94001
9305,pc,6540
9306,iphone,75356
9307,pc,26318
9308,book,17625
9309,pc,60775
9310,chair,77579
9311,pc,758
9312,iphone,2787
9313,book,63681
9314,iphone,52425
9315,laptop,89795
9316,iphone,7194
9317,phone,
9318,car,36881
9319,pc,93484
9320,laptop,75031
9321,laptop,22736
9322,pc,11813
9323,phone,86381
9324,pc,88250
9325,chair,25982
9326,car,1629
9327,iphone,80900
9328,laptop,12209
9329,phone,26220
9330,iphone,45739
9331,laptop,37710
9332,chair,25772
9333,phone,61586
9334,iphone,68597
9335,laptop,55079
9336,car,90773
9337,pc,79220
9338,laptop,5898
9339,car,56173
9340,car,42964
9341,car,67056
9342,book,11343
9343,car,81228
9344,book,22601
9345,laptop,5397
9346,pc,28730
9347,phone,35038
9348,chair,22048
9349,pc,56151
9350,car,25738
9351,book,75051
9352,laptop,99726
9353,chair,38459
9354,car,97695
9355,pc,99754
9356,pc,74425
9357,chair,61290
9358,pc,56868
9359,iphone,8286
9360,iphone,421
9361,book,65648
9362,car,41019
9363,phone,35116
9364,pc,95173
9365,laptop,77328
9366,book,4260
9367,book,62515
9368,book,88075
9369,phone,64058
9370,car,53813
9371,iphone,29114
9372,phone,68491
9373,laptop,59904
9374,chair,49175
9375,chair,59162
9376,car,46059
9377,phone,54276
9378,car,89055
9379,phone,52970
9380,book,8800
9381,laptop,90964
9382,chair,67833
9383,iphone,4398
9384,chair,62308
9385,iphone,14417
9386,chair,40378
9387,laptop,59562
9388,iphone,73675
9389,phone,30957
9390,laptop,56151
9391,chair,4784
9392,pc,58223
9393,laptop,77612
9394,book,3545
9395,phone,57675
9396,iphone,53025
9397,phone,15760
9398,book,23990
9399,iphone,53780
9400,car,75318
9401,iphone,10653
9402,book,67095
9403,phone,66462
9404,phone,65848
9405,car,78354
9406,car,50752
9407,phone,75057
9408,phone,89094
9409,car,67506
9410,iphone,66022
9411,car,52403
9412,chair,41276
9413,car,
9414,laptop,87915
9415,iphone,18094
9416,pc,91025
9417,phone,84923
9418,car,91771
9419,car,52621
9420,iphone,3898
9421,phone,24486
9422,car,9139
9423,phone,75743
9424,iphone,1943
9425,phone,76050
9426,book,66711
9427,car,88198
9428,book,20937
9429,phone,20174
9430,phone,26748
9431,car,60771
9432,chair,796
9433,book,40365
9434,book,53113
9435,book,3959
9436,pc,77510
9437,book,87145
9438,pc,
9439,chair,31117
9440,laptop,83851
9441,book,14805
9442,laptop,74131
9443,book,
9444,phone,49857
9445,book,80862
9446,laptop,57565
9447,pc,33877
9448,book,35593
9449,pc,67191
9450,iphone,86335
9451,car,7117
9452,iphone,90929
9453,iphone,9875
9454,phone,14633
9455,phone,731
9456,phone,84003
9457,laptop,88840
9458,chair,84567
9459,book,99038
9460,car,6790
9461,chair,33108
9462,car,94727
9463,iphone,85727
9464,book,193
9465,pc,6079
9466,chair,78522
9467,pc,39104
9468,chair,6281
9469,pc,82457
9470,book,83967
9471,car,
9472,chair,52705
9473,pc,78726
9474,phone,85364
9475,car,39209
9476,car,98600
9477,chair,2521
9478,phone,66537
9479,iphone,44417
9480,book,84783
9481,phone,11641
9482,chair,286
9483,phone,89839
9484,chair,50446
9485,car,61898
9486,phone,2038
9487,book,17494
9488,car,81906
9489,chair,83309
9490,car,55217
9491,pc,34676
9492,laptop,42737
9493,car,82603
9494,iphone,33171
9495,laptop,
9496,iphone,63511
9497,chair,1435
9498,iphone,86759
9499,iphone,21273
9500,iphone,28173
9501,phone,76751
9502,chair,20474
9503,pc,32590
9504,chair,34899
9505,book,92302
9506,chair,49377
9507,iphone,100
9508,pc,38488
9509,pc,17427
9510,car,90401
9511,laptop,46512
9512,pc,55694
9513,laptop,10375
9514,iphone,57621
9515,car,36488
9516,iphone,31859
9517,car,91971
9518,laptop,66849
9519,book,46173
9520,car,59214
9521,phone,48423
9522,laptop,52437
9523,phone,25897
9524,pc,5038
9525,phone,60764
9526,book,69329
9527,phone,9658
9528,pc,40686
9529,book,87369
9530,pc,6618
9531,laptop,68738
9532,phone,53835
9533,book,1452
9534,phone,9525
9535,phone,74605
9536,book,24791
9537,laptop,77333
9538,book,20227
9539,book,79062
9540,car,
9541,book,42023
9542,car,62581
9543,car,
9544,book,93076
9545,phone,24548
9546,laptop,56862
9547,chair,32382
9548,laptop,6403
9549,book,32960
9550,book,12536
9551,laptop,69190
9552,iphone,78576
9553,chair,16522
9554,phone,579
9555,chair,6510
9556,iphone,
9557,iphone,52284
9558,pc,94945
9559,iphone,39971
9560,iphone,29730
9561,car,37256
9562,iphone,9269
9563,pc,2186
9564,pc,75354
9565,phone,83305
9566,car,17353
9567,chair,70798
9568,phone,87996
9569,phone,97292
9570,car,91395
9571,pc,1488
9572,laptop,92985
9573,iphone,67972
9574,pc,30425
9575,chair,63501
9576,phone,13409
9577,book,73229
9578,book,74499
9579,car,4450
9580,iphone,
9581,laptop,17263
9582,chair,86360
9583,laptop,364
9584,phone,53613
9585,chair,56441
9586,book,62952
9587,pc,85411
9588,iphone,38060
9589,car,40582
9590,pc,40285
9591,phone,93168
9592,pc,9508
9593,iphone,86569
9594,book,53045
9595,chair,65038
9596,phone,84195
9597,pc,45824
9598,chair,11293
9599,car,86932
9600,pc,
9601,pc,81528
9602,iphone,78331
9603,iphone,25988
9604,book,27520
9605,phone,39094
9606,iphone,38525
9607,car,
9608,laptop,37566
9609,book,35511
9610,phone,58186
9611,iphone,
9612,phone,29555
9613,laptop,
9614,chair,61660
9615,phone,99228
9616,book,61763
9617,iphone,90185
9618,book,46829
9619,chair,31312
9620,iphone,70544
9621,book,35125
9622,laptop,33527
9623,chair,9617
9624,book,66700
9625,chair,71382
9626,iphone,96548
9627,car,59230
9628,laptop,81153
9629,phone,32620
9630,book,52215
9631,chair,61970
9632,chair,1482
9633,book,1651
9634,iphone,40862
9635,chair,2408
9636,car,93302
9637,book,10673
9638,car,89256
9639,pc,51597
9640,car,96785
9641,iphone,67337
9642,laptop,71301
9643,book,36529
9644,iphone,
9645,iphone,58302
9646,book,19864
9647,phone,79702
9648,iphone,50087
9649,laptop,92968
9650,book,26702
9651,iphone,94481
9652,phone,7273
9653,pc,61397
9654,laptop,2708
9655,book,7002
9656,car,56623
9657,phone,94350
9658,book,5578
9659,book,89063
9660,iphone,91657
9661,book,94750
9662,car,36981
9663,car,12042
9664,pc,19039
9665,car,13141
9666,chair,36133
9667,book,6166
9668,laptop,52342
9669,pc,15637
9670,chair,52858
9671,chair,59614
9672,car,20831
9673,pc,29607
9674,book,88882
9675,chair,35735
9676,laptop,38832
9677,phone,7432
9678,car,88986
9679,car,83961
9680,pc,98397
9681,chair,97766
9682,chair,75011
9683,laptop,75573
9684,laptop,63690
9685,car,53500
9686,pc,23567
9687,pc,99476
9688,book,363
9689,laptop,1783
9690,pc,9656
9691,iphone,2155
9692,pc,72813
9693,phone,50890
9694,book,43338
9695,car,30999
9696,chair,31287
9697,phone,48623
9698,chair,69586
9699,iphone,83006
9700,phone,1050
9701,book,15818
9702,chair,76892
9703,chair,21614
9704,chair,31097
9705,iphone,47819
9706,pc,34379
9707,laptop,26218
9708,car,99218
9709,laptop,91241
9710,book,14694
9711,book,24467
9712,phone,81694
9713,iphone,5635
9714,pc,60747
9715,laptop,64618
9716,laptop,33788
9717,car,82596
9718,book,
9719,chair,97932
9720,book,
9721,laptop,43172
9722,pc,16299
9723,book,73539
9724,chair,78019
9725,phone,45926
9726,book,37092
9727,car,53234
9728,pc,78265
9729,car,19583
9730,chair,64886
9731,chair,53398
9732,phone,53528
9733,chair,18289
9734,laptop,3995
9735,phone,58839
9736,car,99322
9737,phone,53228
9738,chair,46310
9739,car,
9740,laptop,3561
9741,chair,26089
9742,iphone,57831
9743,pc,83205
9744,chair,12306
9745,laptop,45463
9746,book,8105
9747,laptop,33509
9748,laptop,32151
9749,book,57978
9750,book,93015
9751,phone,
9752,iphone,28022
9753,chair,41926
9754,iphone,61281
9755,book,94723
9756,phone,96382
9757,chair,68775
9758,iphone,52148
9759,phone,
9760,laptop,53033
9761,book,43266
9762,phone,72578
9763,pc,42240
9764,iphone,34582
9765,iphone,60293
9766,phone,906
9767,laptop,6445
9768,car,31835
9769,iphone,62134
9770,car,71049
9771,laptop,783
9772,car,73880
9773,pc,79098
9774,laptop,31705
9775,pc,18829
9776,iphone,91567
9777,phone,89471
9778,pc,53067
9779,laptop,24385
9780,car,17481
9781,laptop,21478
9782,car,60317
9783,phone,77822
9784,iphone,21671
9785,phone,31032
9786,book,20899
9787,pc,44321
9788,iphone,17912
9789,pc,2843
9790,book,90274
9791,chair,80851
9792,pc,22962
9793,book,18127
9794,pc,
9795,phone,79252
9796,book,79705
9797,chair,63343
9798,laptop,11023
9799,laptop,90445
9800,laptop,50987
9801,chair,58007
9802,laptop,90403
9803,book,26442
9804,book,
9805,chair,93928
9806,car,37269
9807,pc,20280
9808,pc,56688
9809,iphone,19732
9810,pc,61268
9811,phone,9887
9812,phone,66352
9813,iphone,
9814,phone,39156
9815,iphone,58058
9816,chair,47383
9817,chair,4528
9818,laptop,22212
9819,book,39876
9820,pc,11116
9821,iphone,83927
9822,phone,38995
9823,iphone,65019
9824,laptop,84935
9825,car,99432
9826,laptop,56102
9827,phone,48660
9828,book,56321
9829,car,5244
9830,pc,25022
9831,car,46770
9832,iphone,52892
9833,car,53952
9834,iphone,75192
9835,phone,77989
9836,phone,27376
9837,chair,28519
9838,book,74807
9839,iphone,75276
9840,car,36411
9841,car,
9842,car,78478
9843,iphone,4506
9844,book,41286
9845,car,36974
9846,book,86748
9847,pc,54649
9848,car,38875
9849,pc,97688
9850,pc,
9851,laptop,13294
9852,pc,94188
9853,book,69948
9854,car,86577
9855,car,43194
9856,book,44490
9857,pc,535
9858,iphone,89791
9859,phone,91620
9860,pc,25311
9861,car,69606
9862,iphone,65235
9863,laptop,83489
9864,pc,93733
9865,phone,91237
9866,phone,67291
9867,car,18526
9868,pc,68925
9869,iphone,63318
9870,chair,71651
9871,car,50847
9872,book,91426
9873,chair,
9874,pc,33478
9875,book,52535
9876,laptop,75360
9877,book,35522
9878,phone,89056
9879,laptop,90006
9880,phone,74366
9881,car,25270
9882,iphone,485
9883,car,58297
9884,pc,15640
9885,chair,7779
9886,book,54680
9887,chair,17355
9888,chair,42290
9889,laptop,96004
9890,phone,53261
9891,laptop,87229
9892,book,42267
9893,laptop,46985
9894,phone,22563
9895,laptop,35992
9896,chair,50648
9897,book,68291
9898,car,69593
9899,car,89560
9900,chair,54358
9901,phone,42610
9902,chair,33644
9903,car,9006
9904,car,80166
9905,phone,647
9906,pc,26439
9907,pc,70046
9908,phone,30589
9909,car,61597
9910,car,8326
9911,phone,32132
9912,phone,81554
9913,laptop,35098
9914,pc,67199
9915,iphone,22722
9916,chair,43618
9917,iphone,80145
9918,iphone,3984
9919,book,36435
9920,iphone,35273
9921,iphone,76530
9922,car,8678
9923,car,78168
9924,phone,75478
9925,phone,35748
9926,laptop,
9927,book,27491
9928,laptop,35428
9929,book,41651
9930,chair,46391
9931,car,98538
9932,iphone,66773
9933,chair,65308
9934,iphone,29199
9935,book,2469
9936,laptop,82304
9937,car,18396
9938,iphone,
9939,chair,80870
9940,laptop,85285
9941,car,5805
9942,car,11799
9943,laptop,78704
9944,car,68234
9945,laptop,2301
9946,phone,40917
9947,pc,12631
9948,book,87161
9949,phone,69807
9950,phone,79909
9951,laptop,
9952,chair,8741
9953,book,96706
9954,laptop,
9955,iphone,20836
9956,pc,68417
9957,car,79478
9958,laptop,68157
9959,car,67410
9960,car,13896
9961,book,32072
9962,iphone,22061
9963,phone,84256
9964,laptop,49380
9965,iphone,36693
9966,pc,62988
9967,laptop,27497
9968,chair,58124
9969,pc,50324
9970,phone,77379
9971,pc,84179
9972,iphone,12094
9973,car,11839
9974,phone,19605
9975,laptop,50001
9976,car,44549
9977,book,81639
9978,book,3067
9979,phone,30876
9980,pc,18928
9981,pc,15603
9982,phone,75926
9983,chair,
9984,pc,89038
9985,car,4707
9986,iphone,99996
9987,phone,35747
9988,car,71061
9989,iphone,7291
9990,iphone,36774
9991,car,58540
9992,book,34011
9993,chair,58349
9994,phone,41140
9995,pc,10144
9996,car,71387
9997,book,5215
9998,car,27542
9999,phone,46234
10000,book,64764
10001,book,76156
10002,laptop,79760
10003,car,51197
10004,pc,72080
10005,pc,72154
10006,book,26917
10007,book,20388
10008,chair,52244
10009,chair,77814
10010,phone,23646
10011,chair,87543
10012,book,43743
10013,iphone,71673
10014,chair,74327
10015,iphone,68549
10016,iphone,85939
10017,car,66944
10018,car,3480
10019,iphone,923
10020,phone,99670
10021,car,
10022,chair,6170
10023,phone,28763
10024,phone,77264
10025,book,72519
10026,book,29347
10027,laptop,67027
10028,iphone,57233
10029,iphone,59522
10030,chair,41442
10031,chair,42978
10032,phone,54233
10033,car,95630
10034,car,25035
10035,laptop,58470
10036,chair,57967
10037,pc,22388
10038,car,28576
10039,chair,44599
10040,iphone,41719
10041,phone,4290
10042,laptop,12270
10043,book,79102
10044,iphone,29182
10045,book,36720
10046,laptop,48187
10047,book,13719
10048,chair,40444
10049,phone,
10050,iphone,13422
10051,car,29729
10052,iphone,6451
10053,pc,58191
10054,chair,98310
10055,phone,69968
10056,book,4911
10057,book,59026
10058,book,7004
10059,car,30424
10060,iphone,
10061,car,34997
10062,laptop,38262
10063,laptop,62000
10064,book,3242
10065,car,
10066,car,95109
10067,car,39080
10068,car,56623
10069,pc,80367
10070,laptop,99402
10071,phone,27303
10072,car,76322
10073,phone,92591
10074,pc,92183
10075,iphone,57564
10076,pc,51577
10077,book,27312
10078,iphone,74047
10079,car,73296
10080,laptop,86755
10081,laptop,29723
10082,pc,11858
10083,phone,96519
10084,laptop,45476
10085,iphone,70456
10086,pc,50995
10087,chair,27171
10088,laptop,50371
10089,car,33371
10090,phone,16034
10091,laptop,75012
10092,laptop,85236
10093,chair,63839
10094,laptop,79922
10095,chair,57927
10096,chair,21176
10097,pc,87084
10098,chair,72327
10099,chair,37575
10100,chair,39302
10101,car,62850
10102,phone,7677
10103,iphone,73721
10104,pc,58949
10105,laptop,16837
10106,book,16433
10107,book,87089
10108,iphone,
10109,pc,3758
10110,car,83154
10111,laptop,
10112,iphone,95159
10113,iphone,92678
10114,car,73115
10115,pc,59299
10116,phone,97813
10117,phone,
10118,phone,10218
10119,chair,41084
10120,iphone,31524
10121,laptop,4203
10122,pc,16777
10123,pc,28859
10124,laptop,71331
10125,chair,27362
10126,iphone,55492
10127,book,55178
10128,phone,97041
10129,chair,59289
10130,book,19624
10131,iphone,52901
10132,chair,3526
10133,book,32153
10134,car,8213
10135,phone,51832
10136,laptop,40261
10137,pc,49400
10138,car,72035
10139,phone,98514
10140,pc,8714
10141,book,98361
10142,laptop,84259
10143,phone,83061
10144,laptop,99343
10145,pc,63696
10146,iphone,34433
10147,car,79672
10148,chair,71771
10149,laptop,23448
10150,iphone,44993
10151,chair,27300
10152,car,35531
10153,car,89567
10154,laptop,52341
10155,phone,69919
10156,book,104
10157,laptop,31614
10158,pc,47342
10159,laptop,96853
10160,iphone,89998
10161,phone,25948
10162,pc,15002
10163,laptop,77117
10164,phone,61152
10165,book,28004
10166,chair,90204
10167,chair,76436
10168,laptop,57778
10169,phone,55695
10170,chair,6785
10171,iphone,49017
10172,book,13094
10173,iphone,62970
10174,pc,27017
10175,book,12071
10176,chair,56771
10177,phone,22391
10178,iphone,1937
10179,phone,10173
10180,book,5942
10181,book,82688
10182,book,39477
10183,pc,59525
10184,car,84189
10185,book,301
10186,pc,75784
10187,iphone,94566
10188,chair,34508
10189,pc,25713
10190,chair,6919
10191,pc,24250
10192,book,43940
10193,iphone,43927
10194,iphone,42787
10195,car,37788
10196,iphone,37915
10197,car,52915
10198,phone,13513
10199,laptop,41911
10200,iphone,18568
10201,chair,52664
10202,phone,26975
10203,car,18435
10204,pc,17908
10205,laptop,41879
10206,pc,76953
10207,pc,23081
10208,chair,18328
10209,iphone,86934
10210,iphone,6076
10211,car,99374
10212,pc,40205
10213,pc,13242
10214,pc,22847
10215,laptop,49654
10216,chair,20751
10217,pc,33313
10218,laptop,53965
10219,iphone,16546
10220,pc,65614
10221,phone,39052
10222,book,652
10223,pc,67108
10224,phone,35077
10225,pc,95640
10226,car,46741
10227,pc,59482
10228,iphone,81933
10229,car,36271
10230,iphone,83489
10231,iphone,81504
10232,phone,46689
10233,phone,12073
10234,laptop,50285
10235,phone,43583
10236,book,35063
10237,phone,51129
10238,pc,32281
10239,car,7940
10240,book,54590
10241,laptop,61961
10242,car,
10243,pc,76232
10244,iphone,37819
10245,phone,35493
10246,car,94329
10247,laptop,44310
10248,pc,91585
10249,iphone,53440
10250,pc,75574
10251,book,98033
10252,pc,26548
10253,iphone,50889
10254,phone,19757
10255,laptop,62235
10256,chair,59987
10257,car,54833
10258,pc,71703
10259,pc,27853
10260,iphone,71896
10261,laptop,56251
10262,pc,3425
10263,phone,51550
10264,iphone,38801
10265,book,83743
10266,pc,98572
10267,car,86150
10268,chair,46463
10269,car,65548
10270,chair,67537
10271,iphone,60542
10272,chair,3030
10273,phone,62126
10274,pc,61804
10275,iphone,533
10276,chair,80418
10277,phone,72599
10278,iphone,18341
10279,phone,75214
10280,pc,16054
10281,laptop,25750
10282,book,57936
10283,phone,84206
10284,laptop,98129
10285,book,
10286,iphone,92082
10287,laptop,53144
10288,pc,25068
10289,book,18178
10290,iphone,77153
10291,iphone,1487
10292,pc,75059
10293,laptop,87155
10294,chair,
10295,chair,54212
10296,iphone,94189
10297,laptop,11590
10298,book,88111
10299,chair,72181
10300,pc,28924
10301,book,13746
10302,phone,45862
10303,car,3609
10304,chair,94164
10305,pc,35665
10306,iphone,99800
10307,car,29677
10308,pc,35638
10309,pc,87278
10310,phone,86086
10311,car,89869
10312,laptop,13158
10313,laptop,73839
10314,book,34773
10315,chair,9326
10316,car,78708
10317,pc,32905
10318,book,52488
10319,chair,
10320,book,77373
10321,iphone,3265
10322,chair,86003
10323,pc,5066
10324,pc,54687
10325,car,15606
10326,phone,4322
10327,iphone,
10328,book,32302
10329,laptop,26289
10330,laptop,97349
10331,laptop,34227
10332,pc,
10333,pc,9789
10334,phone,62659
10335,book,
10336,chair,77552
10337,chair,71243
10338,phone,42457
10339,car,91998
10340,chair,15205
10341,pc,92461
10342,chair,40558
10343,car,17741
10344,laptop,87688
10345,car,68256
10346,book,11569
10347,laptop,17369
10348,car,82837
10349,laptop,63514
10350,iphone,79635
10351,pc,
10352,phone,48300
10353,phone,56190
10354,pc,31305
10355,book,10445
10356,chair,65446
10357,laptop,14575
10358,iphone,
10359,chair,37521
10360,pc,19890
10361,chair,6276
10362,chair,10800
10363,laptop,6736
10364,phone,56799
10365,iphone,8707
10366,phone,45140
10367,laptop,42359
10368,pc,65122
10369,iphone,9837
10370,chair,47616
10371,laptop,8520
10372,iphone,71146
10373,book,36165
10374,book,47040
10375,phone,37005
10376,book,78365
10377,pc,
10378,chair,77443
10379,iphone,44660
10380,phone,86954
10381,phone,47718
10382,car,19089
10383,car,
10384,phone,11327
10385,phone,52980
10386,pc,47398
10387,phone,33946
10388,phone,62444
10389,chair,10879
10390,laptop,85709
10391,laptop,29161
10392,chair,
10393,phone,55178
10394,car,5311
10395,car,58337
10396,car,674
10397,chair,
10398,car,70974
10399,book,35644
10400,car,63682
10401,pc,1010
10402,phone,25188
10403,book,15953
10404,laptop,86455
10405,pc,18720
10406,book,22936
10407,book,1726
10408,book,42826
10409,car,25245
10410,laptop,
10411,book,4187
10412,chair,5113
10413,iphone,35124
10414,phone,15181
10415,pc,13340
10416,iphone,32279
10417,laptop,41211
10418,pc,58064
10419,pc,84296
10420,book,1003
10421,car,37914
10422,chair,87150
10423,laptop,
10424,book,
10425,book,68706
10426,pc,70837
10427,chair,3110
10428,laptop,37709
10429,car,43178
10430,pc,80381
10431,laptop,16547
10432,car,99739
10433,chair,34424
10434,laptop,53738
10435,car,96044
10436,iphone,4772
10437,pc,66838
10438,iphone,79985
10439,pc,29099
10440,car,73301
10441,iphone,3268
10442,iphone,
10443,phone,15126
10444,iphone,29087
10445,car,95077
10446,iphone,31398
10447,car,78153
10448,book,43507
10449,book,45151
10450,phone,77641
10451,book,2733
10452,book,24454
10453,book,86
10454,car,56351
10455,book,90370
10456,laptop,20083
10457,book,71201
10458,phone,8739
10459,iphone,43458
10460,phone,30609
10461,phone,48661
10462,phone,10878
10463,phone,58216
10464,phone,29185
10465,phone,9058
10466,laptop,72330
10467,chair,28829
10468,iphone,36746
10469,pc,52228
10470,book,83905
10471,book,38765
10472,laptop,65391
10473,car,42350
10474,car,1199
10475,book,24141
10476,pc,32837
10477,pc,67146
10478,chair,35901
10479,chair,16517
10480,laptop,43384
10481,laptop,52208
10482,book,70068
10483,laptop,36934
10484,car,
10485,chair,65403
10486,book,1959
10487,pc,48355
10488,phone,99993
10489,pc,18926
10490,book,88559
10491,book,23761
10492,pc,42225
10493,iphone,18258
10494,book,6041
10495,laptop,18326
10496,book,24093
10497,iphone,11881
10498,phone,63618
10499,laptop,
10500,book,17173
10501,chair,53381
10502,phone,23177
10503,chair,31554
10504,book,53230
10505,phone,62238
10506,car,
10507,chair,16541
10508,car,4327
10509,pc,30228
10510,book,5918
10511,laptop,46962
10512,chair,5909
10513,phone,76682
10514,chair,31373
10515,iphone,48977
10516,book,79193
10517,phone,8099
10518,chair,2841
10519,pc,84938
10520,laptop,49385
10521,pc,44631
10522,phone,88737
10523,laptop,8387
10524,book,46386
10525,book,95301
10526,phone,81480
10527,car,29740
10528,chair,45105
10529,iphone,28468
10530,pc,10858
10531,phone,61436
10532,phone,70054
10533,car,43450
10534,phone,96195
10535,laptop,58187
10536,chair,15501
10537,book,99213
10538,laptop,80514
10539,iphone,10522
10540,iphone,65398
10541,phone,
10542,iphone,7656
10543,laptop,61725
10544,iphone,54799
10545,chair,75431
10546,pc,91788
10547,iphone,71754
10548,chair,9722
10549,car,7847
10550,pc,9076
10551,iphone,62712
10552,iphone,57907
10553,chair,62629
10554,iphone,43948
10555,pc,26007
10556,iphone,70667
10557,laptop,9386
10558,car,83330
10559,book,84819
10560,book,28923
10561,phone,37495
10562,car,40837
10563,pc,3790
10564,iphone,44125
10565,car,74684
10566,car,91342
10567,pc,92148
10568,iphone,18769
10569,laptop,78569
10570,iphone,49820
10571,phone,16621
10572,phone,70172
10573,iphone,64341
10574,iphone,89523
10575,phone,74727
10576,chair,44672
10577,pc,18279
10578,chair,36017
10579,iphone,50834
10580,car,91793
10581,phone,24115
10582,phone,28878
10583,car,8337
10584,car,23996
10585,laptop,45275
10586,pc,
10587,pc,47897
10588,iphone,98483
10589,phone,53835
10590,laptop,67018
10591,laptop,20937
10592,pc,75727
10593,laptop,15769
10594,chair,81982
10595,pc,54168
10596,book,74381
10597,phone,69970
10598,laptop,18742
10599,car,55273
10600,car,58629
10601,phone,23504
10602,book,96953
10603,laptop,80463
10604,phone,28247
10605,laptop,35296
10606,car,17169
10607,book,57289
10608,car,48660
10609,chair,25674
10610,laptop,60485
10611,book,
10612,iphone,91650
10613,iphone,819
10614,laptop,64585
10615,iphone,17949
10616,laptop,68124
10617,laptop,6807
10618,phone,30169
10619,iphone,17557
10620,chair,72810
10621,iphone,18876
10622,car,58288
10623,iphone,20455
10624,iphone,74368
10625,iphone,41504
10626,chair,51735
10627,phone,95662
10628,phone,25838
10629,phone,87936
10630,pc,68186
10631,phone,14788
10632,chair,
10633,car,3547
10634,car,6423
10635,iphone,38296
10636,book,16580
10637,phone,71190
10638,pc,98662
10639,pc,59160
10640,iphone,3006
10641,car,90615
10642,book,65374
10643,iphone,11245
10644,iphone,1143
10645,car,88759
10646,laptop,37491
10647,phone,78563
10648,pc,48558
10649,phone,93741
10650,car,24614
10651,pc,48443
10652,car,73914
10653,pc,85601
10654,car,14192
10655,laptop,14381
10656,phone,69546
10657,iphone,92862
10658,iphone,6394
10659,pc,
10660,iphone,83744
10661,car,4682
10662,laptop,8930
10663,chair,35643
10664,pc,53171
10665,phone,44555
10666,chair,43276
10667,pc,85790
10668,chair,84636
10669,pc,60041
10670,laptop,6545
10671,pc,83776
10672,chair,52863
10673,book,49995
10674,laptop,63839
10675,car,71947
10676,laptop,79717
10677,chair,60632
10678,car,13462
10679,phone,69090
10680,iphone,92180
10681,pc,13478
10682,phone,47947
10683,book,55612
10684,car,55364
10685,chair,74879
10686,phone,50512
10687,phone,96448
10688,iphone,87031
10689,pc,8607
10690,phone,94295
10691,laptop,43625
10692,book,24850
10693,laptop,70663
10694,chair,55310
10695,laptop,19654
10696,book,47807
10697,pc,
10698,book,99756
10699,book,20869
10700,phone,18615
10701,chair,91802
10702,phone,5677
10703,chair,70703
10704,car,55747
10705,phone,79266
10706,car,26528
10707,chair,67559
10708,laptop,60558
10709,pc,50364
10710,phone,84849
10711,pc,9126
10712,iphone,96816
10713,iphone,41934
10714,pc,48577
10715,laptop,31267
10716,chair,61225
10717,car,1003
10718,book,61853
10719,pc,1045
10720,iphone,29328
10721,book,21878
10722,phone,61491
10723,phone,99046
10724,chair,99608
10725,book,41817
10726,pc,63010
10727,iphone,51109
10728,pc,78976
10729,chair,10871
10730,pc,18554
10731,iphone,18456
10732,pc,38045
10733,phone,88841
10734,chair,86330
10735,phone,90667
10736,iphone,61558
10737,chair,93298
10738,phone,88847
10739,book,62224
10740,chair,93031
10741,book,52266
10742,phone,53309
10743,laptop,79875
10744,iphone,68683
10745,car,37692
10746,car,2289
10747,book,19967
10748,pc,36903
10749,pc,
10750,phone,47779
10751,pc,81807
10752,pc,
10753,pc,11566
10754,book,33865
10755,pc,
10756,iphone,2785
10757,laptop,62683
10758,iphone,6562
10759,car,64597
10760,car,14980
10761,chair,43090
10762,chair,12606
10763,chair,92908
10764,car,54926
10765,chair,4285
10766,pc,73469
10767,book,87742
10768,laptop,44074
10769,book,72916
10770,car,41765
10771,laptop,93550
10772,pc,11699
10773,book,37183
10774,book,74728
10775,chair,50384
10776,pc,
10777,iphone,54154
10778,iphone,37176
10779,iphone,20416
10780,chair,12008
10781,phone,86166
10782,phone,19169
10783,car,40681
10784,phone,34585
10785,car,21816
10786,iphone,16847
10787,laptop,4506
10788,iphone,88513
10789,iphone,71578
10790,phone,11319
10791,laptop,49412
10792,car,11274
10793,book,44291
10794,laptop,18774
10795,phone,52513
10796,iphone,7473
10797,iphone,25971
10798,pc,55156
10799,car,28451
10800,phone,99959
10801,car,1686
10802,chair,7453
10803,iphone,6870
10804,book,77154
10805,pc,58113
10806,book,465
10807,car,69690
10808,chair,84370
10809,pc,36527
10810,chair,78661
10811,car,89514
10812,chair,30161
10813,chair,92573
10814,pc,54677
10815,phone,54720
10816,phone,84239
10817,chair,10793
10818,pc,
10819,iphone,68146
10820,chair,99750
10821,book,60144
10822,iphone,
10823,car,490
10824,car,94084
10825,pc,11570
10826,chair,
10827,iphone,27799
10828,iphone,32048
10829,chair,56708
10830,phone,79254
10831,phone,38039
10832,pc,76615
10833,chair,18341
10834,iphone,30511
10835,phone,
10836,iphone,84887
10837,chair,13611
10838,phone,55986
10839,phone,12883
10840,book,52183
10841,car,86271
10842,book,28409
10843,phone,56681
10844,book,87136
10845,iphone,11505
10846,iphone,83870
10847,pc,52627
10848,pc,24127
10849,phone,58176
10850,book,67486
10851,chair,90149
10852,pc,52046
10853,chair,42580
10854,pc,83994
10855,book,93601
10856,book,
10857,chair,76124
10858,book,41679
10859,book,17770
10860,laptop,62471
10861,phone,56863
10862,laptop,
10863,car,38847
10864,chair,24636
10865,book,97262
10866,book,3843
10867,chair,38129
10868,chair,14334
10869,car,63287
10870,book,74928
10871,chair,
10872,pc,46200
10873,car,12165
10874,book,10522
10875,iphone,40418
10876,book,7350
10877,car,5713
10878,chair,24069
10879,laptop,92275
10880,iphone,58616
10881,book,64392
10882,laptop,6526
10883,iphone,2183
10884,car,25713
10885,chair,95824
10886,pc,1729
10887,chair,51304
10888,car,64671
10889,laptop,98859
10890,chair,84296
10891,book,23744
10892,pc,24776
10893,phone,15606
10894,iphone,50389
10895,pc,1787
10896,car,
10897,iphone,17839
10898,car,22644
10899,phone,55505
10900,pc,75263
10901,phone,61547
10902,car,37785
10903,chair,42812
10904,phone,90489
10905,chair,99960
10906,laptop,86945
10907,book,53478
10908,iphone,65016
10909,laptop,49863
10910,book,27299
10911,laptop,33181
10912,laptop,43293
10913,iphone,49914
10914,iphone,71954
10915,book,54897
10916,laptop,67385
10917,pc,35083
10918,book,38885
10919,book,29968
10920,iphone,46291
10921,iphone,56224
10922,iphone,54590
10923,car,56908
10924,phone,67840
10925,laptop,3840
10926,car,60387
10927,phone,61734
10928,chair,79816
10929,laptop,85255
10930,phone,79964
10931,book,85043
10932,laptop,95525
10933,phone,
10934,iphone,70198
10935,chair,94903
10936,car,7808
10937,laptop,
10938,chair,69731
10939,laptop,21651
10940,iphone,6702
10941,phone,22572
10942,car,25709
10943,book,61268
10944,phone,96770
10945,phone,77370
10946,laptop,45266
10947,iphone,89866
10948,chair,3745
10949,chair,43919
10950,book,
10951,chair,88681
10952,pc,83365
10953,chair,45022
10954,chair,73705
10955,chair,45012
10956,pc,18254
10957,phone,89624
10958,iphone,30479
10959,car,64418
10960,book,99409
10961,laptop,94575
10962,iphone,14637
10963,pc,46215
10964,book,21871
10965,phone,60387
10966,car,72267
10967,phone,49847
10968,pc,45081
10969,chair,68625
10970,laptop,69275
10971,pc,88722
10972,laptop,44855
10973,chair,99168
10974,phone,
10975,car,82026
10976,chair,42490
10977,chair,87236
10978,laptop,46855
10979,laptop,28825
10980,iphone,4096
10981,car,62115
10982,pc,14110
10983,phone,32433
10984,phone,12513
10985,car,11386
10986,iphone,62341
10987,laptop,
10988,iphone,97932
10989,pc,33728
10990,chair,55615
10991,chair,68907
10992,chair,85852
10993,phone,1850
10994,book,7760
10995,phone,10988
10996,book,31522
10997,chair,30785
10998,book,9667
10999,phone,7774
11000,laptop,93359
11001,laptop,77355
11002,book,16389
11003,iphone,54889
11004,phone,13101
11005,pc,
11006,pc,30035
11007,car,72883
11008,book,
11009,laptop,11855
11010,iphone,19956
11011,chair,79666
11012,car,39030
11013,laptop,89066
11014,pc,94680
11015,pc,33469
11016,pc,48638
11017,phone,24222
11018,book,14444
11019,iphone,77394
11020,chair,82406
11021,laptop,11151
11022,book,26623
11023,iphone,57131
11024,book,11082
11025,chair,20549
11026,iphone,
11027,phone,88893
11028,iphone,2070
11029,phone,76617
11030,chair,61302
11031,book,44529
11032,car,59233
11033,pc,66746
11034,chair,18514
11035,iphone,97470
11036,chair,64116
11037,pc,20397
11038,pc,72082
11039,pc,9898
11040,car,28551
11041,iphone,63444
11042,chair,47052
11043,pc,89449
11044,phone,57943
11045,iphone,77969
11046,iphone,95550
11047,chair,25755
11048,chair,41654
11049,chair,23275
11050,chair,84698
11051,phone,68254
11052,pc,72738
11053,book,27924
11054,iphone,83617
11055,laptop,22295
11056,book,52398
11057,phone,6190
11058,pc,6229
11059,laptop,94218
11060,car,53488
11061,iphone,89052
11062,laptop,9018
11063,book,19162
11064,pc,71002
11065,book,9898
11066,pc,87166
11067,pc,9394
11068,chair,41100
11069,chair,36807
11070,phone,71498
11071,laptop,382
11072,chair,86184
11073,book,30939
11074,pc,72112
11075,iphone,95840
11076,chair,88095
11077,phone,94852
11078,car,29132
11079,phone,31137
11080,book,87499
11081,iphone,91935
11082,phone,
11083,iphone,1655
11084,phone,77661
11085,iphone,63713
11086,phone,6051
11087,chair,16960
11088,chair,94014
11089,chair,62113
11090,chair,56846
11091,pc,47865
11092,car,85748
11093,iphone,79515
11094,laptop,28402
11095,phone,48668
11096,chair,76564
11097,car,34711
11098,car,47422
11099,laptop,55091
11100,book,80849
11101,phone,51050
11102,car,24387
11103,phone,10256
11104,pc,96254
11105,iphone,90190
11106,car,65598
11107,phone,55791
11108,pc,52532
11109,chair,52654
11110,car,57752
11111,book,3310
11112,laptop,27193
11113,phone,71364
11114,car,62629
11115,iphone,6099
11116,pc,28497
11117,iphone,94029
11118,car,
11119,iphone,9023
11120,laptop,51246
11121,phone,55608
11122,pc,111
11123,laptop,
11124,chair,59910
11125,phone,89679
11126,laptop,87941
11127,chair,38734
11128,book,78769
11129,phone,
11130,iphone,54481
11131,laptop,32801
11132,phone,70601
11133,book,66914
11134,phone,28370
11135,phone,30320
11136,chair,70947
11137,pc,79082
11138,iphone,95543
11139,pc,10322
11140,car,23740
11141,iphone,
11142,car,
11143,book,84390
11144,pc,7556
11145,phone,29236
11146,laptop,34632
11147,chair,89861
11148,pc,10742
11149,book,16814
11150,book,62890
11151,chair,2676
11152,chair,58503
11153,iphone,52491
11154,iphone,62974
11155,laptop,68920
11156,book,95312
11157,book,75569
11158,phone,76236
11159,book,78678
11160,chair,17671
11161,chair,14467
11162,laptop,53637
11163,car,54723
11164,laptop,12441
11165,book,86888
11166,chair,
11167,chair,64555
11168,pc,89746
11169,car,
11170,iphone,31883
11171,chair,
11172,pc,22041
11173,book,48040
11174,car,23331
11175,iphone,54318
11176,chair,39988
11177,book,63963
11178,book,11623
11179,book,27690
11180,book,93130
11181,book,76709
11182,chair,21848
11183,iphone,27155
11184,iphone,65482
11185,chair,64717
11186,laptop,89557
11187,iphone,50989
11188,pc,90577
11189,pc,15798
11190,car,10077
11191,phone,69059
11192,laptop,4801
11193,car,40694
11194,iphone,7377
11195,pc,21409
11196,book,38778
11197,laptop,43634
11198,book,91074
11199,phone,30725
11200,iphone,76807
11201,book,16208
11202,pc,36497
11203,iphone,82852
11204,pc,42225
11205,car,
11206,laptop,35694
11207,chair,91824
11208,iphone,73092
11209,chair,33300
11210,car,55177
11211,pc,13932
11212,car,23880
11213,iphone,4891
11214,chair,51795
11215,pc,34225
11216,laptop,27251
11217,iphone,32989
11218,laptop,41150
11219,phone,6910
11220,book,61642
11221,book,86701
11222,iphone,81495
11223,chair,56183
11224,iphone,47495
11225,car,60924
11226,pc,95601
11227,chair,98206
11228,book,23047
11229,iphone,63367
11230,iphone,24665
11231,laptop,99671
11232,chair,66613
11233,chair,27026
11234,pc,
11235,phone,56202
11236,phone,90755
11237,pc,86096
11238,pc,1468
11239,iphone,40059
11240,pc,84716
11241,pc,35438
11242,chair,68840
11243,car,30085
11244,car,53974
11245,iphone,24225
11246,iphone,40982
11247,laptop,12339
11248,book,40632
11249,laptop,38866
11250,car,
11251,car,20355
11252,iphone,
11253,chair,36636
11254,pc,98820
11255,laptop,78764
11256,laptop,46011
11257,iphone,11909
11258,chair,67469
11259,phone,44087
11260,phone,
11261,chair,75491
11262,laptop,64879
11263,laptop,70667
11264,book,25234
11265,phone,40769
11266,car,39332
11267,car,12234
11268,iphone,7314
11269,book,23472
11270,phone,87477
11271,car,3560
11272,iphone,50243
11273,laptop,23755
11274,iphone,22993
11275,chair,22872
11276,pc,93208
11277,phone,87027
11278,phone,22004
11279,book,30371
11280,book,74538
11281,laptop,8575
11282,iphone,98893
11283,pc,2128
11284,car,30211
11285,car,16622
11286,laptop,19503
11287,laptop,55658
11288,iphone,97606
11289,pc,25076
11290,pc,88414
11291,book,30156
11292,pc,61949
11293,laptop,96675
11294,book,80254
11295,laptop,66549
11296,phone,47444
11297,car,37260
11298,pc,23146
11299,phone,17504
11300,book,2729
11301,phone,44567
11302,car,75709
11303,car,99499
11304,car,68558
11305,car,48918
11306,book,62862
11307,car,1082
11308,pc,79305
11309,car,
11310,laptop,42299
11311,book,61646
11312,phone,33897
11313,phone,72017
11314,book,4932
11315,car,77162
11316,laptop,72152
11317,book,27822
11318,laptop,
11319,iphone,84548
11320,phone,67678
11321,phone,77207
11322,book,33844
11323,phone,91854
11324,chair,84210
11325,chair,56784
11326,book,34191
11327,book,10752
11328,chair,99446
11329,pc,34171
11330,car,
11331,iphone,58724
11332,chair,62971
11333,car,56640
11334,iphone,85540
11335,laptop,95416
11336,book,2621
11337,iphone,64408
11338,iphone,73790
11339,iphone,26792
11340,laptop,48226
11341,book,57008
11342,book,2444
11343,laptop,2180
11344,iphone,53603
11345,phone,75577
11346,car,63500
11347,laptop,17788
11348,car,34641
11349,pc,56968
11350,chair,92144
11351,book,43402
11352,car,39408
11353,chair,43311
11354,chair,
11355,iphone,70636
11356,laptop,64291
11357,phone,99034
11358,phone,39433
11359,book,
11360,chair,99692
11361,car,84780
11362,laptop,99449
11363,iphone,73306
11364,car,50510
11365,pc,45979
11366,pc,11086
11367,chair,18520
11368,phone,49462
11369,book,80005
11370,iphone,99495
11371,laptop,66022
11372,car,92813
11373,phone,68705
11374,phone,6392
11375,pc,54388
11376,pc,25467
11377,iphone,33256
11378,laptop,27693
11379,iphone,52817
11380,book,49482
11381,iphone,32060
11382,pc,9429
11383,iphone,
11384,pc,57638
11385,iphone,62492
11386,iphone,6267
11387,phone,16257
11388,phone,46835
11389,phone,56099
11390,pc,17813
11391,phone,51434
11392,phone,91307
11393,chair,72649
11394,book,64998
11395,laptop,49064
11396,book,37598
11397,iphone,37389
11398,car,43815
11399,pc,24937
11400,phone,33259
11401,car,98728
11402,car,51025
11403,phone,62301
11404,laptop,19699
11405,chair,
11406,phone,46490
11407,chair,58346
11408,laptop,11569
11409,chair,61759
11410,car,27257
11411,chair,7626
11412,car,94060
11413,chair,36406
11414,iphone,53613
11415,laptop,95154
11416,book,97630
11417,laptop,45010
11418,pc,43716
11419,iphone,47901
11420,pc,23631
11421,pc,17056
11422,phone,4180
11423,iphone,87963
11424,car,4825
11425,laptop,74792
11426,iphone,7855
11427,iphone,40326
11428,book,
11429,iphone,55235
11430,chair,90365
11431,car,74409
11432,book,41203
11433,chair,13343
11434,iphone,65848
11435,pc,58696
11436,car,52663
11437,phone,95704
11438,laptop,55712
11439,chair,84922
11440,phone,87677
11441,chair,60497
11442,iphone,52415
11443,iphone,50252
11444,book,92821
11445,book,48872
11446,iphone,52968
11447,laptop,
11448,book,69042
11449,iphone,36205
11450,iphone,30496
11451,iphone,95681
11452,pc,24370
11453,phone,37456
11454,car,36469
11455,car,31715
11456,book,22902
11457,pc,7182
11458,laptop,11565
11459,book,4224
11460,laptop,59122
11461,car,72320
11462,book,33204
11463,phone,65580
11464,laptop,59664
11465,laptop,16803
11466,chair,79391
11467,laptop,2187
11468,iphone,21821
11469,iphone,66132
11470,phone,46838
11471,chair,98005
11472,iphone,53252
11473,phone,65129
11474,phone,26710
11475,chair,
11476,laptop,88383
11477,pc,46575
11478,book,35066
11479,phone,70059
11480,car,27530
11481,book,70512
11482,laptop,90933
11483,chair,78946
11484,laptop,81607
11485,car,75672
11486,book,88790
11487,car,
11488,pc,
11489,book,
11490,laptop,68003
11491,car,14496
11492,phone,99339
11493,book,70521
11494,pc,12727
11495,book,69794
11496,car,
11497,chair,93910
11498,car,7272
11499,pc,
11500,chair,50486
11501,pc,92219
11502,book,
11503,pc,20576
11504,chair,48493
11505,book,31740
11506,car,77021
11507,iphone,22726
11508,chair,20281
11509,phone,38691
11510,chair,
11511,laptop,11550
11512,pc,43560
11513,iphone,25660
11514,car,8227
11515,laptop,24878
11516,chair,38906
11517,chair,69838
11518,chair,13082
11519,chair,97045
11520,phone,71962
11521,laptop,41007
11522,laptop,97179
11523,car,31113
11524,iphone,42668
11525,laptop,73185
11526,iphone,
11527,book,18528
11528,phone,78374
11529,laptop,7218
11530,phone,10752
11531,book,13497
11532,chair,13715
11533,iphone,83979
11534,phone,12226
11535,chair,98796
11536,car,95251
11537,book,20976
11538,iphone,97000
11539,chair,18532
11540,phone,16507
11541,pc,82944
11542,car,83628
11543,phone,49942
11544,car,49998
11545,pc,25369
11546,iphone,75095
11547,car,11318
11548,iphone,45254
11549,book,86776
11550,car,83040
11551,laptop,99623
11552,pc,59751
11553,chair,20696
11554,pc,84592
11555,iphone,35039
11556,book,64663
11557,iphone,25083
11558,book,16003
11559,pc,11583
11560,laptop,94007
11561,car,88721
11562,book,84216
11563,chair,19322
11564,iphone,52354
11565,chair,5756
11566,laptop,22741
11567,car,23845
11568,laptop,47004
11569,car,62535
11570,laptop,52315
11571,iphone,
11572,laptop,75965
11573,chair,10935
11574,iphone,95509
11575,book,57101
11576,phone,
11577,laptop,12290
11578,phone,46454
11579,phone,28908
11580,book,69578
11581,book,58038
11582,iphone,45559
11583,phone,80392
11584,book,9708
11585,pc,6876
11586,phone,18094
11587,car,11558
11588,chair,25366
11589,book,36627
11590,phone,36319
11591,iphone,10438
11592,car,2021
11593,pc,27173
11594,laptop,94506
11595,iphone,68295
11596,book,42290
11597,iphone,22084
11598,iphone,40375
11599,chair,98760
11600,chair,73840
11601,iphone,47407
11602,pc,16796
11603,book,46977
11604,chair,
11605,phone,83834
11606,chair,43434
11607,iphone,86180
11608,iphone,1025
11609,car,66916
11610,car,82154
11611,book,54246
11612,car,49807
11613,iphone,77725
11614,pc,86970
11615,iphone,24323
11616,car,68883
11617,pc,211
11618,car,69067
11619,pc,48957
11620,pc,66840
11621,book,70146
11622,iphone,55365
11623,phone,83773
11624,phone,80060
11625,phone,72307
11626,pc,35232
11627,iphone,42657
11628,car,43872
11629,pc,46846
11630,iphone,62596
11631,laptop,89611
11632,car,78603
11633,iphone,65922
11634,iphone,35984
11635,book,36232
11636,chair,
11637,chair,38159
11638,book,20511
11639,phone,99695
11640,chair,85447
11641,chair,81109
11642,phone,43862
11643,pc,53249
11644,laptop,9429
11645,car,84059
11646,phone,14626
11647,book,69387
11648,book,94715
11649,chair,6530
11650,book,
11651,laptop,24076
11652,chair,51904
11653,car,4933
11654,chair,42897
11655,book,83794
11656,pc,36802
11657,pc,36800
11658,car,97662
11659,pc,86876
11660,book,50013
11661,phone,74412
11662,iphone,33297
11663,phone,6463
11664,chair,66342
11665,chair,26736
11666,pc,72554
11667,chair,43731
11668,car,98009
11669,pc,69072
11670,phone,97893
11671,phone,45340
11672,laptop,54634
11673,chair,76778
11674,pc,5361
11675,book,63511
11676,car,98007
11677,car,
11678,iphone,64981
11679,pc,43615
11680,iphone,91326
11681,car,81795
11682,book,78551
11683,iphone,69561
11684,car,
11685,phone,82121
11686,iphone,65707
11687,laptop,22375
11688,chair,46847
11689,laptop,85066
11690,car,73017
11691,pc,88287
11692,phone,41946
11693,book,20803
11694,phone,34055
11695,pc,48598
11696,phone,67108
11697,laptop,51829
11698,chair,79889
11699,car,62979
11700,car,87333
11701,car,91352
11702,book,79580
11703,book,63343
11704,laptop,20077
11705,book,36351
11706,laptop,40215
11707,book,44440
11708,pc,56288
11709,laptop,23310
11710,book,99608
11711,pc,84422
11712,laptop,62373
11713,laptop,56934
11714,laptop,41843
11715,book,63099
11716,chair,39713
11717,iphone,85018
11718,car,83708
11719,car,56611
11720,book,64569
11721,chair,53808
11722,car,18463
11723,iphone,76318
11724,laptop,7047
11725,phone,90955
11726,pc,14752
11727,laptop,77822
11728,phone,6678
11729,iphone,16130
11730,laptop,60600
11731,phone,37714
11732,book,
11733,pc,86410
11734,laptop,63406
11735,pc,47878
11736,phone,
11737,laptop,13613
11738,pc,84955
11739,iphone,40503
11740,chair,43096
11741,iphone,28048
11742,book,19876
11743,pc,70307
11744,laptop,
11745,laptop,88362
11746,iphone,45090
11747,phone,39506
11748,car,65743
11749,chair,52750
11750,chair,69586
11751,car,82322
11752,iphone,25351
11753,phone,27971
11754,iphone,83634
11755,laptop,39398
11756,chair,32980
11757,phone,58273
11758,iphone,33355
11759,iphone,
11760,iphone,94419
11761,car,90902
11762,pc,
11763,chair,93538
11764,laptop,5470
11765,book,65446
11766,laptop,52746
11767,chair,3329
11768,pc,50895
11769,chair,60308
11770,laptop,4094
11771,iphone,99349
11772,chair,4622
11773,phone,84699
11774,laptop,64078
11775,book,78300
11776,pc,40973
11777,laptop,52149
11778,iphone,98207
11779,car,30978
11780,iphone,76726
11781,phone,88716
11782,pc,25944
11783,car,31477
11784,laptop,46667
11785,iphone,53414
11786,chair,59566
11787,pc,70560
11788,pc,11190
11789,pc,45273
11790,car,25408
11791,book,35665
11792,pc,61354
11793,car,64552
11794,iphone,80541
11795,pc,88129
11796,pc,93358
11797,car,54269
11798,phone,8199
11799,iphone,2929
11800,pc,87498
11801,chair,59805
11802,iphone,47737
11803,car,47809
11804,book,51096
11805,car,22820
11806,car,87738
11807,phone,95611
11808,phone,34657
11809,iphone,8953
11810,pc,68562
11811,phone,76450
11812,chair,16548
11813,iphone,25706
11814,car,9903
11815,laptop,21809
11816,laptop,49494
11817,chair,76753
11818,phone,71637
11819,book,19234
11820,car,81093
11821,car,99381
11822,car,34616
11823,iphone,49485
11824,laptop,23706
11825,laptop,41553
11826,laptop,10015
11827,chair,90116
11828,book,91263
11829,laptop,50075
11830,phone,2397
11831,iphone,7594
11832,pc,84943
11833,iphone,90441
11834,book,94670
11835,phone,13070
11836,book,36629
11837,car,10521
11838,laptop,17639
11839,pc,9764
11840,laptop,31959
11841,pc,34991
11842,chair,14587
11843,pc,71002
11844,pc,1496
11845,pc,63135
11846,car,38152
11847,phone,6056
11848,iphone,55284
11849,iphone,57080
11850,chair,
11851,pc,49442
11852,pc,48912
11853,chair,85748
11854,phone,8608
11855,iphone,12295
11856,phone,36954
11857,book,67652
11858,phone,86084
11859,laptop,51109
11860,car,5861
11861,pc,87986
11862,pc,38977
11863,iphone,52508
11864,laptop,61245
11865,laptop,80330
11866,chair,42323
11867,iphone,98662
11868,pc,2678
11869,phone,32790
11870,car,4350
11871,book,98394
11872,phone,30076
11873,laptop,86770
11874,chair,78142
11875,phone,16172
11876,book,48989
11877,book,24619
11878,phone,
11879,pc,60889
11880,chair,22957
11881,chair,
11882,pc,32632
11883,iphone,95502
11884,pc,44686
11885,pc,451
11886,pc,55501
11887,book,99186
11888,chair,66852
11889,phone,36221
11890,book,79099
11891,pc,48241
11892,book,65992
11893,car,89449
11894,car,10837
11895,chair,58803
11896,pc,42765
11897,car,40828
11898,laptop,49464
11899,book,90474
11900,iphone,3407
11901,pc,39879
11902,chair,11590
11903,pc,32052
11904,pc,43308
11905,laptop,83202
11906,book,74221
11907,book,28907
11908,laptop,79023
11909,phone,64611
11910,chair,91653
11911,chair,45272
11912,phone,7468
11913,book,16982
11914,laptop,91573
11915,phone,12218
11916,phone,30390
11917,car,72781
11918,book,31335
11919,phone,33930
11920,chair,59447
11921,car,59966
11922,phone,57092
11923,car,50826
11924,laptop,42545
11925,iphone,76955
11926,car,88646
11927,iphone,30563
11928,car,99950
11929,phone,5846
11930,pc,34628
11931,book,98096
11932,car,59138
11933,laptop,65519
11934,laptop,
11935,laptop,42
11936,laptop,69904
11937,car,39776
11938,iphone,57512
11939,iphone,15344
11940,book,45146
11941,phone,44683
11942,car,63392
11943,chair,76503
11944,laptop,94125
11945,laptop,54205
11946,car,14090
11947,chair,75514
11948,phone,58926
11949,laptop,97410
11950,laptop,60468
11951,pc,59757
11952,pc,89538
11953,book,66441
11954,laptop,89168
11955,chair,76017
11956,chair,33793
11957,iphone,45727
11958,iphone,56868
11959,phone,95540
11960,book,85190
11961,iphone,8870
11962,pc,53708
11963,car,4426
11964,book,58046
11965,phone,57544
11966,book,5358
11967,car,74645
11968,book,53250
11969,pc,65143
11970,phone,97704
11971,car,58201
11972,chair,11193
11973,chair,99521
11974,pc,
11975,chair,78259
11976,phone,86597
11977,car,70731
11978,iphone,37672
11979,pc,25243
11980,iphone,31700
11981,chair,28268
11982,book,30118
11983,laptop,2956
11984,car,92847
11985,chair,49525
11986,book,
11987,laptop,89135
11988,chair,45061
11989,iphone,44698
11990,phone,51352
11991,laptop,78484
11992,laptop,66302
11993,laptop,93769
11994,car,50140
11995,car,33267
11996,book,72834
11997,laptop,62767
11998,car,32166
11999,chair,75845
12000,iphone,68194
12001,car,21852
12002,laptop,40765
12003,pc,846
12004,laptop,58204
12005,phone,39673
12006,pc,3914
12007,phone,55610
12008,book,58540
12009,book,88963
12010,pc,94647
12011,book,
12012,pc,9851
12013,phone,12193
12014,book,
12015,laptop,54356
12016,pc,
12017,car,17264
12018,book,74168
12019,book,20903
12020,book,91706
12021,chair,20644
12022,car,47486
12023,car,75533
12024,car,87363
12025,book,39376
12026,chair,30730
12027,pc,71028
12028,book,61735
12029,chair,10299
12030,iphone,69084
12031,phone,89754
12032,chair,2779
12033,pc,95764
12034,iphone,475
12035,chair,64107
12036,laptop,35597
12037,chair,69445
12038,phone,86317
12039,car,7281
12040,car,53187
12041,phone,61140
12042,laptop,2347
12043,car,22428
12044,phone,74862
12045,phone,22388
12046,car,94543
12047,phone,70065
12048,car,96330
12049,book,24725
12050,pc,48819
12051,book,
12052,pc,90281
12053,book,70111
12054,iphone,55868
12055,chair,34028
12056,laptop,77911
12057,pc,52603
12058,phone,97193
12059,iphone,65557
12060,iphone,83134
12061,phone,47838
12062,chair,74120
12063,phone,63358
12064,iphone,80927
12065,pc,74902
12066,pc,73708
12067,pc,94485
12068,laptop,29732
12069,iphone,74069
12070,phone,35212
12071,book,25913
12072,car,44625
12073,book,13518
12074,laptop,82789
12075,laptop,16369
12076,chair,27657
12077,car,58147
12078,chair,21610
12079,chair,61164
12080,laptop,60226
12081,laptop,14509
12082,car,
12083,pc,61308
12084,car,54007
12085,pc,45328
12086,book,71488
12087,pc,23306
12088,laptop,61581
12089,iphone,99578
12090,iphone,60435
12091,phone,98500
12092,laptop,83277
12093,laptop,44906
12094,car,60612
12095,book,79115
12096,car,62462
12097,chair,53228
12098,car,40289
12099,pc,88650
12100,iphone,20537
12101,book,6144
12102,car,35417
12103,book,83978
12104,laptop,61721
12105,book,6627
12106,iphone,6532
12107,book,78827
12108,chair,46443
12109,phone,54421
12110,pc,21992
12111,phone,90947
12112,car,47968
12113,laptop,4332
12114,pc,78590
12115,pc,99676
12116,chair,35183
12117,car,7687
12118,chair,19439
12119,phone,93158
12120,chair,24162
12121,car,40729
12122,chair,43025
12123,phone,1670
12124,chair,68380
12125,laptop,80003
12126,car,43248
12127,book,96595
12128,laptop,40130
12129,pc,70609
12130,iphone,99832
12131,iphone,80800
12132,phone,90903
12133,phone,10802
12134,laptop,78004
12135,chair,21779
12136,phone,21433
12137,iphone,95498
12138,car,42525
12139,chair,26580
12140,pc,2083
12141,book,83382
12142,chair,59412
12143,phone,84531
12144,laptop,59193
12145,book,96671
12146,iphone,34053
12147,iphone,93637
12148,laptop,32582
12149,chair,64580
12150,book,92448
12151,iphone,56736
12152,phone,
12153,car,74829
12154,pc,40078
12155,pc,52460
12156,book,41872
12157,car,88063
12158,book,90294
12159,laptop,61447
12160,book,43827
12161,phone,66970
12162,chair,32279
12163,chair,30466
12164,laptop,82453
12165,car,6615
12166,pc,
12167,phone,23424
12168,pc,62344
12169,laptop,74718
12170,book,93661
12171,car,7204
12172,pc,5874
12173,laptop,52397
12174,chair,17310
12175,laptop,3714
12176,phone,47924
12177,laptop,65359
12178,chair,34966
12179,iphone,
12180,chair,19963
12181,iphone,88487
12182,laptop,51546
12183,laptop,77821
12184,book,48793
12185,car,42040
12186,pc,4665
12187,phone,9878
12188,book,32698
12189,car,
12190,laptop,45782
12191,iphone,95581
12192,iphone,33282
12193,car,
12194,book,61662
12195,chair,65170
12196,car,46916
12197,phone,51423
12198,phone,22764
12199,book,17230
12200,laptop,2287
12201,car,15771
12202,iphone,9756
12203,iphone,70313
12204,iphone,93863
12205,phone,17225
12206,chair,101
12207,phone,9588
12208,laptop,20164
12209,chair,73711
12210,iphone,46989
12211,iphone,78072
12212,phone,10137
12213,laptop,28281
12214,iphone,
12215,chair,66215
12216,chair,77707
12217,chair,10308
12218,laptop,54735
12219,iphone,6560
12220,iphone,19503
12221,phone,68740
12222,book,70509
12223,book,36837
12224,car,
12225,phone,50577
12226,pc,14926
12227,phone,
12228,phone,96188
12229,laptop,89791
12230,laptop,78103
12231,chair,
12232,iphone,77491
12233,phone,52462
12234,car,99439
12235,pc,23081
12236,book,62805
12237,pc,20524
12238,car,83665
12239,book,87656
12240,car,20229
12241,iphone,27627
12242,laptop,2325
12243,phone,95309
12244,iphone,3772
12245,book,52473
12246,book,68213
12247,car,82419
12248,book,84088
12249,laptop,37231
12250,book,53956
12251,phone,34106
12252,phone,73963
12253,chair,49665
12254,book,54769
12255,phone,73555
12256,laptop,13235
12257,chair,46441
12258,phone,87665
12259,book,52713
12260,pc,
12261,pc,11718
12262,book,82027
12263,iphone,77145
12264,pc,4243
12265,pc,45364
12266,phone,28039
12267,pc,92209
12268,phone,31713
12269,chair,13031
12270,phone,73034
12271,phone,21087
12272,car,48650
12273,laptop,88250
12274,pc,13565
12275,pc,7546
12276,pc,
12277,car,42106
12278,chair,44839
12279,laptop,4109
12280,book,
12281,iphone,73870
12282,book,27365
12283,book,52620
12284,iphone,68213
12285,book,40613
12286,phone,28122
12287,chair,36975
12288,pc,87982
12289,chair,76056
12290,chair,41008
12291,pc,81062
12292,pc,
12293,phone,93568
12294,laptop,74467
12295,book,
12296,phone,35582
12297,phone,20002
12298,book,90857
12299,pc,68402
12300,book,20547
12301,pc,59289
12302,car,52981
12303,chair,16697
12304,pc,29419
12305,laptop,50101
12306,iphone,13380
12307,pc,86415
12308,laptop,96544
12309,chair,13407
12310,book,21758
12311,car,1569
12312,laptop,52762
12313,phone,71075
12314,car,23552
12315,pc,63936
12316,book,36098
12317,phone,4409
12318,book,25388
12319,phone,18420
12320,phone,42330
12321,car,36942
12322,laptop,1941
12323,pc,34016
12324,iphone,32907
12325,book,51496
12326,pc,32023
12327,car,60558
12328,chair,5446
12329,pc,14401
12330,book,19988
12331,phone,82745
12332,book,34546
12333,car,99907
12334,pc,53577
12335,chair,3212
12336,laptop,12126
12337,car,97564
12338,chair,76042
12339,car,16409
12340,iphone,49593
12341,iphone,18745
12342,laptop,53635
12343,book,27711
12344,laptop,5933
12345,pc,36818
12346,chair,9143
12347,book,73710
12348,iphone,1272
12349,laptop,91410
12350,iphone,41269
12351,iphone,76971
12352,iphone,40870
12353,phone,47337
12354,phone,97627
12355,laptop,50645
12356,phone,86583
12357,car,69018
12358,pc,25943
12359,chair,46358
12360,car,35620
12361,laptop,19984
12362,phone,61917
12363,book,7163
12364,phone,3581
12365,pc,58947
12366,laptop,82232
12367,book,68847
12368,phone,30103
12369,pc,92801
12370,pc,80592
12371,laptop,82585
12372,phone,
12373,chair,50503
12374,chair,55918
12375,car,45952
12376,pc,92120
12377,iphone,45571
12378,phone,51980
12379,pc,4745
12380,chair,69968
12381,book,43553
12382,laptop,12402
12383,pc,51926
12384,chair,37830
12385,chair,57778
12386,laptop,
12387,phone,39362
12388,book,83306
12389,iphone,68003
12390,book,33072
12391,book,1588
12392,iphone,13962
12393,chair,
12394,phone,514
12395,car,63738
12396,car,85700
12397,phone,40624
12398,book,26475
12399,car,
12400,chair,13534
12401,chair,9684
12402,phone,92207
12403,car,6825
12404,chair,3096
12405,pc,35133
12406,laptop,46749
12407,laptop,55426
12408,phone,30456
12409,pc,68024
12410,laptop,95736
12411,phone,
12412,laptop,21202
12413,pc,14273
12414,phone,3475
12415,car,30688
12416,laptop,165
12417,car,80896
12418,iphone,76494
12419,pc,52981
12420,laptop,50582
12421,iphone,96953
12422,book,59816
12423,pc,59563
12424,pc,
12425,car,56042
12426,iphone,35788
12427,book,94735
12428,pc,25700
12429,car,73420
12430,car,68950
12431,phone,86671
12432,pc,20110
12433,car,50858
12434,book,12122
12435,laptop,31644
12436,laptop,16301
12437,car,79817
12438,phone,4374
12439,phone,47688
12440,book,62611
12441,car,41868
12442,phone,15524
12443,iphone,17858
12444,laptop,91420
12445,car,80262
12446,pc,48626
12447,car,39617
12448,phone,77664
12449,book,58701
12450,chair,38793
12451,iphone,
12452,iphone,63700
12453,chair,30248
12454,book,32838
12455,iphone,91175
12456,car,
12457,iphone,51789
12458,phone,
12459,book,
12460,laptop,79211
12461,car,7177
12462,laptop,22758
12463,phone,
12464,chair,10512
12465,car,
12466,car,98283
12467,chair,42821
12468,phone,9229
12469,car,25234
12470,book,33079
12471,car,82155
12472,book,11497
12473,car,6144
12474,iphone,67108
12475,pc,25325
12476,book,87295
12477,phone,81853
12478,chair,89993
12479,iphone,53068
12480,phone,88323
12481,pc,34563
12482,iphone,16366
12483,phone,61106
12484,iphone,54092
12485,car,47553
12486,laptop,9202
12487,book,9413
12488,car,
12489,book,18311
12490,chair,98389
12491,chair,52118
12492,car,63005
12493,phone,82535
12494,iphone,
12495,pc,20387
12496,pc,15252
12497,iphone,79632
12498,pc,24808
12499,laptop,79886
12500,book,60613
12501,phone,31957
12502,pc,75681
12503,iphone,74916
12504,iphone,23551
12505,laptop,69947
12506,pc,83239
12507,car,59534
12508,chair,78971
12509,pc,34083
12510,book,74405
12511,laptop,21681
12512,pc,80596
12513,phone,33834
12514,laptop,36493
12515,car,
12516,car,82548
12517,phone,95636
12518,book,14806
12519,car,
12520,chair,29171
12521,pc,33751
12522,chair,68123
12523,chair,65494
12524,phone,43770
12525,laptop,77834
12526,iphone,90996
12527,chair,50941
12528,iphone,63108
12529,book,79921
12530,chair,46704
12531,book,19915
12532,chair,34923
12533,phone,
12534,phone,54061
12535,pc,52014
12536,phone,28359
12537,pc,66678
12538,laptop,879
12539,pc,45180
12540,iphone,74419
12541,phone,29802
12542,iphone,74874
12543,pc,47055
12544,phone,41398
12545,car,73967
12546,iphone,33404
12547,iphone,89415
12548,chair,62846
12549,iphone,51316
12550,phone,93124
12551,book,46549
12552,phone,
12553,phone,13641
12554,chair,72825
12555,laptop,21019
12556,pc,1889
12557,book,52156
12558,pc,66606
12559,iphone,21774
12560,iphone,83557
12561,book,61123
12562,pc,
12563,car,14500
12564,chair,89515
12565,iphone,26571
12566,chair,57852
12567,pc,46287
12568,car,71403
12569,laptop,349
12570,phone,8395
12571,book,2949
12572,book,71404
12573,phone,88266
12574,chair,93909
12575,pc,91512
12576,phone,27438
12577,iphone,8679
12578,pc,95769
12579,laptop,11976
12580,iphone,2401
12581,laptop,4241
12582,book,39790
12583,iphone,33545
12584,iphone,56265
12585,pc,6246
12586,chair,1407
12587,phone,31539
12588,laptop,97756
12589,iphone,369
12590,iphone,87774
12591,laptop,83852
12592,laptop,59886
12593,laptop,75276
12594,chair,
12595,car,73433
12596,chair,14661
12597,car,51956
12598,pc,55872
12599,book,73158
12600,phone,40048
12601,chair,188
12602,laptop,33124
12603,chair,51057
12604,chair,34590
12605,book,4014
12606,iphone,38030
12607,car,72393
12608,chair,95534
12609,iphone,53374
12610,laptop,54116
12611,car,67597
12612,chair,38760
12613,chair,795
12614,laptop,85746
12615,book,
12616,phone,92416
12617,phone,94219
12618,car,43240
12619,car,43439
12620,laptop,32052
12621,iphone,86593
12622,car,
12623,chair,71859
12624,pc,
12625,iphone,39866
12626,pc,35522
12627,iphone,91676
12628,car,65135
12629,phone,44546
12630,iphone,26014
12631,book,13960
12632,chair,43202
12633,car,42549
12634,laptop,57069
12635,car,58369
12636,iphone,70556
12637,pc,28973
12638,chair,
12639,laptop,2448
12640,pc,47021
12641,car,66518
12642,chair,77726
12643,phone,71246
12644,phone,40566
12645,car,23342
12646,book,
12647,pc,92080
12648,laptop,
12649,car,95792
12650,laptop,23730
12651,chair,46219
12652,book,42097
12653,phone,79595
12654,car,89210
12655,pc,77648
12656,car,2401
12657,iphone,43431
12658,phone,18716
12659,phone,42616
12660,car,13641
12661,chair,
12662,chair,46746
12663,book,5108
12664,car,45695
12665,iphone,22005
12666,pc,26883
12667,pc,68378
12668,book,7967
12669,chair,25658
12670,laptop,89228
12671,iphone,88030
12672,book,67661
12673,book,29790
12674,chair,64991
12675,laptop,13871
12676,iphone,32298
12677,iphone,79206
12678,car,75669
12679,car,16599
12680,phone,43038
12681,iphone,6375
12682,car,28878
12683,pc,63668
12684,iphone,68032
12685,iphone,19075
12686,book,84241
12687,book,67122
12688,phone,13751
12689,book,33843
12690,car,75416
12691,phone,31812
12692,chair,74510
12693,chair,61638
12694,pc,37298
12695,book,80179
12696,car,95420
12697,iphone,36266
12698,laptop,84222
12699,iphone,40593
12700,laptop,5664
12701,phone,22328
12702,iphone,50541
12703,iphone,45004
12704,laptop,39022
12705,car,46485
12706,book,51249
12707,chair,96157
12708,laptop,75987
12709,iphone,27433
12710,book,82139
12711,iphone,74408
12712,iphone,79425
12713,iphone,56255
12714,laptop,41186
12715,phone,29224
12716,iphone,54609
12717,iphone,
12718,book,62514
12719,book,28584
12720,laptop,64068
12721,car,
12722,pc,58046
12723,iphone,90008
12724,car,50846
12725,chair,89926
12726,iphone,41458
12727,iphone,82105
12728,chair,70071
12729,pc,20541
12730,pc,93781
12731,iphone,37030
12732,chair,24784
12733,phone,79169
12734,laptop,72656
12735,laptop,5664
12736,iphone,11403
12737,car,
12738,pc,89571
12739,car,25633
12740,pc,41099
12741,iphone,43386
12742,car,81666
12743,phone,77887
12744,iphone,18304
12745,pc,63186
12746,phone,55558
12747,car,4375
12748,book,46784
12749,laptop,91076
12750,phone,
12751,chair,19503
12752,chair,14882
12753,phone,25501
12754,phone,
12755,laptop,47245
12756,book,61617
12757,car,20986
12758,chair,32673
12759,iphone,83213
12760,pc,95999
12761,car,54850
12762,laptop,96330
12763,phone,20161
12764,pc,70912
12765,iphone,93072
12766,iphone,50620
12767,laptop,73067
12768,iphone,87975
12769,chair,48624
12770,laptop,44578
12771,book,16524
12772,phone,43624
12773,phone,65328
12774,phone,79392
12775,car,28362
12776,pc,63983
12777,phone,25124
12778,book,8089
12779,laptop,53878
12780,chair,23323
12781,iphone,32007
12782,phone,94486
12783,iphone,
12784,car,55586
12785,book,89869
12786,pc,73955
12787,phone,44192
12788,iphone,13655
12789,phone,4866
12790,phone,60585
12791,chair,8799
12792,laptop,22628
12793,chair,76548
12794,car,40545
12795,book,57202
12796,book,21442
12797,chair,95435
12798,chair,25380
12799,iphone,89949
12800,car,96297
12801,iphone,9511
12802,iphone,75758
12803,phone,79875
12804,pc,44194
12805,pc,11146
12806,pc,54775
12807,chair,73298
12808,pc,66965
12809,pc,58257
12810,iphone,59510
12811,car,37496
12812,book,64355
12813,iphone,58314
12814,car,71762
12815,pc,25364
12816,pc,86538
12817,book,97948
12818,iphone,10374
12819,pc,75618
12820,book,38159
12821,laptop,54930
12822,laptop,42473
12823,pc,35487
12824,phone,74431
12825,phone,2549
12826,iphone,34769
12827,phone,82264
12828,laptop,44910
12829,pc,28510
12830,phone,91078
12831,laptop,71756
12832,book,57870
12833,chair,91629
12834,book,41691
12835,phone,6928
12836,phone,80585
12837,book,59475
12838,pc,20324
12839,phone,78477
12840,pc,19218
12841,phone,9332
12842,iphone,49500
12843,laptop,3518
12844,chair,64578
12845,chair,55606
12846,chair,95503
12847,iphone,67542
12848,chair,9734
12849,iphone,84051
12850,phone,61859
12851,car,48192
12852,iphone,61107
12853,book,16149
12854,pc,34407
12855,pc,47312
12856,pc,
12857,iphone,10905
12858,car,2360
12859,chair,11219
12860,book,34300
12861,book,57670
12862,chair,15532
12863,phone,67428
12864,car,52479
12865,phone,13470
12866,laptop,62854
12867,phone,94965
12868,chair,37385
12869,chair,29482
12870,phone,
12871,book,58016
12872,book,91670
12873,pc,38492
12874,phone,7039
12875,laptop,
12876,chair,74796
12877,chair,61470
12878,chair,65059
12879,book,3680
12880,iphone,48788
12881,chair,87179
12882,laptop,21426
12883,iphone,82145
12884,pc,80972
12885,pc,1566
12886,iphone,61691
12887,laptop,79042
12888,phone,60386
12889,iphone,86980
12890,car,83886
12891,pc,55346
12892,laptop,98103
12893,phone,33345
12894,car,45422
12895,pc,88893
12896,iphone,97254
12897,laptop,21726
12898,chair,53013
12899,laptop,94214
12900,pc,5157
12901,car,48023
12902,chair,24596
12903,pc,80295
12904,car,58214
12905,car,98512
12906,phone,90010
12907,book,69936
12908,chair,49377
12909,car,69493
12910,laptop,11587
12911,car,39476
12912,book,47601
12913,book,94842
12914,phone,10333
12915,laptop,80252
12916,chair,27713
12917,car,65970
12918,phone,96268
12919,chair,58223
12920,laptop,3513
12921,book,73117
12922,phone,33873
12923,laptop,41594
12924,pc,
12925,iphone,12736
12926,chair,7438
12927,iphone,90830
12928,car,70022
12929,laptop,55612
12930,book,87596
12931,iphone,29146
12932,car,31819
12933,laptop,54008
12934,chair,27478
12935,chair,59501
12936,iphone,85306
12937,laptop,69713
12938,chair,5227
12939,pc,54865
12940,laptop,80766
12941,phone,17597
12942,chair,43500
12943,laptop,21491
12944,car,63474
12945,car,13366
12946,iphone,8419
12947,car,36951
12948,phone,
12949,laptop,70756
12950,laptop,50671
12951,chair,76529
12952,pc,13591
12953,phone,33039
12954,iphone,23624
12955,chair,10292
12956,phone,44033
12957,book,35576
12958,laptop,81460
12959,car,55551
12960,phone,56080
12961,book,67956
12962,iphone,77290
12963,book,61687
12964,laptop,43173
12965,book,59233
12966,car,9079
12967,pc,15144
12968,book,17851
12969,iphone,90691
12970,pc,427
12971,iphone,78914
12972,phone,59464
12973,laptop,8388
12974,iphone,32921
12975,phone,67624
12976,book,20079
12977,car,69204
12978,laptop,62720
12979,book,94210
12980,car,53362
12981,chair,9162
12982,laptop,52699
12983,pc,91911
12984,pc,8139
12985,car,86144
12986,phone,33072
12987,book,41428
12988,pc,4603
12989,pc,58918
12990,iphone,31624
12991,pc,57670
12992,iphone,85271
12993,iphone,64495
12994,chair,83327
12995,iphone,39092
12996,phone,46156
12997,phone,8208
12998,car,17047
12999,iphone,71251
13000,iphone,71372
13001,car,63998
13002,book,6224
13003,phone,41805
13004,iphone,45444
13005,book,43427
13006,book,30362
13007,laptop,92884
13008,car,68535
13009,chair,72217
13010,iphone,44379
13011,pc,22459
13012,iphone,70817
13013,phone,5439
13014,laptop,80406
13015,laptop,93683
13016,book,40653
13017,pc,20489
13018,iphone,37559
13019,phone,43035
13020,pc,10386
13021,iphone,88409
13022,pc,70830
13023,book,60328
13024,chair,98911
13025,car,97752
13026,pc,27261
13027,car,50021
13028,book,38401
13029,pc,98169
13030,phone,17849
13031,phone,92068
13032,iphone,24399
13033,phone,60655
13034,iphone,3808
13035,iphone,824
13036,book,
13037,phone,29687
13038,car,10484
13039,iphone,23854
13040,iphone,29080
13041,laptop,45476
13042,car,99188
13043,iphone,62958
13044,pc,55742
13045,pc,85245
13046,pc,59364
13047,phone,4790
13048,chair,27913
13049,laptop,92499
13050,book,7981
13051,pc,28917
13052,iphone,16588
13053,pc,58741
13054,chair,21393
13055,car,95265
13056,pc,44269
13057,laptop,68315
13058,book,91797
13059,iphone,75870
13060,car,60051
13061,iphone,13665
13062,chair,73127
13063,book,9063
13064,laptop,55224
13065,iphone,37419
13066,phone,60323
13067,pc,44993
13068,phone,38931
13069,laptop,34675
13070,iphone,65465
13071,iphone,24564
13072,iphone,9247
13073,iphone,71350
13074,book,70078
13075,phone,57370
13076,chair,55474
13077,pc,80604
13078,laptop,76373
13079,car,36575
13080,pc,4164
13081,phone,83385
13082,book,27043
13083,chair,94163
13084,chair,32104
13085,book,90938
13086,chair,66132
13087,phone,99510
13088,phone,29339
13089,pc,72053
13090,book,71842
13091,car,
13092,chair,2216
13093,chair,28633
13094,pc,25916
13095,laptop,2775
13096,pc,58962
13097,phone,60398
13098,chair,
13099,phone,56556
13100,iphone,60644
13101,iphone,87528
13102,laptop,64833
13103,laptop,80164
13104,book,48214
13105,chair,42494
13106,iphone,82469
13107,phone,93070
13108,iphone,15038
13109,laptop,37516
13110,chair,81823
13111,laptop,90397
13112,laptop,86875
13113,laptop,8087
13114,phone,69414
13115,iphone,
13116,pc,9739
13117,phone,12619
13118,car,82464
13119,iphone,39238
13120,car,64412
13121,laptop,41899
13122,pc,26805
13123,chair,87138
13124,pc,50556
13125,car,34350
13126,phone,67225
13127,iphone,18546
13128,laptop,
13129,pc,47497
13130,iphone,22584
13131,iphone,22089
13132,iphone,
13133,laptop,92042
13134,pc,57213
13135,pc,2890
13136,book,23072
13137,car,72309
13138,chair,86512
13139,pc,74930
13140,laptop,8012
13141,iphone,62711
13142,book,11605
13143,pc,85905
13144,pc,42587
13145,laptop,11317
13146,book,11398
13147,car,39662
13148,iphone,
13149,pc,65842
13150,iphone,8999
13151,pc,89865
13152,book,23055
13153,phone,54527
13154,chair,31354
13155,laptop,15201
13156,car,3397
13157,car,11313
13158,iphone,65863
13159,chair,
13160,chair,77602
13161,car,4504
13162,pc,78950
13163,chair,84505
13164,book,75811
13165,phone,39586
13166,car,24675
13167,chair,14115
13168,iphone,77344
13169,chair,9188
13170,iphone,42065
13171,phone,
13172,iphone,27118
13173,chair,19871
13174,pc,82055
13175,phone,39373
13176,iphone,9070
13177,phone,85877
13178,pc,73817
13179,chair,66345
13180,car,38084
13181,chair,3954
13182,chair,26993
13183,car,32638
13184,laptop,
13185,laptop,56342
13186,chair,
13187,chair,68057
13188,phone,45212
13189,chair,65002
13190,phone,92190
13191,pc,85592
13192,phone,9862
13193,car,97830
13194,pc,3420
13195,car,65203
13196,iphone,10070
13197,chair,88059
13198,iphone,
13199,chair,90443
13200,car,4060
13201,pc,75147
13202,book,26971
13203,chair,60510
13204,chair,77831
13205,book,78275
13206,car,52022
13207,phone,32186
13208,car,32482
13209,pc,7768
13210,chair,97280
13211,iphone,1166
13212,car,64943
13213,car,35959
13214,iphone,55162
13215,pc,28338
13216,laptop,4013
13217,car,44255
13218,book,38424
13219,laptop,71003
13220,iphone,25257
13221,book,22426
13222,pc,78614
13223,iphone,75729
13224,phone,68760
13225,car,71006
13226,car,89901
13227,laptop,44258
13228,iphone,41466
13229,car,81291
13230,car,75511
13231,phone,28150
13232,laptop,21639
13233,car,56146
13234,phone,27025
13235,book,25618
13236,phone,83218
13237,pc,31525
13238,book,33829
13239,iphone,33467
13240,phone,40789
13241,phone,35844
13242,book,62863
13243,iphone,51497
13244,pc,11578
13245,pc,29882
13246,chair,45246
13247,pc,63017
13248,phone,34098
13249,laptop,638
13250,book,98211
13251,car,10416
13252,laptop,71309
13253,chair,93236
13254,pc,8970
13255,chair,49965
13256,chair,50686
13257,chair,49158
13258,chair,79635
13259,pc,98086
13260,chair,44786
13261,laptop,35338
13262,phone,
13263,laptop,52197
13264,book,
13265,phone,33487
13266,car,30339
13267,phone,34985
13268,car,38019
13269,car,82822
13270,iphone,44297
13271,car,88416
13272,phone,3756
13273,chair,910
13274,car,78770
13275,phone,18044
13276,pc,19639
13277,pc,
13278,phone,61810
13279,laptop,90500
13280,chair,95260
13281,car,27218
13282,phone,30376
13283,book,7255
13284,book,89021
13285,iphone,76739
13286,pc,93865
13287,book,53266
13288,iphone,47279
13289,chair,9126
13290,pc,90855
13291,car,98778
13292,car,31529
13293,laptop,82361
13294,laptop,24748
13295,car,62109
13296,car,2044
13297,iphone,63833
13298,book,86607
13299,book,93038
13300,chair,23755
13301,book,
13302,laptop,98152
13303,phone,43162
13304,laptop,11081
13305,iphone,62387
13306,car,46363
13307,car,62213
13308,laptop,1016
13309,chair,97319
13310,iphone,84981
13311,phone,40112
13312,phone,37298
13313,iphone,76687
13314,pc,88363
13315,chair,93270
13316,pc,21273
13317,phone,95981
13318,book,94166
13319,chair,89589
13320,car,11861
13321,phone,72900
13322,chair,93336
13323,book,85998
13324,laptop,9816
13325,iphone,5367
13326,car,74223
13327,laptop,11778
13328,iphone,37803
13329,pc,83505
13330,car,32141
13331,laptop,19628
13332,car,
13333,car,26475
13334,iphone,22148
13335,iphone,61849
13336,iphone,53134
13337,iphone,72718
13338,chair,6327
13339,pc,42691
13340,phone,59814
13341,iphone,10851
13342,laptop,17025
13343,iphone,8486
13344,car,61439
13345,chair,68385
13346,car,9566
13347,iphone,63916
13348,iphone,15203
13349,phone,39412
13350,phone,50046
13351,iphone,13509
13352,book,31603
13353,chair,59962
13354,laptop,22604
13355,iphone,64156
13356,pc,
13357,car,67656
13358,book,44103
13359,iphone,65148
13360,iphone,38324
13361,book,95421
13362,phone,7406
13363,phone,15859
13364,iphone,31752
13365,pc,12426
13366,pc,85170
13367,iphone,4036
13368,book,
13369,car,63317
13370,book,
13371,chair,87273
13372,phone,2559
13373,pc,47262
13374,iphone,71999
13375,pc,84749
13376,laptop,53722
13377,laptop,87639
13378,book,14210
13379,car,1818
13380,pc,97651
13381,phone,99223
13382,iphone,2775
13383,phone,32239
13384,phone,7965
13385,book,98541
13386,iphone,93532
13387,iphone,98495
13388,car,29464
13389,pc,98626
13390,iphone,67482
13391,pc,35562
13392,book,91127
13393,iphone,94704
13394,laptop,53656
13395,iphone,53719
13396,laptop,62229
13397,car,35261
13398,car,41505
13399,phone,61720
13400,phone,36199
13401,chair,66824
13402,pc,58556
13403,book,62472
13404,book,5289
13405,pc,17350
13406,car,24366
13407,phone,
13408,phone,29591
13409,chair,97411
13410,phone,33513
13411,laptop,48656
13412,phone,1325
13413,book,99475
13414,chair,
13415,phone,33804
13416,car,96002
13417,phone,11343
13418,phone,19220
13419,iphone,60946
13420,phone,48247
13421,chair,92810
13422,book,99622
13423,iphone,3240
13424,chair,46944
13425,car,27517
13426,phone,53502
13427,book,25444
13428,pc,30218
13429,pc,
13430,pc,46524
13431,iphone,68109
13432,pc,28719
13433,phone,24410
13434,laptop,27249
13435,chair,30071
13436,iphone,96121
13437,iphone,6973
13438,chair,76554
13439,laptop,27212
13440,laptop,4460
13441,pc,1460
13442,laptop,30568
13443,car,16225
13444,iphone,67454
13445,pc,48121
13446,phone,10812
13447,pc,63814
13448,book,1656
13449,laptop,57657
13450,chair,93174
13451,iphone,98663
13452,iphone,62589
13453,phone,50546
13454,book,85530
13455,iphone,48434
13456,car,40260
13457,laptop,90591
13458,pc,64155
13459,iphone,29157
13460,phone,20623
13461,phone,42363
13462,pc,82475
13463,car,84894
13464,book,69378
13465,laptop,34481
13466,iphone,
13467,book,
13468,pc,74994
13469,chair,59875
13470,book,61439
13471,iphone,28533
13472,iphone,90883
13473,laptop,21624
13474,chair,49038
13475,car,88367
13476,phone,
13477,car,10577
13478,iphone,3912
13479,pc,51920
13480,phone,96526
13481,iphone,83610
13482,iphone,52857
13483,iphone,39015
13484,phone,12271
13485,car,74480
13486,book,56172
13487,pc,76490
13488,laptop,11668
13489,iphone,69171
13490,laptop,19219
13491,car,22137
13492,pc,46198
13493,book,31721
13494,iphone,26987
13495,book,54346
13496,pc,33707
13497,book,78181
13498,laptop,72919
13499,book,97530
13500,laptop,57079
13501,car,48234
13502,pc,7629
13503,book,4104
13504,chair,11932
13505,chair,96508
13506,car,26741
13507,phone,29025
13508,iphone,21986
13509,laptop,86089
13510,car,94347
13511,iphone,22283
13512,iphone,66190
13513,phone,28026
13514,book,
13515,phone,666
13516,car,16232
13517,chair,39631
13518,book,51947
13519,iphone,
13520,chair,27246
13521,car,54178
13522,laptop,99018
13523,phone,73088
13524,book,25913
13525,iphone,46845
13526,book,36620
13527,chair,56458
13528,car,80787
13529,iphone,25929
13530,phone,54373
13531,laptop,92701
13532,iphone,83689
13533,book,37429
13534,laptop,32364
13535,iphone,57059
13536,book,33415
13537,phone,90264
13538,pc,71971
13539,chair,93262
13540,laptop,75051
13541,chair,50985
13542,phone,11518
13543,book,71083
13544,car,97012
13545,phone,77780
13546,book,70745
13547,book,58334
13548,laptop,34606
13549,laptop,52858
13550,book,28091
13551,book,20675
13552,iphone,19634
13553,pc,74796
13554,iphone,88220
13555,phone,79725
13556,iphone,29136
13557,laptop,30434
13558,laptop,53175
13559,book,14692
13560,pc,89919
13561,laptop,30819
13562,book,669
13563,book,27469
13564,laptop,54998
13565,book,55989
13566,chair,76992
13567,car,62513
13568,phone,36202
13569,phone,76393
13570,chair,10737
13571,phone,23254
13572,chair,5803
13573,car,75307
13574,car,91586
13575,laptop,
13576,book,93082
13577,book,92000
13578,chair,83732
13579,chair,39675
13580,chair,78928
13581,pc,48864
13582,pc,54523
13583,iphone,52572
13584,chair,29284
13585,book,98200
13586,chair,3396
13587,pc,63166
13588,pc,1515
13589,chair,
13590,chair,38574
13591,car,61039
13592,chair,
13593,chair,73260
13594,chair,85730
13595,car,38692
13596,book,75811
13597,chair,52582
13598,iphone,48978
13599,chair,44045
13600,chair,88059
13601,car,77740
13602,pc,75548
13603,phone,10680
13604,book,86542
13605,phone,1020
13606,book,40788
13607,book,78308
13608,car,21356
13609,car,73203
13610,iphone,
13611,car,47925
13612,chair,92011
13613,chair,10974
13614,pc,
13615,pc,18415
13616,chair,36627
13617,book,17664
13618,chair,34758
13619,chair,27944
13620,phone,9573
13621,phone,68439
13622,book,20250
13623,iphone,70897
13624,chair,13922
13625,chair,23765
13626,phone,97079
13627,pc,85153
13628,pc,50899
13629,book,
13630,laptop,56272
13631,laptop,12229
13632,pc,72662
13633,phone,84308
13634,chair,15917
13635,iphone,87578
13636,iphone,30149
13637,car,79783
13638,pc,23869
13639,laptop,97719
13640,book,76127
13641,iphone,7807
13642,phone,28988
13643,chair,86867
13644,laptop,72741
13645,iphone,91896
13646,book,
13647,car,2642
13648,book,83003
13649,chair,53026
13650,car,37775
13651,laptop,21401
13652,chair,98898
13653,chair,55337
13654,chair,53077
13655,car,13529
13656,iphone,1747
13657,laptop,53355
13658,car,70925
13659,iphone,80109
13660,phone,33640
13661,chair,72326
13662,car,55686
13663,book,36764
13664,book,3910
13665,car,77414
13666,iphone,97019
13667,laptop,65732
13668,chair,17262
13669,iphone,34377
13670,laptop,77872
13671,book,81033
13672,iphone,45663
13673,book,63846
13674,laptop,35937
13675,chair,87183
13676,book,38057
13677,book,85267
13678,phone,23480
13679,laptop,88405
13680,car,37703
13681,phone,51188
13682,book,78717
13683,car,5884
13684,chair,37446
13685,phone,82577
13686,phone,38468
13687,iphone,67993
13688,laptop,1877
13689,pc,
13690,iphone,79790
13691,car,50867
13692,chair,51148
13693,phone,94261
13694,book,1032
13695,car,78219
13696,book,52431
13697,book,82749
13698,car,63323
13699,iphone,51882
13700,laptop,65226
13701,iphone,89629
13702,laptop,8245
13703,laptop,65174
13704,pc,93952
13705,pc,35850
13706,pc,
13707,laptop,97356
13708,phone,90
13709,book,68482
13710,car,78669
13711,phone,59325
13712,pc,7414
13713,laptop,1081
13714,iphone,95964
13715,pc,11489
13716,pc,67506
13717,laptop,54225
13718,chair,81746
13719,pc,19583
13720,pc,95106
13721,iphone,868
13722,book,19252
13723,book,33835
13724,iphone,14287
13725,car,91534
13726,iphone,36836
13727,car,70549
13728,car,29156
13729,laptop,25799
13730,iphone,61024
13731,car,99884
13732,book,39811
13733,chair,12670
13734,chair,69586
13735,pc,28444
13736,phone,74167
13737,car,97758
13738,book,14293
13739,iphone,5588
13740,car,50183
13741,pc,21315
13742,phone,60707
13743,book,98935
13744,car,28448
13745,iphone,66051
13746,phone,36993
13747,car,45459
13748,car,27945
13749,car,65833
13750,book,
13751,pc,99247
13752,phone,19542
13753,laptop,98022
13754,pc,42195
13755,pc,8861
13756,phone,
13757,iphone,24453
13758,book,6037
13759,pc,47909
13760,pc,69109
13761,pc,61830
13762,pc,34340
13763,phone,57035
13764,phone,92876
13765,chair,70822
13766,book,
13767,laptop,91265
13768,car,10358
13769,iphone,7289
13770,iphone,27211
13771,chair,28199
13772,iphone,72803
13773,laptop,13464
13774,laptop,92975
13775,pc,12488
13776,iphone,63014
13777,car,10774
13778,laptop,34514
13779,pc,15962
13780,chair,10698
13781,laptop,46592
13782,pc,78315
13783,phone,46206
13784,iphone,35549
13785,pc,78008
13786,car,62760
13787,chair,89591
13788,car,29764
13789,car,36258
13790,car,59103
13791,pc,80643
13792,phone,3296
13793,car,27003
13794,car,29659
13795,laptop,78597
13796,phone,93249
13797,book,72292
13798,iphone,9020
13799,iphone,66399
13800,chair,62411
13801,book,93133
13802,car,15152
13803,laptop,20112
13804,phone,28488
13805,phone,28782
13806,book,37809
13807,book,27611
13808,pc,21938
13809,pc,78916
13810,laptop,5368
13811,phone,59043
13812,pc,40920
13813,iphone,96705
13814,book,51949
13815,book,60271
13816,phone,65060
13817,laptop,2359
13818,pc,53887
13819,car,
13820,car,1641
13821,chair,58888
13822,phone,
13823,pc,72040
13824,car,23722
13825,car,70617
13826,pc,27856
13827,car,54439
13828,car,
13829,pc,34287
13830,car,55923
13831,laptop,28245
13832,book,1454
13833,laptop,47205
13834,iphone,56477
13835,book,99678
13836,chair,52545
13837,iphone,
13838,chair,71182
13839,laptop,
13840,chair,33079
13841,iphone,26946
13842,laptop,95289
13843,laptop,73717
13844,chair,68269
13845,iphone,56753
13846,laptop,34260
13847,pc,50960
13848,iphone,73050
13849,iphone,99240
13850,iphone,73283
13851,iphone,29559
13852,car,82040
13853,book,90347
13854,phone,75941
13855,laptop,96745
13856,car,81975
13857,iphone,33817
13858,pc,32341
13859,phone,25864
13860,chair,53754
13861,pc,51626
13862,laptop,23234
13863,phone,56055
13864,book,63978
13865,laptop,47301
13866,car,9424
13867,pc,40448
13868,chair,78068
13869,chair,28843
13870,car,72797
13871,chair,
13872,iphone,39030
13873,pc,64407
13874,car,26277
13875,book,89073
13876,car,53220
13877,chair,3613
13878,chair,10747
13879,pc,43818
13880,laptop,29
13881,laptop,98223
13882,pc,32914
13883,phone,99371
13884,chair,76680
13885,book,332
13886,car,51613
13887,chair,50393
13888,car,32779
13889,car,79377
13890,chair,82423
13891,car,74801
13892,chair,63072
13893,pc,3507
13894,phone,75011
13895,phone,30299
13896,phone,4793
13897,book,15488
13898,chair,99834
13899,pc,56668
13900,laptop,22734
13901,chair,50718
13902,book,20739
13903,laptop,81323
13904,phone,98686
13905,iphone,89394
13906,phone,20572
13907,car,61198
13908,chair,89298
13909,laptop,81078
13910,chair,61150
13911,iphone,81965
13912,car,54225
13913,chair,76839
13914,phone,53254
13915,book,70259
13916,car,72128
13917,phone,4578
13918,car,88283
13919,book,45451
13920,book,62763
13921,car,77484
13922,laptop,91338
13923,pc,
13924,phone,65035
13925,chair,26314
13926,pc,64591
13927,iphone,45960
13928,book,34581
13929,iphone,58254
13930,iphone,50464
13931,book,76463
13932,iphone,58014
13933,iphone,46344
13934,car,96767
13935,pc,58111
13936,laptop,84905
13937,chair,17001
13938,laptop,47781
13939,pc,22236
13940,book,73289
13941,iphone,98046
13942,book,41264
13943,pc,33908
13944,laptop,31067
13945,phone,45796
13946,laptop,4264
13947,car,
13948,book,30090
13949,book,95603
13950,book,52810
13951,book,94583
13952,book,53357
13953,book,97036
13954,book,36267
13955,car,62222
13956,pc,7256
13957,car,11450
13958,laptop,50636
13959,pc,92605
13960,laptop,41186
13961,chair,96743
13962,pc,67702
13963,pc,59238
13964,iphone,26997
13965,pc,51716
13966,phone,55973
13967,laptop,51654
13968,car,4894
13969,pc,17890
13970,phone,74760
13971,book,14609
13972,laptop,7036
13973,iphone,
13974,book,9150
13975,chair,2771
13976,pc,57175
13977,chair,69903
13978,chair,78161
13979,laptop,39194
13980,book,60487
13981,phone,61516
13982,pc,30940
13983,car,55982
13984,chair,28175
13985,laptop,85891
13986,laptop,62004
13987,book,44747
13988,chair,45080
13989,iphone,84060
13990,iphone,4155
13991,pc,3800
13992,iphone,69187
13993,phone,99118
13994,phone,11166
13995,iphone,91697
13996,book,15695
13997,pc,31346
13998,iphone,12432
13999,car,14390
14000,pc,60518
14001,laptop,84490
14002,book,39006
14003,iphone,96523
14004,pc,32566
14005,phone,65607
14006,phone,90888
14007,book,1534
14008,phone,99417
14009,chair,98806
14010,phone,47627
14011,chair,56009
14012,laptop,4694
14013,phone,99791
14014,book,39503
14015,phone,35245
14016,book,
14017,car,33332
14018,book,46041
14019,phone,43065
14020,iphone,88918
14021,chair,34382
14022,book,24209
14023,book,1296
14024,pc,59203
14025,book,66328
14026,pc,51112
14027,car,
14028,pc,10840
14029,phone,68060
14030,laptop,65873
14031,car,34221
14032,laptop,72197
14033,book,41346
14034,iphone,3139
14035,pc,
14036,iphone,82094
14037,laptop,93486
14038,car,55486
14039,book,7089
14040,chair,20834
14041,pc,85062
14042,chair,79567
14043,book,52717
14044,phone,2795
14045,book,21644
14046,pc,52369
14047,laptop,421
14048,pc,78281
14049,iphone,46297
14050,laptop,7880
14051,car,60674
14052,pc,3375
14053,chair,82307
14054,book,12244
14055,book,
14056,laptop,38300
14057,pc,87071
14058,book,5109
14059,car,
14060,car,67787
14061,pc,7270
14062,laptop,16311
14063,car,74267
14064,pc,7328
14065,laptop,37733
14066,iphone,67660
14067,laptop,63624
14068,book,26813
14069,book,98103
14070,pc,93938
14071,laptop,42915
14072,pc,13759
14073,laptop,70226
14074,pc,88931
14075,pc,18098
14076,phone,17236
14077,book,12906
14078,book,47492
14079,laptop,89857
14080,phone,68937
14081,iphone,44111
14082,laptop,31939
14083,chair,16244
14084,book,95252
14085,car,43036
14086,car,97221
14087,book,13541
14088,iphone,1952
14089,car,38557
14090,book,76703
14091,iphone,93453
14092,car,3991
14093,book,85774
14094,laptop,93302
14095,laptop,43573
14096,chair,54129
14097,book,45438
14098,car,91457
14099,car,27568
14100,laptop,66624
14101,book,8126
14102,book,17577
14103,iphone,57493
14104,car,58592
14105,car,82258
14106,phone,35587
14107,laptop,23582
14108,laptop,92804
14109,chair,67412
14110,phone,37808
14111,iphone,32547
14112,phone,80700
14113,chair,8142
14114,iphone,43376
14115,laptop,37251
14116,book,74604
14117,iphone,60534
14118,laptop,13831
14119,phone,25883
14120,iphone,55282
14121,iphone,15389
14122,pc,76824
14123,pc,3915
14124,pc,56482
14125,phone,96237
14126,car,39469
14127,chair,20059
14128,phone,63265
14129,phone,8225
14130,laptop,14834
14131,iphone,36215
14132,chair,83488
14133,car,44431
14134,laptop,
14135,laptop,37983
14136,laptop,44067
14137,car,57034
14138,car,16125
14139,phone,
14140,iphone,48891
14141,car,
14142,iphone,54344
14143,phone,73464
14144,car,46677
14145,car,97493
14146,book,65895
14147,phone,6660
14148,laptop,62082
14149,chair,43205
14150,iphone,42081
14151,car,82017
14152,iphone,76424
14153,pc,72874
14154,phone,80748
14155,iphone,
14156,car,89125
14157,phone,75465
14158,book,
14159,book,89026
14160,chair,
14161,chair,99938
14162,book,10260
14163,chair,26818
14164,pc,53201
14165,laptop,80096
14166,iphone,88849
14167,iphone,28460
14168,book,65506
14169,book,319
14170,iphone,30959
14171,book,58660
14172,book,85836
14173,chair,80601
14174,pc,37136
14175,phone,98656
14176,car,59350
14177,phone,98006
14178,laptop,17709
14179,iphone,30485
14180,laptop,12151
14181,pc,97367
14182,car,38286
14183,phone,95411
14184,car,36020
14185,car,60699
14186,iphone,89682
14187,car,64868
14188,book,53276
14189,pc,85354
14190,laptop,89535
14191,iphone,58147
14192,car,35733
14193,book,40776
14194,phone,86999
14195,chair,33717
14196,phone,28472
14197,car,92161
14198,laptop,42865
14199,laptop,52871
14200,laptop,25688
14201,book,20001
14202,iphone,76459
14203,car,72813
14204,book,35162
14205,car,
14206,phone,87513
14207,car,15956
14208,iphone,
14209,pc,75568
14210,car,31849
14211,iphone,82594
14212,iphone,50293
14213,book,24345
14214,chair,27235
14215,pc,73137
14216,car,50699
14217,iphone,26706
14218,book,39426
14219,iphone,68265
14220,laptop,32061
14221,chair,43214
14222,laptop,89979
14223,car,42670
14224,iphone,86847
14225,phone,87305
14226,car,
14227,car,65852
14228,phone,279
14229,chair,44213
14230,chair,17270
14231,phone,62780
14232,iphone,83774
14233,laptop,34598
14234,pc,
14235,pc,4773
14236,laptop,33470
14237,phone,32939
14238,car,5545
14239,chair,11505
14240,iphone,58074
14241,laptop,13074
14242,car,6646
14243,pc,82781
14244,book,69164
14245,laptop,86166
14246,chair,53588
14247,laptop,30858
14248,pc,71739
14249,laptop,11480
14250,iphone,24580
14251,pc,93005
14252,book,62363
14253,phone,26845
14254,pc,88030
14255,book,6241
14256,car,27159
14257,pc,204
14258,phone,97515
14259,car,10147
14260,iphone,5664
14261,chair,16634
14262,book,35031
14263,laptop,85762
14264,car,38728
14265,book,53271
14266,laptop,2743
14267,laptop,62007
14268,chair,46051
14269,book,12541
14270,chair,28255
14271,laptop,66034
14272,car,40909
14273,car,63436
14274,phone,97257
14275,iphone,28944
14276,chair,1420
14277,book,18341
14278,chair,77027
14279,phone,26367
14280,car,37029
14281,phone,20315
14282,chair,10837
14283,book,36962
14284,pc,23542
14285,phone,46057
14286,phone,23007
14287,pc,11330
14288,phone,
14289,laptop,54856
14290,car,59465
14291,laptop,19633
14292,phone,18198
14293,chair,53108
14294,iphone,97961
14295,chair,94899
14296,laptop,1009
14297,laptop,89808
14298,phone,5461
14299,phone,41839
14300,phone,
14301,car,23308
14302,chair,11968
14303,car,90197
14304,book,23622
14305,pc,24592
14306,book,99646
14307,iphone,2188
14308,iphone,35735
14309,book,76383
14310,iphone,10734
14311,car,43364
14312,phone,57981
14313,book,19042
14314,car,69207
14315,pc,35574
14316,pc,34742
14317,phone,43821
14318,iphone,43374
14319,iphone,3217
14320,pc,39922
14321,chair,85517
14322,chair,39948
14323,book,41426
14324,chair,29013
14325,pc,47844
14326,iphone,54610
14327,pc,853
14328,laptop,48274
14329,iphone,61009
14330,iphone,379
14331,book,36937
14332,chair,34543
14333,pc,58847
14334,chair,19231
14335,chair,1405
14336,car,
14337,laptop,14590
14338,car,92243
14339,iphone,22232
14340,book,29356
14341,car,82258
14342,car,61695
14343,chair,70657
14344,laptop,14213
14345,phone,58254
14346,laptop,79207
14347,chair,96927
14348,pc,
14349,car,4001
14350,car,7498
14351,iphone,47590
14352,car,49600
14353,book,24799
14354,pc,9651
14355,phone,49255
14356,laptop,3660
14357,book,33777
14358,iphone,50555
14359,laptop,82507
14360,laptop,46523
14361,car,96999
14362,laptop,48314
14363,phone,65203
14364,car,50095
14365,car,75569
14366,laptop,1618
14367,phone,84938
14368,laptop,85531
14369,iphone,14504
14370,book,20986
14371,phone,16865
14372,car,50203
14373,car,8500
14374,chair,67178
14375,car,96928
14376,chair,79477
14377,car,423
14378,book,77275
14379,laptop,457
14380,car,85679
14381,phone,25730
14382,pc,53243
14383,iphone,3161
14384,laptop,87598
14385,iphone,60533
14386,phone,64980
14387,car,36376
14388,iphone,17580
14389,iphone,16966
14390,chair,44020
14391,phone,96370
14392,book,40096
14393,phone,64337
14394,phone,41672
14395,book,91142
14396,car,14689
14397,book,19568
14398,chair,15745
14399,pc,31478
14400,car,74571
14401,iphone,37002
14402,iphone,87846
14403,book,5883
14404,chair,13872
14405,phone,34823
14406,car,54534
14407,iphone,47593
14408,book,17133
14409,iphone,95281
14410,phone,58887
14411,laptop,79588
14412,pc,80506
14413,book,43659
14414,iphone,28332
14415,book,50676
14416,book,61561
14417,car,45962
14418,pc,10519
14419,book,91360
14420,phone,55808
14421,iphone,19490
14422,phone,14671
14423,book,55080
14424,book,27632
14425,laptop,4924
14426,pc,32154
14427,car,72982
14428,pc,84068
14429,phone,67580
14430,car,62579
14431,laptop,43178
14432,car,55512
14433,iphone,17793
14434,book,71940
14435,phone,66083
14436,chair,73207
14437,pc,87091
14438,book,97780
14439,laptop,30245
14440,book,
14441,car,75891
14442,pc,84513
14443,phone,43993
14444,chair,74404
14445,iphone,94531
14446,car,48958
14447,car,84983
14448,chair,63223
14449,iphone,94997
14450,phone,73733
14451,chair,26717
14452,chair,87728
14453,laptop,83982
14454,laptop,32458
14455,book,10025
14456,chair,64874
14457,laptop,77019
14458,pc,60218
14459,pc,35608
14460,book,24654
14461,phone,48910
14462,phone,54749
14463,pc,33630
14464,pc,13162
14465,phone,60373
14466,chair,70399
14467,laptop,52394
14468,book,29862
14469,car,84307
14470,laptop,13913
14471,chair,8841
14472,chair,63803
14473,car,62120
14474,laptop,45718
14475,laptop,19694
14476,chair,183
14477,chair,9306
14478,book,83935
14479,book,81585
14480,iphone,20397
14481,car,82268
14482,book,58759
14483,laptop,40197
14484,car,83120
14485,chair,42591
14486,iphone,24727
14487,laptop,51854
14488,chair,54006
14489,laptop,90061
14490,pc,39569
14491,car,42380
14492,laptop,21321
14493,chair,16179
14494,car,92936
14495,laptop,81655
14496,iphone,18885
14497,iphone,37288
14498,chair,10926
14499,car,87347
14500,laptop,50452
14501,phone,81818
14502,laptop,33972
14503,phone,94469
14504,iphone,6648
14505,car,74800
14506,book,10091
14507,chair,46854
14508,chair,44210
14509,pc,82890
14510,car,97021
14511,pc,22342
14512,pc,13984
14513,phone,8830
14514,phone,79609
14515,laptop,87091
14516,car,95935
14517,laptop,25132
14518,pc,56983
14519,phone,1616
14520,pc,78286
14521,car,43088
14522,phone,41876
14523,book,84776
14524,book,48917
14525,iphone,22339
14526,book,43148
14527,pc,39848
14528,book,11225
14529,car,15223
14530,iphone,85250
14531,laptop,76401
14532,book,14798
14533,laptop,896
14534,car,67270
14535,laptop,52005
14536,book,76085
14537,chair,22073
14538,phone,749
14539,chair,93140
14540,chair,39579
14541,chair,81170
14542,book,91991
14543,laptop,65954
14544,book,
14545,phone,81820
14546,laptop,90574
14547,book,24460
14548,car,32413
14549,iphone,87559
14550,laptop,13340
14551,phone,35797
14552,iphone,16220
14553,laptop,19599
14554,iphone,85803
14555,chair,12894
14556,pc,41241
14557,pc,47094
14558,phone,69942
14559,car,30909
14560,laptop,32860
14561,iphone,
14562,iphone,95227
14563,iphone,51712
14564,pc,62470
14565,car,31810
14566,car,18276
14567,laptop,99296
14568,laptop,70372
14569,phone,5158
14570,car,50445
14571,chair,17644
14572,book,25939
14573,iphone,
14574,iphone,98473
14575,book,92547
14576,phone,61573
14577,laptop,70658
14578,iphone,65432
14579,phone,9835
14580,chair,44307
14581,pc,90197
14582,chair,28660
14583,iphone,48545
14584,car,90167
14585,iphone,98871
14586,book,64624
14587,pc,60548
14588,car,
14589,laptop,56657
14590,laptop,8484
14591,phone,87349
14592,book,27180
14593,book,56937
14594,car,98754
14595,iphone,76143
14596,book,24285
14597,pc,13552
14598,car,67015
14599,book,49981
14600,iphone,87899
14601,iphone,60217
14602,book,67629
14603,chair,96677
14604,chair,85290
14605,pc,59848
14606,car,10364
14607,book,48131
14608,book,10570
14609,iphone,75837
14610,book,10600
14611,iphone,32695
14612,laptop,94360
14613,chair,61509
14614,car,
14615,chair,49146
14616,chair,72296
14617,car,74231
14618,laptop,79878
14619,book,52363
14620,pc,59777
14621,phone,92320
14622,phone,9265
14623,pc,1505
14624,car,75864
14625,laptop,33712
14626,book,47054
14627,laptop,21349
14628,laptop,44124
14629,chair,24763
14630,iphone,42913
14631,book,38554
14632,chair,27285
14633,iphone,14383
14634,iphone,13041
14635,chair,65258
14636,laptop,88149
14637,pc,
14638,car,30065
14639,phone,96224
14640,book,43932
14641,iphone,8504
14642,phone,18659
14643,pc,17604
14644,phone,63814
14645,car,61095
14646,car,
14647,chair,
14648,pc,88923
14649,pc,71433
14650,chair,10509
14651,phone,68986
14652,car,95090
14653,book,46308
14654,car,58080
14655,iphone,98189
14656,laptop,15729
14657,chair,57833
14658,iphone,76197
14659,phone,65279
14660,car,11492
14661,laptop,26980
14662,pc,
14663,chair,70128
14664,book,31553
14665,chair,95945
14666,car,76213
14667,laptop,3453
14668,chair,69802
14669,chair,2452
14670,pc,39038
14671,book,
14672,iphone,4906
14673,chair,65640
14674,pc,92592
14675,laptop,11435
14676,phone,67868
14677,laptop,
14678,chair,72109
14679,phone,84086
14680,car,24080
14681,car,74432
14682,book,1408
14683,pc,2700
14684,laptop,40814
14685,iphone,27924
14686,iphone,40034
14687,pc,53917
14688,laptop,5896
14689,car,51786
14690,chair,82445
14691,laptop,15985
14692,pc,43772
14693,iphone,39775
14694,pc,61912
14695,car,
14696,pc,16764
14697,iphone,46837
14698,phone,90760
14699,phone,11152
14700,phone,10060
14701,iphone,78631
14702,car,76291
14703,book,72577
14704,car,64370
14705,phone,57403
14706,laptop,28539
14707,book,86020
14708,chair,27929
14709,book,69865
14710,book,59830
14711,iphone,21068
14712,chair,62462
14713,pc,47349
14714,chair,41823
14715,laptop,53724
14716,book,11074
14717,iphone,59800
14718,car,36772
14719,chair,89861
14720,chair,75856
14721,iphone,40854
14722,iphone,32502
14723,iphone,14017
14724,laptop,41811
14725,book,25258
14726,book,70691
14727,iphone,86727
14728,phone,4321
14729,laptop,40064
14730,book,30872
14731,book,10636
14732,iphone,32985
14733,chair,29871
14734,book,55112
14735,phone,7149
14736,iphone,83215
14737,chair,25849
14738,phone,36582
14739,pc,45398
14740,laptop,45644
14741,iphone,28710
14742,iphone,37016
14743,car,59005
14744,car,67652
14745,iphone,54156
14746,phone,65973
14747,car,77046
14748,pc,95671
14749,pc,
14750,car,4100
14751,iphone,18328
14752,iphone,36337
14753,chair,81074
14754,laptop,8919
14755,chair,38672
14756,phone,58142
14757,laptop,70440
14758,iphone,36633
14759,chair,3012
14760,iphone,
14761,book,63370
14762,chair,33700
14763,laptop,56807
14764,pc,39402
14765,car,65216
14766,chair,73787
14767,book,10769
14768,chair,15397
14769,book,1806
14770,pc,42768
14771,phone,90824
14772,laptop,29377
14773,car,60762
14774,pc,49310
14775,iphone,69482
14776,book,
14777,car,33602
14778,book,89039
14779,chair,83766
14780,car,29829
14781,book,
14782,car,81831
14783,book,65563
14784,book,34225
14785,phone,21082
14786,laptop,37029
14787,car,13799
14788,iphone,12221
14789,book,37802
14790,pc,10975
14791,car,46828
14792,iphone,48704
14793,chair,16344
14794,pc,77945
14795,chair,62210
14796,chair,35550
14797,pc,60331
14798,laptop,20258
14799,laptop,89473
14800,phone,90285
14801,laptop,18097
14802,laptop,85118
14803,iphone,16183
14804,chair,33794
14805,chair,14882
14806,book,3541
14807,iphone,49699
14808,chair,32485
14809,iphone,76422
14810,pc,4331
14811,laptop,23138
14812,chair,
14813,laptop,84768
14814,car,57375
14815,iphone,
14816,pc,47911
14817,car,34801
14818,iphone,55629
14819,chair,53655
14820,chair,
14821,laptop,81418
14822,book,40774
14823,laptop,54144
14824,car,69984
14825,laptop,43181
14826,laptop,41514
14827,book,
14828,phone,94350
14829,iphone,7867
14830,book,80221
14831,book,86102
14832,laptop,
14833,pc,17506
14834,pc,48554
14835,book,45588
14836,book,27034
14837,iphone,82389
14838,laptop,22465
14839,book,44048
14840,chair,64990
14841,laptop,65152
14842,iphone,11538
14843,book,82634
14844,car,27763
14845,laptop,38625
14846,pc,36765
14847,iphone,64532
14848,phone,37391
14849,car,74120
14850,phone,76978
14851,pc,55985
14852,laptop,6397
14853,phone,74488
14854,book,17788
14855,phone,56936
14856,pc,
14857,iphone,47842
14858,car,60638
14859,book,73724
14860,laptop,38044
14861,iphone,2712
14862,book,15896
14863,chair,33313
14864,chair,47246
14865,laptop,46429
14866,iphone,57024
14867,chair,56903
14868,chair,80543
14869,car,
14870,pc,82868
14871,iphone,4073
14872,phone,52053
14873,pc,13651
14874,iphone,26383
14875,chair,7441
14876,pc,7696
14877,iphone,98241
14878,iphone,
14879,car,32312
14880,iphone,66652
14881,book,35053
14882,pc,75131
14883,laptop,31823
14884,phone,65454
14885,book,74699
14886,phone,44056
14887,car,91573
14888,iphone,93225
14889,book,59823
14890,iphone,15201
14891,pc,25302
14892,iphone,93012
14893,car,95404
14894,car,18838
14895,phone,69348
14896,pc,19014
14897,iphone,3102
14898,pc,27350
14899,phone,16953
14900,phone,60511
14901,phone,35471
14902,iphone,87335
14903,laptop,
14904,laptop,51044
14905,laptop,13015
14906,chair,49515
14907,pc,16091
14908,chair,17807
14909,iphone,17204
14910,book,21225
14911,chair,85177
14912,laptop,44369
14913,book,68929
14914,iphone,57980
14915,car,55050
14916,phone,35770
14917,pc,27550
14918,laptop,28445
14919,car,83722
14920,phone,17457
14921,iphone,28304
14922,book,97803
14923,book,45182
14924,chair,18081
14925,phone,57805
14926,car,33745
14927,pc,82135
14928,laptop,
14929,iphone,74612
14930,iphone,44992
14931,pc,8950
14932,laptop,62443
14933,pc,3453
14934,laptop,73441
14935,book,8584
14936,book,3974
14937,iphone,47363
14938,chair,27471
14939,car,58889
14940,car,29849
14941,chair,
14942,book,25266
14943,laptop,97265
14944,laptop,6772
14945,car,90482
14946,phone,48905
14947,book,91320
14948,chair,53998
14949,book,33
14950,book,19758
14951,pc,85879
14952,iphone,20528
14953,car,76591
14954,car,36605
14955,laptop,78146
14956,iphone,74741
14957,phone,17223
14958,pc,42972
14959,car,81767
14960,book,45977
14961,chair,58389
14962,car,25913
14963,pc,72194
14964,book,56878
14965,car,79299
14966,laptop,60929
14967,laptop,96238
14968,laptop,28971
14969,chair,67270
14970,iphone,64700
14971,iphone,91837
14972,car,44652
14973,iphone,640
14974,book,98704
14975,chair,5648
14976,laptop,57375
14977,pc,51226
14978,phone,88756
14979,phone,23328
14980,book,44448
14981,chair,16363
14982,laptop,17607
14983,chair,29617
14984,iphone,86786
14985,laptop,89388
14986,iphone,52607
14987,pc,50602
14988,laptop,38783
14989,book,75234
14990,laptop,93698
14991,car,58868
14992,laptop,
14993,phone,88969
14994,book,91091
14995,phone,96439
14996,car,91288
14997,car,69848
14998,laptop,81342
14999,chair,
15000,chair,84623
15001,car,59995
15002,iphone,56202
15003,laptop,66060
15004,phone,85605
15005,book,80104
15006,laptop,61958
15007,chair,20985
15008,laptop,14354
15009,phone,46710
15010,iphone,68358
15011,pc,33905
15012,pc,
15013,phone,35442
15014,phone,5148
15015,phone,26333
15016,phone,66710
15017,car,51630
15018,car,56637
15019,iphone,18292
15020,car,28911
15021,iphone,
15022,iphone,27307
15023,laptop,15441
15024,pc,63408
15025,pc,
15026,pc,636
15027,chair,44749
15028,phone,75511
15029,laptop,15091
15030,laptop,92489
15031,laptop,50903
15032,phone,76065
15033,book,110
15034,car,64370
15035,car,53380
15036,iphone,91459
15037,pc,35214
15038,chair,32229
15039,car,44351
15040,iphone,77110
15041,book,95980
15042,book,89083
15043,book,
15044,phone,57827
15045,car,
15046,iphone,5702
15047,phone,65368
15048,laptop,13017
15049,car,31406
15050,pc,4113
15051,chair,96109
15052,book,86569
15053,phone,
15054,laptop,73376
15055,phone,95447
15056,iphone,50014
15057,pc,92082
15058,phone,10398
15059,laptop,92782
15060,phone,814
15061,iphone,49106
15062,car,56240
15063,chair,38072
15064,car,65466
15065,laptop,22326
15066,phone,30653
15067,iphone,14264
15068,iphone,65944
15069,book,54822
15070,pc,89921
15071,book,82967
15072,pc,93553
15073,pc,76707
15074,car,20868
15075,chair,3120
15076,chair,16111
15077,pc,18168
15078,iphone,37941
15079,iphone,67037
15080,laptop,46020
15081,phone,63304
15082,chair,87392
15083,laptop,60903
15084,iphone,51195
15085,chair,54747
15086,book,30234
15087,book,12940
15088,phone,96808
15089,laptop,85577
15090,phone,87472
15091,phone,52363
15092,laptop,94316
15093,phone,32991
15094,phone,
15095,chair,16478
15096,chair,96651
15097,laptop,18307
15098,book,43192
15099,laptop,9254
15100,phone,37685
15101,book,68079
15102,phone,77763
15103,book,18820
15104,phone,97045
15105,laptop,648
15106,phone,91728
15107,book,5320
15108,phone,22304
15109,book,61264
15110,car,84587
15111,book,89859
15112,laptop,49794
15113,car,40014
15114,phone,56595
15115,pc,32211
15116,pc,11497
15117,laptop,25425
15118,chair,24892
15119,book,31334
15120,pc,10352
15121,chair,66625
15122,laptop,52492
15123,laptop,69701
15124,laptop,65293
15125,laptop,91295
15126,laptop,74647
15127,phone,9806
15128,laptop,79772
15129,phone,45408
15130,phone,68587
15131,pc,59384
15132,book,26177
15133,iphone,93404
15134,chair,43015
15135,laptop,
15136,phone,56626
15137,pc,26651
15138,car,93329
15139,car,93138
15140,iphone,87070
15141,laptop,85632
15142,book,42863
15143,iphone,6017
15144,iphone,80573
15145,iphone,14528
15146,car,96333
15147,phone,55649
15148,book,61672
15149,phone,22035
15150,book,89653
15151,book,56572
15152,book,15325
15153,phone,
15154,phone,63096
15155,book,79456
15156,chair,514
15157,pc,64808
15158,car,99483
15159,chair,81284
15160,laptop,97151
15161,iphone,1183
15162,pc,86561
15163,phone,16856
15164,chair,47884
15165,iphone,5434
15166,iphone,46116
15167,iphone,22481
15168,car,94781
15169,laptop,23969
15170,pc,51208
15171,laptop,28451
15172,iphone,78856
15173,pc,
15174,laptop,20402
15175,laptop,17232
15176,phone,31533
15177,iphone,36243
15178,chair,84306
15179,phone,78027
15180,car,37200
15181,chair,20922
15182,chair,37104
15183,book,98700
15184,laptop,36702
15185,laptop,97731
15186,book,32342
15187,pc,76579
15188,iphone,74056
15189,book,3203
15190,pc,512
15191,laptop,26504
15192,chair,81229
15193,chair,12608
15194,iphone,30881
15195,iphone,90368
15196,pc,16936
15197,car,62221
15198,iphone,64162
15199,phone,33718
15200,phone,57353
15201,pc,62366
15202,pc,40630
15203,book,37761
15204,phone,23556
15205,phone,13861
15206,laptop,32383
15207,book,75641
15208,iphone,79589
15209,laptop,92773
15210,chair,9040
15211,laptop,84104
15212,chair,33381
15213,car,83438
15214,pc,57234
15215,pc,97105
15216,book,
15217,iphone,66092
15218,pc,58518
15219,phone,92386
15220,car,17248
15221,book,5688
15222,pc,14669
15223,iphone,19403
15224,phone,31774
15225,book,47530
15226,laptop,11473
15227,laptop,11046
15228,car,55236
15229,iphone,23235
15230,chair,92562
15231,phone,94587
15232,iphone,11644
15233,chair,36189
15234,car,51625
15235,laptop,51419
15236,laptop,27559
15237,car,73849
15238,car,77101
15239,chair,20487
15240,iphone,92739
15241,chair,60737
15242,iphone,57859
15243,phone,31323
15244,laptop,66664
15245,chair,66489
15246,phone,41891
15247,iphone,7389
15248,book,24688
15249,book,28579
15250,chair,77070
15251,chair,87241
15252,phone,18417
15253,laptop,55591
15254,iphone,
15255,phone,37183
15256,phone,54157
15257,chair,72448
15258,iphone,60623
15259,iphone,37918
15260,laptop,83587
15261,pc,93288
15262,laptop,46361
15263,iphone,99708
15264,iphone,69253
15265,laptop,8527
15266,laptop,53846
15267,iphone,15871
15268,phone,26740
15269,laptop,
15270,car,67459
15271,laptop,95563
15272,car,
15273,phone,50673
15274,laptop,74228
15275,laptop,53528
15276,laptop,1652
15277,chair,83960
15278,car,29971
15279,iphone,97511
15280,laptop,74628
15281,car,35657
15282,book,18307
15283,chair,20939
15284,pc,
15285,pc,95990
15286,laptop,62908
15287,book,94416
15288,pc,17099
15289,pc,54160
15290,chair,37321
15291,pc,40224
15292,pc,81110
15293,car,71450
15294,chair,63791
15295,pc,73343
15296,pc,81255
15297,car,83672
15298,car,87972
15299,pc,21783
15300,book,4317
15301,chair,88304
15302,iphone,40057
15303,book,17443
15304,book,60406
15305,car,84726
15306,iphone,43046
15307,pc,71535
15308,phone,27842
15309,iphone,
15310,laptop,52805
15311,phone,3151
15312,chair,
15313,phone,40724
15314,laptop,51397
15315,phone,90155
15316,book,89690
15317,car,74064
15318,iphone,67900
15319,phone,89427
15320,iphone,95522
15321,chair,43960
15322,book,82996
15323,phone,62485
15324,car,49849
15325,book,19181
15326,pc,18710
15327,laptop,20819
15328,phone,39868
15329,iphone,54115
15330,book,79395
15331,iphone,7189
15332,iphone,61279
15333,pc,88076
15334,iphone,83628
15335,laptop,56416
15336,phone,6025
15337,laptop,39093
15338,book,50637
15339,chair,49601
15340,car,22125
15341,book,50608
15342,car,68151
15343,iphone,61718
15344,book,
15345,laptop,
15346,book,33399
15347,chair,89152
15348,car,88583
15349,book,68175
15350,phone,42468
15351,phone,30087
15352,iphone,6166
15353,car,70809
15354,pc,30845
15355,car,32450
15356,book,51778
15357,book,35108
15358,phone,8928
15359,car,26671
15360,phone,
15361,book,
15362,pc,79943
15363,book,11935
15364,car,20676
15365,pc,3644
15366,chair,12556
15367,book,23642
15368,chair,20091
15369,pc,47685
15370,pc,25539
15371,pc,51770
15372,iphone,28423
15373,iphone,638
15374,book,10426
15375,pc,24063
15376,pc,77962
15377,phone,4582
15378,car,81582
15379,laptop,32097
15380,chair,59834
15381,phone,52278
15382,book,1801
15383,chair,90473
15384,chair,83735
15385,car,60675
15386,phone,27861
15387,car,38538
15388,car,31255
15389,laptop,
15390,car,63040
15391,chair,9532
15392,laptop,64593
15393,laptop,15108
15394,chair,82097
15395,chair,90433
15396,book,17481
15397,phone,24428
15398,chair,6976
15399,chair,86086
15400,iphone,1267
15401,car,95301
15402,pc,93506
15403,book,23425
15404,car,14844
15405,phone,1653
15406,chair,78682
15407,car,23324
15408,laptop,71615
15409,pc,96472
15410,car,93244
15411,phone,47309
15412,pc,5627
15413,pc,14641
15414,chair,73924
15415,laptop,21708
15416,book,
15417,iphone,50630
15418,phone,13305
15419,iphone,52545
15420,phone,14803
15421,car,61378
15422,car,70387
15423,phone,78355
15424,chair,12563
15425,laptop,52032
15426,car,22188
15427,phone,2063
15428,pc,80581
15429,book,63350
15430,iphone,44303
15431,pc,3035
15432,laptop,1563
15433,laptop,10171
15434,book,9733
15435,chair,3600
15436,phone,41907
15437,chair,65772
15438,laptop,38169
15439,phone,58534
15440,chair,65086
15441,book,59255
15442,book,96185
15443,chair,95168
15444,pc,
15445,iphone,35730
15446,iphone,5287
15447,laptop,30447
15448,laptop,1019
15449,chair,21419
15450,phone,84048
15451,book,
15452,pc,18028
15453,book,3381
15454,chair,71715
15455,pc,47317
15456,chair,20663
15457,chair,33504
15458,chair,25617
15459,car,4067
15460,chair,78189
15461,chair,23431
15462,laptop,41261
15463,chair,61481
15464,iphone,35804
15465,car,
15466,car,11628
15467,phone,51495
15468,laptop,57662
15469,book,66874
15470,book,25590
15471,iphone,21433
15472,car,7341
15473,phone,79189
15474,chair,39028
15475,book,32303
15476,book,
15477,book,8184
15478,chair,98705
15479,car,43944
15480,iphone,91121
15481,phone,54538
15482,chair,44345
15483,pc,52311
15484,iphone,63430
15485,chair,12393
15486,phone,43398
15487,chair,63330
15488,car,99402
15489,car,19997
15490,iphone,550
15491,laptop,45876
15492,pc,66165
15493,car,60351
15494,iphone,24850
15495,iphone,80906
15496,laptop,84453
15497,iphone,35097
15498,book,62167
15499,car,92897
15500,book,60106
15501,pc,24926
15502,pc,44492
15503,iphone,89713
15504,iphone,91754
15505,laptop,80269
15506,pc,52544
15507,iphone,93568
15508,book,40414
15509,car,69955
15510,laptop,88778
15511,phone,73038
15512,pc,99456
15513,phone,45456
15514,pc,79011
15515,chair,72464
15516,phone,53118
15517,pc,20384
15518,phone,29589
15519,car,40860
15520,chair,82676
15521,pc,13678
15522,phone,32223
15523,laptop,15294
15524,laptop,17457
15525,chair,90402
15526,pc,90313
15527,laptop,54473
15528,pc,69229
15529,book,28462
15530,pc,4214
15531,laptop,47684
15532,laptop,15360
15533,iphone,85512
15534,laptop,38075
15535,pc,13795
15536,phone,75479
15537,laptop,74400
15538,laptop,37856
15539,pc,10623
15540,iphone,94187
15541,laptop,81980
15542,car,31147
15543,book,48114
15544,chair,14580
15545,chair,
15546,phone,64371
15547,iphone,32987
15548,iphone,23335
15549,book,65681
15550,phone,57793
15551,iphone,28102
15552,iphone,81044
15553,book,49107
15554,car,15499
15555,laptop,275
15556,chair,15627
15557,laptop,85316
15558,chair,28867
15559,car,74558
15560,pc,30750
15561,chair,61018
15562,car,22480
15563,laptop,25764
15564,chair,65951
15565,chair,53018
15566,laptop,31275
15567,iphone,83879
15568,iphone,50322
15569,pc,97619
15570,chair,
15571,iphone,35212
15572,iphone,55807
15573,phone,77376
15574,phone,3471
15575,phone,77979
15576,iphone,98297
15577,phone,79578
15578,chair,19272
15579,car,8370
15580,book,78344
15581,iphone,50562
15582,laptop,10161
15583,car,57379
15584,chair,1178
15585,chair,21586
15586,laptop,95308
15587,pc,5780
15588,chair,99816
15589,chair,62992
15590,pc,81393
15591,book,67035
15592,pc,14787
15593,pc,51263
15594,chair,92014
15595,book,18482
15596,laptop,60567
15597,book,49902
15598,book,83447
15599,car,
15600,book,21486
15601,chair,84847
15602,chair,36472
15603,car,33736
15604,phone,62349
15605,pc,22227
15606,pc,69895
15607,phone,46394
15608,book,68002
15609,iphone,42212
15610,iphone,78593
15611,laptop,42423
15612,iphone,57254
15613,pc,64196
15614,iphone,66039
15615,pc,3763
15616,laptop,62634
15617,book,78750
15618,iphone,27390
15619,phone,2079
15620,phone,82016
15621,chair,76890
15622,pc,95651
15623,iphone,41478
15624,chair,30131
15625,book,30983
15626,laptop,
15627,phone,17480
15628,book,72291
15629,iphone,82932
15630,phone,1976
15631,car,27718
15632,laptop,61342
15633,phone,63723
15634,laptop,22467
15635,chair,65589
15636,laptop,21652
15637,iphone,40737
15638,car,13603
15639,book,17125
15640,car,76339
15641,laptop,45749
15642,car,30688
15643,laptop,31510
15644,laptop,36230
15645,iphone,59396
15646,car,77425
15647,laptop,58623
15648,iphone,89365
15649,laptop,42302
15650,phone,63680
15651,car,98236
15652,car,95344
15653,iphone,9967
15654,pc,43379
15655,car,38068
15656,phone,77670
15657,car,10786
15658,iphone,42548
15659,car,20682
15660,car,98502
15661,iphone,81417
15662,laptop,99717
15663,car,
15664,laptop,27397
15665,car,65057
15666,laptop,76651
15667,book,18639
15668,chair,87133
15669,book,4986
15670,phone,73435
15671,laptop,44890
15672,book,16895
15673,laptop,73955
15674,iphone,41964
15675,pc,71218
15676,laptop,26439
15677,iphone,63186
15678,phone,43739
15679,pc,54687
15680,chair,94767
15681,phone,2852
15682,laptop,46421
15683,pc,32252
15684,pc,53427
15685,chair,78488
15686,phone,24753
15687,phone,23535
15688,iphone,45787
15689,book,24719
15690,iphone,66530
15691,chair,93309
15692,book,11144
15693,car,50409
15694,chair,
15695,pc,
15696,iphone,30330
15697,chair,48982
15698,laptop,69355
15699,iphone,55002
15700,iphone,56345
15701,chair,88733
15702,chair,26111
15703,chair,72525
15704,book,20754
15705,iphone,4117
15706,book,54460
15707,phone,94791
15708,phone,59989
15709,car,31479
15710,car,59787
15711,phone,45690
15712,laptop,7624
15713,pc,66094
15714,chair,91201
15715,laptop,96872
15716,iphone,6622
15717,pc,26780
15718,book,26925
15719,pc,70432
15720,book,17733
15721,pc,24719
15722,iphone,10780
15723,pc,97675
15724,chair,85829
15725,book,97873
15726,car,2993
15727,pc,2275
15728,phone,55389
15729,chair,36889
15730,iphone,82869
15731,chair,38922
15732,laptop,62588
15733,phone,55058
15734,laptop,32071
15735,iphone,
15736,iphone,91391
15737,car,59455
15738,pc,76432
15739,laptop,74289
15740,laptop,22134
15741,laptop,4401
15742,pc,47346
15743,book,59500
15744,phone,21077
15745,laptop,70387
15746,laptop,73313
15747,book,77560
15748,iphone,94152
15749,book,
15750,laptop,46954
15751,chair,95057
15752,laptop,8810
15753,iphone,76543
15754,laptop,51587
15755,iphone,
15756,laptop,42130
15757,pc,76569
15758,chair,9509
15759,laptop,20474
15760,car,49241
15761,phone,43284
15762,laptop,1223
15763,car,77060
15764,phone,78527
15765,iphone,5905
15766,chair,39486
15767,phone,5700
15768,iphone,89007
15769,car,64237
15770,pc,45051
15771,chair,65995
15772,iphone,90595
15773,laptop,60480
15774,phone,4253
15775,car,31629
15776,laptop,55490
15777,chair,13873
15778,phone,86982
15779,laptop,63874
15780,book,89814
15781,iphone,35152
15782,laptop,23263
15783,phone,84881
15784,pc,93274
15785,iphone,16449
15786,car,52378
15787,phone,65814
15788,laptop,46538
15789,iphone,51283
15790,book,9206
15791,laptop,61354
15792,chair,47815
15793,car,54578
15794,chair,54340
15795,book,
15796,laptop,
15797,book,97814
15798,pc,53389
15799,iphone,74537
15800,laptop,91174
15801,phone,9404
15802,pc,43807
15803,phone,
15804,pc,48686
15805,chair,48915
15806,phone,8831
15807,book,19047
15808,iphone,74384
15809,phone,40880
15810,book,91713
15811,phone,72541
15812,laptop,74851
15813,car,82244
15814,book,
15815,iphone,74927
15816,phone,7661
15817,laptop,82178
15818,chair,26852
15819,phone,24012
15820,pc,73845
15821,iphone,32825
15822,pc,15794
15823,pc,53132
15824,book,1308
15825,chair,26712
15826,chair,11858
15827,book,55738
15828,pc,89413
15829,iphone,68703
15830,laptop,29651
15831,car,55058
15832,car,25250
15833,chair,45652
15834,phone,84039
15835,iphone,59608
15836,laptop,95867
15837,laptop,79689
15838,book,8504
15839,chair,1100
15840,car,
15841,chair,97582
15842,pc,2420
15843,pc,40440
15844,car,92988
15845,phone,91064
15846,phone,42582
15847,pc,30050
15848,car,54153
15849,chair,67482
15850,iphone,1686
15851,pc,70784
15852,chair,56264
15853,car,92218
15854,iphone,66266
15855,iphone,
15856,pc,73686
15857,laptop,85123
15858,iphone,93083
15859,chair,21440
15860,book,61162
15861,phone,3934
15862,car,83564
15863,phone,51543
15864,pc,94377
15865,book,22962
15866,book,32278
15867,pc,42777
15868,book,44077
15869,chair,89636
15870,phone,93995
15871,pc,78802
15872,laptop,
15873,chair,64299
15874,laptop,82960
15875,iphone,97290
15876,chair,20355
15877,iphone,44951
15878,pc,58748
15879,iphone,59195
15880,car,82753
15881,laptop,95889
15882,pc,52796
15883,book,8072
15884,phone,16489
15885,iphone,52168
15886,laptop,81603
15887,laptop,79119
15888,chair,20968
15889,car,66234
15890,pc,22183
15891,chair,9677
15892,laptop,76952
15893,phone,54218
15894,laptop,32255
15895,phone,53504
15896,car,54254
15897,car,66603
15898,pc,
15899,iphone,98418
15900,phone,74382
15901,iphone,35244
15902,iphone,87347
15903,car,17175
15904,book,34542
15905,book,24865
15906,iphone,33557
15907,iphone,60033
15908,phone,53645
15909,car,94611
15910,pc,70261
15911,car,81963
15912,laptop,96573
15913,chair,76365
15914,car,48169
15915,book,52465
15916,iphone,24577
15917,pc,73966
15918,iphone,97156
15919,car,99194
15920,book,50282
15921,car,15338
15922,book,11398
15923,pc,4022
15924,phone,73652
15925,car,30112
15926,phone,69606
15927,phone,57454
15928,pc,18331
15929,chair,29293
15930,iphone,72165
15931,book,8741
15932,pc,75738
15933,book,62486
15934,phone,
15935,phone,2287
15936,pc,29300
15937,laptop,65966
15938,pc,
15939,phone,63309
15940,chair,13191
15941,book,329
15942,laptop,42726
15943,phone,25400
15944,book,62693
15945,chair,51261
15946,car,78779
15947,pc,32932
15948,iphone,77377
15949,iphone,
15950,laptop,
15951,book,64900
15952,iphone,
15953,iphone,98966
15954,laptop,65878
15955,phone,7619
15956,car,27832
15957,chair,77305
15958,car,54994
15959,pc,64924
15960,car,6383
15961,iphone,42962
15962,book,1851
15963,car,38519
15964,phone,41351
15965,book,96117
15966,chair,9219
15967,book,4577
15968,phone,66383
15969,laptop,57806
15970,car,82680
15971,laptop,37100
15972,pc,98728
15973,book,75200
15974,iphone,
15975,book,13714
15976,pc,69616
15977,laptop,49540
15978,phone,28709
15979,pc,1739
15980,laptop,86546
15981,book,85818
15982,car,46984
15983,iphone,11349
15984,book,25731
15985,car,39351
15986,car,75736
15987,laptop,75682
15988,laptop,23781
15989,laptop,81454
15990,book,77283
15991,chair,29919
15992,car,32362
15993,book,58675
15994,iphone,61375
15995,phone,4754
15996,iphone,21668
15997,car,75659
15998,laptop,9310
15999,pc,40598
16000,chair,73947
16001,book,61654
16002,book,60441
16003,laptop,91713
16004,iphone,69212
16005,chair,53407
16006,pc,99120
16007,book,83052
16008,book,58683
16009,iphone,50440
16010,car,66820
16011,pc,61855
16012,chair,40490
16013,book,42690
16014,chair,13820
16015,chair,66762
16016,phone,57372
16017,car,59286
16018,phone,17903
16019,iphone,87148
16020,book,17665
16021,car,29841
16022,chair,69555
16023,phone,57390
16024,laptop,65992
16025,book,24340
16026,pc,1695
16027,pc,49554
16028,phone,63199
16029,chair,84332
16030,pc,78262
16031,phone,22933
16032,phone,98389
16033,phone,53067
16034,laptop,54290
16035,phone,91490
16036,laptop,97661
16037,laptop,59324
16038,laptop,46588
16039,phone,38950
16040,iphone,67922
16041,book,42354
16042,pc,85812
16043,car,75162
16044,chair,68239
16045,laptop,99863
16046,chair,41244
16047,iphone,32722
16048,car,45130
16049,chair,56075
16050,laptop,64807
16051,chair,7901
16052,iphone,69737
16053,chair,
16054,book,96368
16055,pc,
16056,car,33970
16057,phone,7934
16058,pc,41948
16059,book,
16060,chair,81999
16061,laptop,45102
16062,phone,31594
16063,car,70841
16064,book,39407
16065,book,
16066,laptop,42077
16067,phone,10109
16068,laptop,44203
16069,iphone,69529
16070,iphone,25215
16071,book,83864
16072,pc,35303
16073,iphone,19050
16074,phone,14431
16075,iphone,88043
16076,phone,93750
16077,iphone,82829
16078,phone,60646
16079,iphone,54783
16080,iphone,28259
16081,iphone,27409
16082,iphone,85387
16083,laptop,99277
16084,phone,91103
16085,pc,12580
16086,book,
16087,pc,80046
16088,pc,74961
16089,laptop,93418
16090,pc,91972
16091,pc,98784
16092,iphone,51348
16093,pc,89810
16094,book,95989
16095,chair,47255
16096,laptop,36464
16097,chair,80336
16098,pc,69446
16099,pc,471
16100,chair,45502
16101,phone,26610
16102,pc,56504
16103,phone,87521
16104,laptop,1189
16105,laptop,
16106,book,71652
16107,phone,13141
16108,phone,66026
16109,book,85753
16110,pc,19367
16111,car,48062
16112,chair,22625
16113,car,70286
16114,laptop,81934
16115,pc,50672
16116,chair,68662
16117,car,70551
16118,pc,75578
16119,pc,71352
16120,phone,78379
16121,car,37942
16122,phone,87081
16123,pc,10228
16124,phone,2155
16125,car,50783
16126,chair,20669
16127,iphone,19955
16128,book,30882
16129,pc,53113
16130,laptop,67576
16131,car,87489
16132,phone,10582
16133,iphone,31397
16134,laptop,92715
16135,pc,89104
16136,chair,12454
16137,chair,90396
16138,chair,30784
16139,car,23451
16140,car,
16141,book,41701
16142,laptop,98321
16143,chair,43422
16144,phone,49592
16145,pc,75358
16146,laptop,13643
16147,iphone,40920
16148,book,4769
16149,phone,54338
16150,iphone,86484
16151,car,51048
16152,chair,77481
16153,chair,57959
16154,laptop,43974
16155,pc,83126
16156,book,94248
16157,phone,17576
16158,laptop,3133
16159,phone,64435
16160,book,41870
16161,phone,28947
16162,car,9981
16163,phone,23291
16164,iphone,27716
16165,car,25564
16166,laptop,33324
16167,car,60413
16168,chair,84179
16169,chair,99083
16170,pc,49133
16171,chair,86667
16172,iphone,45358
16173,iphone,3988
16174,car,58262
16175,chair,44540
16176,pc,86121
16177,pc,65485
16178,car,59648
16179,book,46770
16180,laptop,8649
16181,pc,72404
16182,iphone,98794
16183,car,20527
16184,chair,23580
16185,book,
16186,book,85665
16187,pc,76875
16188,car,
16189,laptop,57735
16190,car,469
16191,chair,
16192,pc,56375
16193,pc,5962
16194,car,7477
16195,phone,93382
16196,pc,78661
16197,chair,78746
16198,laptop,32383
16199,car,
16200,car,6006
16201,iphone,63746
16202,laptop,19917
16203,car,
16204,book,36924
16205,laptop,89020
16206,car,84195
16207,phone,27588
16208,book,34867
16209,pc,73681
16210,car,68753
16211,chair,3447
16212,book,33378
16213,car,72957
16214,phone,16782
16215,book,67546
16216,laptop,43607
16217,chair,35701
16218,iphone,64956
16219,iphone,76618
16220,chair,15455
16221,book,27709
16222,phone,13732
16223,chair,63347
16224,laptop,61672
16225,book,74448
16226,chair,61822
16227,chair,32954
16228,car,3874
16229,pc,46733
16230,phone,66076
16231,iphone,69462
16232,phone,63801
16233,car,38505
16234,car,49592
16235,phone,643
16236,phone,51610
16237,phone,38297
16238,car,61599
16239,laptop,875
16240,book,206
16241,pc,77884
16242,pc,20165
16243,laptop,17400
16244,car,76759
16245,iphone,40125
16246,pc,47843
16247,chair,17921
16248,phone,92871
16249,laptop,57823
16250,laptop,56434
16251,phone,73258
16252,chair,97067
16253,chair,52478
16254,phone,60284
16255,laptop,84872
16256,book,44342
16257,pc,35079
16258,pc,67520
16259,pc,28863
16260,chair,81804
16261,car,
16262,pc,17779
16263,iphone,52052
16264,chair,70424
16265,laptop,78654
16266,car,61340
16267,pc,3957
16268,chair,81186
16269,car,94346
16270,laptop,43128
16271,laptop,26437
16272,iphone,58920
16273,car,36105
16274,car,80734
16275,chair,54658
16276,phone,79056
16277,laptop,51034
16278,car,62819
16279,phone,50455
16280,chair,4105
16281,iphone,90068
16282,laptop,61622
16283,pc,52620
16284,book,95590
16285,book,6708
16286,book,2644
16287,laptop,92505
16288,iphone,41126
16289,phone,36426
16290,pc,93508
16291,pc,89745
16292,book,66355
16293,phone,8959
16294,iphone,75520
16295,book,41979
16296,book,30356
16297,phone,9193
16298,chair,70520
16299,car,72867
16300,iphone,14467
16301,pc,62529
16302,iphone,8739
16303,book,
16304,car,15423
16305,pc,99370
16306,book,69996
16307,book,85003
16308,pc,88312
16309,book,52996
16310,chair,38299
16311,chair,45570
16312,iphone,
16313,car,48222
16314,pc,29741
16315,chair,36451
16316,pc,54568
16317,pc,42056
16318,laptop,64752
16319,chair,16155
16320,phone,33482
16321,laptop,12514
16322,laptop,297
16323,chair,96237
16324,laptop,58269
16325,laptop,19529
16326,pc,16126
16327,chair,40940
16328,car,79595
16329,phone,53886
16330,book,23129
16331,iphone,86733
16332,laptop,40043
16333,pc,27018
16334,iphone,77160
16335,iphone,97104
16336,book,49130
16337,chair,84158
16338,book,25546
16339,car,82715
16340,car,36157
16341,phone,48001
16342,book,60482
16343,car,87424
16344,iphone,87402
16345,phone,7843
16346,car,24577
16347,book,18726
16348,laptop,77344
16349,chair,90859
16350,car,15777
16351,book,93679
16352,phone,83254
16353,chair,29412
16354,iphone,8030
16355,pc,7716
16356,chair,26342
16357,chair,52015
16358,car,46153
16359,pc,78
16360,phone,20414
16361,phone,92618
16362,iphone,13446
16363,phone,97162
16364,laptop,99755
16365,laptop,91265
16366,phone,94463
16367,book,90119
16368,laptop,71795
16369,iphone,94278
16370,phone,17759
16371,car,57462
16372,chair,45579
16373,laptop,9419
16374,phone,30426
16375,book,66882
16376,laptop,
16377,laptop,16529
16378,laptop,37061
16379,phone,67157
16380,pc,
16381,chair,57126
16382,book,90925
16383,chair,92135
16384,laptop,24219
16385,phone,31137
16386,laptop,81766
16387,car,
16388,pc,17703
16389,pc,88082
16390,chair,93351
16391,phone,57072
16392,phone,
16393,laptop,42509
16394,pc,23430
16395,laptop,85449
16396,chair,53985
16397,book,43901
16398,pc,65611
16399,iphone,9604
16400,phone,1576
16401,laptop,8884
16402,pc,
16403,book,43637
16404,phone,15170
16405,pc,58141
16406,car,85657
16407,book,46779
16408,laptop,17482
16409,phone,15616
16410,chair,96347
16411,laptop,65237
16412,chair,20504
16413,book,4734
16414,book,64580
16415,car,12138
16416,pc,45045
16417,iphone,91574
16418,book,85957
16419,pc,41676
16420,book,19722
16421,car,41109
16422,phone,50184
16423,iphone,87229
16424,laptop,11454
16425,phone,76988
16426,car,91067
16427,laptop,76681
16428,pc,68286
16429,laptop,28557
16430,chair,22630
16431,phone,35011
16432,car,43808
16433,book,87692
16434,chair,64554
16435,phone,14679
16436,pc,54640
16437,car,36337
16438,iphone,41922
16439,pc,56561
16440,car,19813
16441,car,88492
16442,car,58936
16443,chair,66854
16444,chair,
16445,chair,69209
16446,iphone,76396
16447,iphone,80664
16448,book,5709
16449,car,78786
16450,iphone,58646
16451,car,39589
16452,book,84919
16453,iphone,15648
16454,car,52671
16455,book,98838
16456,book,95397
16457,chair,2374
16458,laptop,77695
16459,book,43214
16460,car,66567
16461,chair,35097
16462,chair,37043
16463,iphone,44553
16464,chair,97134
16465,chair,6320
16466,laptop,93087
16467,pc,84092
16468,book,86152
16469,phone,77504
16470,book,24166
16471,chair,8976
16472,chair,54374
16473,book,2888
16474,pc,
16475,chair,38091
16476,phone,
16477,car,33853
16478,pc,19533
16479,iphone,95319
16480,laptop,24922
16481,phone,6759
16482,phone,35058
16483,book,73400
16484,car,76649
16485,iphone,78488
16486,chair,50959
16487,chair,19481
16488,chair,10359
16489,iphone,97660
16490,phone,90026
16491,laptop,15726
16492,car,46454
16493,phone,67146
16494,iphone,2975
16495,laptop,
16496,book,7515
16497,laptop,65707
16498,book,51916
16499,laptop,52158
16500,laptop,69253
16501,phone,94910
16502,iphone,42331
16503,pc,17063
16504,car,29636
16505,chair,19365
16506,laptop,72428
16507,phone,12324
16508,pc,28517
16509,iphone,47719
16510,car,47584
16511,phone,71314
16512,phone,97762
16513,chair,66060
16514,pc,40932
16515,chair,48364
16516,laptop,36602
16517,car,83763
16518,phone,46251
16519,book,66839
16520,chair,1989
16521,phone,48875
16522,phone,23301
16523,laptop,78368
16524,phone,60094
16525,phone,18200
16526,pc,30927
16527,chair,61605
16528,laptop,33333
16529,chair,80350
16530,iphone,98643
16531,laptop,
16532,iphone,
16533,car,98094
16534,car,
16535,pc,17590
16536,book,59552
16537,phone,3504
16538,phone,38823
16539,laptop,2323
16540,pc,86578
16541,car,35056
16542,phone,47809
16543,iphone,12515
16544,car,91293
16545,pc,4017
16546,iphone,31238
16547,iphone,69283
16548,phone,98096
16549,phone,
16550,car,6545
16551,phone,63747
16552,iphone,63185
16553,iphone,98455
16554,chair,12791
16555,chair,8063
16556,laptop,30207
16557,book,97213
16558,phone,22730
16559,phone,11132
16560,iphone,61443
16561,iphone,81379
16562,car,29057
16563,pc,97907
16564,laptop,42533
16565,pc,80735
16566,pc,16796
16567,laptop,64558
16568,phone,23784
16569,phone,47462
16570,phone,6278
16571,pc,
16572,iphone,68883
16573,laptop,13081
16574,laptop,56619
16575,chair,49605
16576,pc,76341
16577,car,70022
16578,phone,66256
16579,car,2072
16580,car,87445
16581,laptop,90185
16582,iphone,77050
16583,car,48300
16584,iphone,77864
16585,laptop,62233
16586,chair,75527
16587,iphone,
16588,car,77298
16589,pc,31633
16590,pc,7152
16591,pc,
16592,laptop,10644
16593,car,87184
16594,iphone,77601
16595,laptop,58340
16596,iphone,87098
16597,car,99839
16598,book,56953
16599,pc,97818
16600,chair,75260
16601,laptop,38086
16602,car,76778
16603,pc,8472
16604,chair,43950
16605,iphone,30101
16606,iphone,82623
16607,chair,36802
16608,phone,63886
16609,book,52563
16610,iphone,76469
16611,phone,46278
16612,laptop,73757
16613,book,88993
16614,phone,92798
16615,phone,82793
16616,pc,17713
16617,chair,94122
16618,iphone,3952
16619,chair,23318
16620,book,87530
16621,phone,51788
16622,pc,42180
16623,phone,44590
16624,chair,76374
16625,car,5602
16626,book,58366
16627,chair,87908
16628,car,67010
16629,chair,34756
16630,iphone,67481
16631,iphone,24037
16632,laptop,22871
16633,phone,84031
16634,laptop,94463
16635,iphone,51652
16636,phone,86406
16637,pc,67669
16638,pc,45263
16639,chair,76850
16640,phone,43501
16641,chair,28461
16642,car,26957
16643,car,42932
16644,pc,60725
16645,laptop,89108
16646,phone,27875
16647,laptop,17049
16648,phone,43883
16649,book,42293
16650,chair,9122
16651,chair,84810
16652,book,12078
16653,laptop,62571
16654,chair,89879
16655,iphone,66847
16656,chair,
16657,phone,86554
16658,book,63094
16659,car,51685
16660,phone,54041
16661,book,87622
16662,laptop,98301
16663,chair,98395
16664,pc,30181
16665,laptop,65595
16666,iphone,96383
16667,chair,45647
16668,car,75080
16669,laptop,47501
16670,laptop,95374
16671,iphone,64175
16672,pc,1378
16673,phone,
16674,car,7259
16675,iphone,68497
16676,iphone,78038
16677,laptop,50594
16678,laptop,54420
16679,iphone,9434
16680,pc,11556
16681,laptop,83756
16682,car,86017
16683,phone,31003
16684,chair,51755
16685,pc,57854
16686,laptop,39074
16687,laptop,99883
16688,chair,8340
16689,iphone,44157
16690,phone,52546
16691,pc,
16692,chair,26326
16693,phone,15482
16694,car,
16695,laptop,50966
16696,laptop,66901
16697,phone,93363
16698,car,39381
16699,car,14168
16700,chair,85725
16701,laptop,98794
16702,pc,90154
16703,iphone,82810
16704,iphone,79213
16705,phone,20983
16706,phone,21389
16707,car,41537
16708,book,51454
16709,phone,91353
16710,chair,39085
16711,book,93615
16712,car,11687
16713,pc,79318
16714,phone,78816
16715,chair,92248
16716,book,62686
16717,chair,16684
16718,book,91149
16719,car,16867
16720,phone,25563
16721,phone,55141
16722,chair,32730
16723,phone,70221
16724,laptop,65499
16725,phone,17748
16726,iphone,8834
16727,book,91800
16728,iphone,8273
16729,iphone,54221
16730,car,57112
16731,iphone,
16732,laptop,78647
16733,pc,90796
16734,laptop,16992
16735,iphone,72924
16736,phone,57301
16737,pc,87411
16738,pc,71688
16739,car,23243
16740,book,30872
16741,laptop,
16742,book,69095
16743,book,49094
16744,iphone,45973
16745,car,85055
16746,phone,20532
16747,phone,40606
16748,car,34875
16749,phone,47177
16750,laptop,89712
16751,pc,32163
16752,chair,16109
16753,book,95154
16754,iphone,71608
16755,chair,62938
16756,laptop,40697
16757,car,45956
16758,car,88820
16759,laptop,85263
16760,chair,1381
16761,chair,84115
16762,book,55111
16763,phone,34078
16764,laptop,10404
16765,book,69650
16766,car,71834
16767,phone,50344
16768,car,50942
16769,car,28738
16770,pc,58223
16771,phone,75245
16772,phone,
16773,pc,
16774,book,19385
16775,pc,90753
16776,phone,22317
16777,book,9734
16778,laptop,28649
16779,phone,72012
16780,iphone,37787
16781,laptop,21573
16782,chair,1136
16783,laptop,511
16784,laptop,98507
16785,phone,62678
16786,car,73881
16787,phone,9966
16788,laptop,77004
16789,phone,53698
16790,phone,69813
16791,car,41560
16792,book,72961
16793,chair,39064
16794,phone,
16795,pc,47820
16796,pc,84612
16797,book,68678
16798,phone,66317
16799,iphone,89125
16800,laptop,47475
16801,phone,14841
16802,car,70152
16803,laptop,
16804,laptop,
16805,iphone,51157
16806,chair,31871
16807,car,23735
16808,laptop,62583
16809,phone,31064
16810,phone,10401
16811,pc,35935
16812,book,48390
16813,phone,9529
16814,car,81375
16815,chair,99084
16816,book,61482
16817,laptop,77676
16818,car,28959
16819,pc,77941
16820,chair,3731
16821,chair,1611
16822,laptop,96919
16823,chair,49779
16824,laptop,37274
16825,chair,74353
16826,chair,36339
16827,laptop,38069
16828,phone,86207
16829,iphone,13519
16830,pc,30709
16831,pc,7251
16832,car,
16833,phone,26499
16834,laptop,25526
16835,iphone,61905
16836,laptop,76718
16837,iphone,74753
16838,phone,
16839,pc,95713
16840,iphone,52866
16841,chair,73418
16842,phone,42626
16843,iphone,85411
16844,car,91954
16845,car,24948
16846,phone,55695
16847,pc,61454
16848,phone,84046
16849,car,32408
16850,car,50439
16851,phone,65472
16852,iphone,65351
16853,book,43906
16854,chair,98838
16855,chair,38317
16856,laptop,
16857,iphone,92308
16858,pc,20588
16859,book,95595
16860,car,89950
16861,chair,57860
16862,book,23850
16863,iphone,53052
16864,laptop,67737
16865,pc,50569
16866,pc,81415
16867,laptop,96709
16868,laptop,15868
16869,chair,41875
16870,pc,95039
16871,car,36432
16872,car,72563
16873,chair,77373
16874,car,72491
16875,phone,66325
16876,iphone,936
16877,phone,41343
16878,car,72170
16879,car,25663
16880,iphone,81079
16881,iphone,57328
16882,book,81161
16883,laptop,59433
16884,iphone,3150
16885,laptop,24888
16886,car,79430
16887,phone,8496
16888,car,13992
16889,laptop,31762
16890,book,3682
16891,car,63373
16892,car,43725
16893,pc,72973
16894,car,37851
16895,iphone,40655
16896,chair,13556
16897,phone,55850
16898,iphone,4632
16899,car,
16900,laptop,4369
16901,phone,89583
16902,book,55712
16903,car,67618
16904,chair,21218
16905,pc,55779
16906,laptop,6019
16907,phone,48679
16908,laptop,58838
16909,car,98750
16910,car,13170
16911,car,97655
16912,car,57923
16913,phone,17149
16914,laptop,
16915,laptop,43019
16916,iphone,98141
16917,book,96650
16918,book,3380
16919,iphone,41963
16920,car,58661
16921,pc,63495
16922,book,47158
16923,car,19526
16924,chair,20043
16925,laptop,2151
16926,car,48476
16927,chair,96356
16928,car,32072
16929,chair,1805
16930,book,56114
16931,car,15018
16932,chair,48067
16933,iphone,57242
16934,chair,37294
16935,chair,57730
16936,iphone,5903
16937,chair,40879
16938,laptop,4445
16939,iphone,18058
16940,pc,3028
16941,phone,74800
16942,book,85303
16943,phone,40337
16944,book,57290
16945,iphone,91227
16946,car,66349
16947,chair,29525
16948,car,27677
16949,book,38388
16950,phone,21593
16951,laptop,66845
16952,iphone,5030
16953,book,30895
16954,laptop,38900
16955,car,24114
16956,laptop,83368
16957,car,82663
16958,car,52609
16959,iphone,79622
16960,chair,95634
16961,chair,27750
16962,book,93068
16963,book,91943
16964,car,72107
16965,car,96553
16966,phone,21720
16967,car,39530
16968,chair,49345
16969,chair,6675
16970,book,58696
16971,pc,1823
16972,book,15165
16973,phone,
16974,book,13454
16975,pc,30123
16976,car,38542
16977,phone,89045
16978,pc,47819
16979,chair,33080
16980,laptop,53589
16981,phone,
16982,laptop,14641
16983,pc,28709
16984,phone,57851
16985,phone,59300
16986,phone,21207
16987,car,76546
16988,laptop,97728
16989,iphone,40511
16990,phone,4866
16991,book,73933
16992,iphone,59159
16993,chair,30348
16994,iphone,99410
16995,laptop,12327
16996,phone,36404
16997,pc,10811
16998,laptop,33092
16999,phone,54708
17000,laptop,34722
17001,laptop,48493
17002,pc,37215
17003,laptop,65565
17004,iphone,78590
17005,car,78127
17006,laptop,48380
17007,laptop,88233
17008,car,15008
17009,car,95721
17010,car,5837
17011,laptop,63583
17012,car,2741
17013,book,71772
17014,car,32313
17015,book,42632
17016,iphone,22756
17017,car,54643
17018,chair,63680
17019,laptop,15868
17020,laptop,99994
17021,laptop,22329
17022,phone,24947
17023,laptop,20305
17024,laptop,50513
17025,chair,18792
17026,car,94355
17027,pc,27239
17028,book,16106
17029,car,45177
17030,chair,75450
17031,iphone,17370
17032,car,
17033,laptop,63077
17034,laptop,52686
17035,book,8094
17036,book,84833
17037,book,91373
17038,chair,61710
17039,chair,24660
17040,pc,90736
17041,iphone,81042
17042,pc,13804
17043,iphone,19850
17044,phone,59153
17045,pc,53664
17046,pc,94503
17047,phone,56939
17048,book,66402
17049,car,16203
17050,book,38390
17051,car,58503
17052,iphone,98639
17053,laptop,19798
17054,book,79573
17055,book,9558
17056,pc,45426
17057,iphone,20576
17058,car,98338
17059,phone,34161
17060,iphone,599
17061,iphone,52997
17062,iphone,57558
17063,iphone,24474
17064,chair,52013
17065,chair,93223
17066,car,14064
17067,phone,1941
17068,laptop,5404
17069,pc,69993
17070,pc,13344
17071,iphone,87129
17072,iphone,2060
17073,chair,36640
17074,book,20646
17075,pc,70483
17076,chair,78248
17077,pc,90849
17078,iphone,84469
17079,car,25421
17080,chair,36179
17081,car,31584
17082,book,12353
17083,laptop,34090
17084,car,41618
17085,book,2816
17086,iphone,55876
17087,chair,24032
17088,pc,46296
17089,chair,4964
17090,pc,85592
17091,pc,40755
17092,car,
17093,book,17278
17094,pc,44156
17095,chair,72123
17096,iphone,55870
17097,iphone,32075
17098,laptop,54501
17099,pc,69385
17100,laptop,42346
17101,car,80419
17102,book,85407
17103,chair,92942
17104,book,8427
17105,chair,80188
17106,phone,24108
17107,car,
17108,book,49043
17109,chair,
17110,pc,12182
17111,car,88292
17112,pc,5501
17113,phone,
17114,phone,
17115,chair,59425
17116,chair,98884
17117,pc,25560
17118,book,20323
17119,chair,44733
17120,car,87157
17121,phone,5185
17122,phone,23235
17123,iphone,64544
17124,laptop,42777
17125,iphone,68607
17126,iphone,69422
17127,book,30282
17128,pc,69854
17129,chair,22821
17130,pc,27159
17131,pc,59442
17132,iphone,42988
17133,laptop,38891
17134,book,88600
17135,pc,38763
17136,phone,48211
17137,laptop,11182
17138,book,40800
17139,laptop,59575
17140,book,62331
17141,car,75233
17142,pc,35336
17143,car,52400
17144,phone,
17145,car,62657
17146,car,83692
17147,iphone,2237
17148,laptop,44064
17149,book,64597
17150,laptop,97213
17151,phone,4108
17152,book,95911
17153,pc,18980
17154,chair,10197
17155,car,47522
17156,book,309
17157,laptop,30995
17158,chair,49120
17159,iphone,55118
17160,laptop,6391
17161,chair,4062
17162,chair,88759
17163,pc,
17164,pc,935
17165,car,21807
17166,pc,50229
17167,chair,27140
17168,chair,
17169,iphone,99684
17170,phone,29716
17171,pc,12385
17172,laptop,72054
17173,pc,1022
17174,chair,90583
17175,phone,76294
17176,laptop,96792
17177,laptop,99930
17178,chair,83471
17179,book,72624
17180,chair,93028
17181,chair,99232
17182,car,57799
17183,car,83582
17184,laptop,54682
17185,pc,48376
17186,chair,56649
17187,pc,34568
17188,chair,3687
17189,pc,69108
17190,car,62775
17191,chair,54291
17192,laptop,2844
17193,pc,21968
17194,pc,58425
17195,phone,10636
17196,iphone,5746
17197,laptop,65323
17198,laptop,16843
17199,iphone,89426
17200,book,64644
17201,iphone,45596
17202,pc,15993
17203,laptop,68503
17204,book,68695
17205,book,15118
17206,phone,72592
17207,car,62567
17208,chair,14853
17209,chair,21296
17210,iphone,20606
17211,laptop,65634
17212,laptop,
17213,laptop,
17214,phone,88184
17215,pc,97133
17216,phone,93579
17217,laptop,71
17218,iphone,78264
17219,laptop,41612
17220,iphone,46122
17221,phone,644
17222,pc,16023
17223,iphone,
17224,chair,52863
17225,chair,50718
17226,chair,4819
17227,chair,16478
17228,phone,29052
17229,car,68465
17230,iphone,11514
17231,phone,32032
17232,laptop,49896
17233,laptop,
17234,phone,4017
17235,chair,87255
17236,car,96447
17237,laptop,17023
17238,car,7503
17239,iphone,57368
17240,book,19471
17241,car,16118
17242,phone,26971
17243,laptop,22613
17244,laptop,
17245,iphone,
17246,chair,33223
17247,phone,38226
17248,iphone,57212
17249,pc,98683
17250,book,29992
17251,car,55761
17252,laptop,9605
17253,car,67005
17254,laptop,29401
17255,book,78328
17256,car,82301
17257,iphone,19504
17258,pc,90366
17259,phone,19249
17260,chair,64912
17261,laptop,42565
17262,pc,30621
17263,chair,98574
17264,car,41218
17265,chair,42412
17266,iphone,13552
17267,chair,27943
17268,phone,
17269,iphone,29329
17270,iphone,83986
17271,phone,31732
17272,iphone,89600
17273,chair,71214
17274,book,5965
17275,iphone,56129
17276,book,98226
17277,laptop,49249
17278,chair,69060
17279,pc,
17280,laptop,88300
17281,laptop,36478
17282,iphone,40165
17283,car,31210
17284,laptop,48643
17285,iphone,79784
17286,phone,99491
17287,book,12291
17288,iphone,47218
17289,pc,47554
17290,car,87262
17291,car,63397
17292,car,6393
17293,laptop,
17294,car,62097
17295,chair,97993
17296,chair,81445
17297,phone,91295
17298,phone,2339
17299,iphone,22171
17300,book,94930
17301,car,46439
17302,chair,63319
17303,book,8836
17304,book,95672
17305,pc,66234
17306,chair,26933
17307,iphone,79377
17308,iphone,37751
17309,chair,83289
17310,chair,45394
17311,car,90439
17312,iphone,83395
17313,car,49968
17314,pc,67213
17315,iphone,80139
17316,chair,69827
17317,iphone,7068
17318,phone,26395
17319,chair,19672
17320,iphone,60338
17321,book,18290
17322,book,20996
17323,pc,10657
17324,pc,63706
17325,phone,302
17326,car,28074
17327,book,99178
17328,phone,22919
17329,iphone,15221
17330,laptop,36604
17331,car,85551
17332,iphone,18870
17333,pc,64474
17334,pc,33342
17335,pc,13268
17336,iphone,94690
17337,pc,33112
17338,pc,77846
17339,pc,34197
17340,chair,66608
17341,phone,92918
17342,book,44876
17343,chair,
17344,iphone,74262
17345,pc,43254
17346,pc,
17347,iphone,286
17348,car,47728
17349,laptop,96887
17350,iphone,64798
17351,book,92554
17352,book,38716
17353,iphone,64036
17354,pc,45643
17355,phone,68232
17356,iphone,55348
17357,iphone,9364
17358,pc,11149
17359,pc,13366
17360,iphone,9653
17361,pc,6648
17362,chair,43014
17363,pc,88656
17364,chair,34096
17365,phone,
17366,laptop,
17367,car,37794
17368,iphone,13577
17369,pc,95588
17370,pc,22298
17371,chair,32672
17372,book,92257
17373,car,7763
17374,car,94311
17375,book,76646
17376,car,32578
17377,phone,69047
17378,laptop,57620
17379,book,80998
17380,pc,14628
17381,phone,97072
17382,book,49254
17383,iphone,855
17384,book,
17385,book,8861
17386,laptop,30393
17387,chair,71231
17388,laptop,78455
17389,book,32289
17390,book,58230
17391,iphone,85199
17392,phone,30318
17393,book,29272
17394,car,8021
17395,iphone,34941
17396,phone,48004
17397,laptop,57622
17398,car,1999
17399,chair,30492
17400,laptop,66545
17401,book,26799
17402,laptop,13253
17403,iphone,67000
17404,chair,23487
17405,book,30453
17406,book,
17407,chair,17862
17408,iphone,36743
17409,phone,72526
17410,car,44644
17411,book,46413
17412,pc,48640
17413,phone,13148
17414,laptop,30783
17415,pc,58490
17416,car,53866
17417,phone,64673
17418,chair,86835
17419,iphone,30530
17420,chair,9055
17421,iphone,12228
17422,chair,
17423,book,97460
17424,pc,32099
17425,phone,14953
17426,car,89807
17427,chair,64604
17428,book,61146
17429,chair,28168
17430,phone,85476
17431,pc,12782
17432,car,17973
17433,chair,37590
17434,laptop,5909
17435,phone,12648
17436,phone,35428
17437,phone,
17438,laptop,56570
17439,book,62676
17440,pc,42109
17441,chair,43053
17442,car,86582
17443,book,93913
17444,pc,57823
17445,book,16958
17446,chair,20828
17447,iphone,81447
17448,laptop,86695
17449,book,30691
17450,laptop,91975
17451,laptop,70400
17452,chair,98766
17453,car,54317
17454,book,97970
17455,laptop,57073
17456,laptop,
17457,phone,
17458,iphone,70599
17459,car,95570
17460,phone,24307
17461,chair,
17462,laptop,83341
17463,laptop,48484
17464,iphone,55027
17465,phone,36779
17466,chair,22844
17467,chair,51584
17468,iphone,41413
17469,book,89070
17470,pc,3150
17471,chair,33750
17472,car,39743
17473,car,96695
17474,iphone,50803
17475,iphone,74830
17476,chair,35621
17477,phone,68045
17478,laptop,6425
17479,chair,38508
17480,chair,93481
17481,phone,47026
17482,laptop,50468
17483,book,38756
17484,iphone,
17485,car,22334
17486,laptop,36969
17487,book,18608
17488,car,55705
17489,pc,55319
17490,chair,25220
17491,book,61671
17492,book,10370
17493,chair,
17494,chair,13994
17495,car,46255
17496,pc,48872
17497,chair,15401
17498,laptop,78861
17499,chair,14267
17500,laptop,57565
17501,car,9258
17502,car,9326
17503,iphone,35982
17504,phone,63464
17505,car,94598
17506,iphone,24732
17507,car,13306
17508,iphone,29976
17509,car,91827
17510,pc,60105
17511,phone,21254
17512,laptop,49250
17513,chair,33289
17514,laptop,77819
17515,phone,99756
17516,iphone,99497
17517,pc,40410
17518,chair,71072
17519,pc,8822
17520,car,31729
17521,car,16645
17522,laptop,89502
17523,iphone,64633
17524,iphone,93092
17525,pc,59973
17526,iphone,75326
17527,chair,34885
17528,car,69503
17529,book,
17530,chair,75292
17531,iphone,44532
17532,car,71357
17533,laptop,30753
17534,car,84457
17535,iphone,97183
17536,car,64793
17537,book,62467
17538,car,52074
17539,iphone,62566
17540,phone,74995
17541,phone,59344
17542,book,32536
17543,laptop,45955
17544,chair,70519
17545,phone,16619
17546,car,58506
17547,laptop,59995
17548,phone,52465
17549,car,80034
17550,chair,78825
17551,pc,21454
17552,phone,16538
17553,laptop,85018
17554,book,58762
17555,phone,65040
17556,car,2031
17557,book,55110
17558,car,41754
17559,book,82359
17560,laptop,57156
17561,iphone,96165
17562,book,54482
17563,phone,39716
17564,car,58370
17565,phone,
17566,car,
17567,laptop,59019
17568,car,7262
17569,pc,
17570,iphone,11213
17571,laptop,36975
17572,laptop,4689
17573,iphone,81383
17574,iphone,70546
17575,laptop,42437
17576,pc,82566
17577,pc,35011
17578,iphone,46784
17579,laptop,92998
17580,iphone,51167
17581,car,88226
17582,phone,44336
17583,iphone,24083
17584,chair,43773
17585,chair,
17586,laptop,
17587,car,58892
17588,pc,96171
17589,phone,81923
17590,iphone,18731
17591,phone,42858
17592,iphone,72916
17593,phone,94029
17594,book,35743
17595,car,20655
17596,iphone,55886
17597,car,30769
17598,phone,79970
17599,book,83390
17600,pc,57039
17601,iphone,34629
17602,book,78651
17603,car,37417
17604,pc,6053
17605,chair,
17606,book,13449
17607,phone,62678
17608,phone,61215
17609,iphone,18293
17610,laptop,55060
17611,laptop,8471
17612,book,25302
17613,iphone,43735
17614,chair,89993
17615,phone,44971
17616,book,4728
17617,chair,9693
17618,laptop,62446
17619,book,81904
17620,book,7008
17621,phone,2770
17622,book,28279
17623,car,40353
17624,car,2409
17625,pc,62957
17626,laptop,56648
17627,book,23014
17628,car,81725
17629,laptop,495
17630,chair,88177
17631,book,80058
17632,book,84523
17633,iphone,39390
17634,phone,5167
17635,pc,14021
17636,book,60574
17637,book,34493
17638,phone,77348
17639,laptop,10762
17640,iphone,24715
17641,car,98218
17642,chair,
17643,book,
17644,phone,84712
17645,book,28422
17646,book,38021
17647,car,88560
17648,pc,46825
17649,car,37616
17650,pc,39309
17651,phone,94307
17652,phone,82288
17653,book,42533
17654,chair,1275
17655,car,
17656,pc,62245
17657,car,10396
17658,phone,9780
17659,phone,6105
17660,car,25934
17661,pc,80922
17662,book,85804
17663,iphone,92137
17664,book,61060
17665,pc,73184
17666,iphone,92720
17667,phone,31534
17668,iphone,87295
17669,book,35179
17670,car,22474
17671,car,57173
17672,phone,63909
17673,phone,70565
17674,phone,10939
17675,chair,58079
17676,phone,21678
17677,book,81320
17678,car,23939
17679,car,13150
17680,iphone,28888
17681,chair,6579
17682,pc,2646
17683,laptop,1042
17684,phone,74288
17685,chair,36677
17686,pc,32570
17687,phone,23597
17688,phone,69351
17689,chair,51859
17690,pc,41661
17691,chair,27461
17692,laptop,8270
17693,iphone,14916
17694,iphone,39602
17695,laptop,29523
17696,chair,62540
17697,chair,94882
17698,iphone,87042
17699,iphone,74347
17700,pc,59114
17701,laptop,3639
17702,car,30568
17703,chair,13586
17704,iphone,58366
17705,pc,30939
17706,car,83049
17707,iphone,746
17708,chair,37935
17709,book,20510
17710,chair,72299
17711,book,20878
17712,iphone,34219
17713,chair,
17714,phone,68710
17715,phone,90762
17716,book,52803
17717,chair,85239
17718,laptop,35500
17719,pc,94616
17720,chair,61729
17721,chair,73021
17722,iphone,4265
17723,laptop,10866
17724,laptop,9181
17725,iphone,42988
17726,book,
17727,car,7617
17728,car,
17729,phone,24974
17730,car,35917
17731,car,99168
17732,phone,
17733,book,6512
17734,car,65853
17735,car,49286
17736,pc,45867
17737,chair,22169
17738,pc,34201
17739,car,77419
17740,laptop,90734
17741,book,14369
17742,car,64490
17743,laptop,13879
17744,iphone,65358
17745,car,15179
17746,laptop,12731
17747,phone,72920
17748,chair,74386
17749,phone,43295
17750,laptop,5510
17751,book,64474
17752,iphone,42742
17753,chair,96222
17754,laptop,39190
17755,laptop,81806
17756,laptop,98136
17757,phone,82464
17758,chair,7941
17759,iphone,5718
17760,chair,16234
17761,pc,67082
17762,iphone,23170
17763,phone,80926
17764,phone,18740
17765,laptop,95108
17766,book,15256
17767,laptop,731
17768,phone,
17769,iphone,57558
17770,iphone,56252
17771,book,34691
17772,pc,75599
17773,phone,29573
17774,book,61279
17775,phone,13732
17776,iphone,32974
17777,chair,10949
17778,laptop,64790
17779,phone,90152
17780,car,45595
17781,car,
17782,iphone,782
17783,chair,62030
17784,book,66440
17785,laptop,
17786,laptop,13454
17787,book,63333
17788,phone,56815
17789,phone,90185
17790,chair,20882
17791,car,72513
17792,car,76833
17793,car,26909
17794,chair,
17795,book,14515
17796,laptop,23161
17797,iphone,63606
17798,book,55420
17799,car,36751
17800,car,68665
17801,iphone,22357
17802,iphone,45258
17803,book,35075
17804,car,60990
17805,iphone,51259
17806,book,69914
17807,car,11875
17808,pc,21649
17809,laptop,16915
17810,chair,54387
17811,chair,73315
17812,book,46881
17813,phone,5044
17814,car,52878
17815,car,94068
17816,chair,52195
17817,iphone,8161
17818,pc,44177
17819,book,81624
17820,chair,51304
17821,phone,98733
17822,chair,54178
17823,pc,
17824,phone,45510
17825,book,97807
17826,pc,7123
17827,pc,31912
17828,car,63986
17829,pc,7944
17830,book,42759
17831,car,6029
17832,car,2571
17833,phone,2404
17834,book,60697
17835,car,85123
17836,car,12700
17837,car,26226
17838,iphone,15369
17839,car,6670
17840,iphone,51053
17841,laptop,67538
17842,laptop,
17843,pc,98991
17844,car,30335
17845,chair,36261
17846,phone,91955
17847,car,85210
17848,iphone,92919
17849,book,82407
17850,phone,50307
17851,laptop,89553
17852,pc,81765
17853,car,37047
17854,phone,6676
17855,iphone,41272
17856,iphone,31795
17857,chair,1934
17858,pc,69437
17859,book,59696
17860,phone,14887
17861,pc,6260
17862,laptop,6544
17863,car,81681
17864,book,42961
17865,phone,63202
17866,pc,66577
17867,car,37060
17868,pc,3193
17869,phone,21575
17870,book,349
17871,phone,41252
17872,pc,48555
17873,iphone,70286
17874,laptop,48469
17875,chair,43185
17876,pc,10567
17877,chair,72464
17878,book,99715
17879,car,94313
17880,laptop,81574
17881,iphone,69546
17882,iphone,67224
17883,chair,12135
17884,car,16669
17885,chair,
17886,car,33854
17887,iphone,36024
17888,iphone,
17889,chair,76084
17890,book,27897
17891,pc,20188
17892,phone,81915
17893,pc,50157
17894,book,76534
17895,laptop,66968
17896,phone,26616
17897,chair,19772
17898,iphone,26693
17899,book,6715
17900,laptop,53931
17901,car,10610
17902,pc,16134
17903,pc,79920
17904,car,11344
17905,pc,70150
17906,car,29075
17907,phone,37639
17908,car,38991
17909,pc,
17910,laptop,25553
17911,chair,96893
17912,laptop,78142
17913,car,55143
17914,book,48255
17915,chair,76501
17916,laptop,
17917,laptop,30501
17918,car,14128
17919,book,72167
17920,book,53851
17921,car,88314
17922,car,26014
17923,chair,27550
17924,pc,90636
17925,book,99470
17926,pc,74710
17927,phone,19028
17928,laptop,95195
17929,iphone,64967
17930,chair,3178
17931,car,71600
17932,phone,56195
17933,book,5256
17934,car,20031
17935,phone,20996
17936,phone,96166
17937,book,55918
17938,pc,3793
17939,laptop,63639
17940,pc,72712
17941,car,19298
17942,pc,5657
17943,book,12237
17944,book,76125
17945,book,60835
17946,phone,90101
17947,phone,68634
17948,iphone,18167
17949,chair,66454
17950,iphone,86001
17951,car,24657
17952,phone,89862
17953,pc,85219
17954,chair,71361
17955,book,1805
17956,phone,52290
17957,car,89251
17958,book,20922
17959,phone,40839
17960,iphone,48429
17961,pc,34899
17962,phone,3045
17963,phone,9840
17964,iphone,17585
17965,pc,13220
17966,iphone,59813
17967,book,28435
17968,chair,8164
17969,book,73238
17970,iphone,71574
17971,car,95083
17972,laptop,69560
17973,phone,5836
17974,car,35615
17975,book,33420
17976,phone,41722
17977,book,90708
17978,phone,83152
17979,pc,23959
17980,chair,87813
17981,book,55359
17982,iphone,95306
17983,phone,41966
17984,iphone,75754
17985,phone,39805
17986,pc,69626
17987,phone,1129
17988,car,58344
17989,book,84202
17990,car,31615
17991,phone,54823
17992,iphone,68928
17993,book,37661
17994,chair,41947
17995,phone,83440
17996,chair,96206
17997,phone,10200
17998,laptop,15655
17999,car,44331
18000,phone,
18001,laptop,78943
18002,laptop,
18003,laptop,14576
18004,phone,
18005,pc,94687
18006,car,85102
18007,car,53543
18008,phone,69189
18009,laptop,57741
18010,book,52556
18011,laptop,15064
18012,laptop,38574
18013,phone,
18014,pc,80538
18015,iphone,86796
18016,laptop,44950
18017,iphone,45036
18018,iphone,19620
18019,laptop,55300
18020,phone,79971
18021,pc,7186
18022,phone,94190
18023,phone,35560
18024,chair,3076
18025,chair,34050
18026,chair,21448
18027,phone,30590
18028,book,70457
18029,book,31011
18030,book,26593
18031,car,98385
18032,book,18065
18033,pc,33146
18034,phone,96946
18035,phone,54038
18036,phone,
18037,chair,52618
18038,laptop,84072
18039,book,40914
18040,pc,10381
18041,iphone,75972
18042,pc,63050
18043,pc,533
18044,iphone,6853
18045,iphone,56093
18046,phone,51165
18047,iphone,76738
18048,car,37321
18049,book,74261
18050,car,6154
18051,book,51410
18052,laptop,77709
18053,car,44540
18054,laptop,32586
18055,chair,62202
18056,book,52446
18057,pc,64345
18058,iphone,99551
18059,iphone,556
18060,iphone,93596
18061,pc,88445
18062,book,59998
18063,iphone,25887
18064,chair,25990
18065,pc,52014
18066,laptop,52410
18067,book,6009
18068,iphone,82208
18069,book,52955
18070,car,15459
18071,car,27970
18072,iphone,121
18073,iphone,4394
18074,chair,23087
18075,pc,
18076,phone,33716
18077,pc,75406
18078,iphone,88011
18079,phone,56499
18080,iphone,46678
18081,chair,25226
18082,laptop,64270
18083,iphone,10424
18084,chair,
18085,chair,49022
18086,iphone,46184
18087,pc,72015
18088,book,45005
18089,laptop,73523
18090,phone,73895
18091,iphone,34121
18092,iphone,45123
18093,laptop,69391
18094,iphone,21586
18095,car,12972
18096,phone,35884
18097,iphone,86359
18098,pc,17550
18099,book,
18100,phone,38654
18101,iphone,29787
18102,pc,19068
18103,book,45226
18104,iphone,56175
18105,phone,95874
18106,laptop,7050
18107,laptop,
18108,phone,16971
18109,laptop,51556
18110,iphone,81311
18111,phone,96828
18112,car,86703
18113,car,73783
18114,car,59071
18115,iphone,86390
18116,car,4219
18117,book,73274
18118,laptop,22772
18119,book,75882
18120,book,49711
18121,iphone,15873
18122,pc,55531
18123,laptop,79225
18124,phone,
18125,chair,
18126,car,37248
18127,book,231
18128,laptop,61547
18129,book,11612
18130,laptop,69309
18131,iphone,34668
18132,iphone,
18133,phone,15332
18134,iphone,29223
18135,laptop,34765
18136,laptop,61262
18137,iphone,2635
18138,phone,28371
18139,chair,31370
18140,book,84995
18141,laptop,58956
18142,book,85959
18143,laptop,81183
18144,chair,27429
18145,iphone,16188
18146,pc,9610
18147,iphone,9354
18148,pc,83543
18149,pc,86508
18150,book,33558
18151,laptop,72564
18152,book,60869
18153,iphone,
18154,chair,48486
18155,car,3294
18156,book,84582
18157,iphone,52714
18158,pc,28483
18159,pc,23501
18160,laptop,26497
18161,pc,59376
18162,pc,65015
18163,book,33467
18164,iphone,63080
18165,book,97320
18166,car,57793
18167,book,65373
18168,phone,21375
18169,iphone,
18170,pc,81489
18171,phone,25580
18172,phone,14265
18173,car,47441
18174,laptop,88979
18175,car,88293
18176,pc,
18177,laptop,94137
18178,book,21702
18179,phone,97303
18180,book,54972
18181,car,13717
18182,laptop,75666
18183,laptop,37232
18184,phone,71223
18185,car,64766
18186,chair,43449
18187,iphone,26840
18188,chair,
18189,phone,29847
18190,chair,27939
18191,iphone,64894
18192,laptop,8332
18193,book,98230
18194,chair,49736
18195,laptop,18677
18196,chair,2673
18197,car,65367
18198,book,86889
18199,book,46763
18200,car,87860
18201,car,60825
18202,chair,46010
18203,chair,42675
18204,pc,85438
18205,chair,55286
18206,pc,91773
18207,chair,28280
18208,phone,50210
18209,book,95706
18210,book,75437
18211,car,92919
18212,car,65265
18213,laptop,50436
18214,car,51802
18215,book,62354
18216,laptop,10054
18217,iphone,21432
18218,iphone,27054
18219,book,86026
18220,chair,58466
18221,book,12717
18222,laptop,39293
18223,laptop,35082
18224,car,15078
18225,book,49231
18226,iphone,88936
18227,book,
18228,car,50379
18229,pc,87704
18230,pc,831
18231,book,93922
18232,car,64639
18233,phone,9759
18234,car,29952
18235,iphone,69198
18236,laptop,58287
18237,chair,14392
18238,book,11622
18239,iphone,4000
18240,pc,69632
18241,phone,2482
18242,phone,13816
18243,laptop,97231
18244,laptop,10115
18245,book,52746
18246,iphone,49340
18247,car,12090
18248,iphone,93897
18249,laptop,192
18250,car,24296
18251,phone,44848
18252,phone,39858
18253,phone,84200
18254,car,51748
18255,laptop,25241
18256,iphone,84264
18257,phone,39434
18258,chair,44244
18259,chair,42523
18260,book,98607
18261,car,31628
18262,pc,38923
18263,car,92098
18264,pc,92140
18265,phone,54809
18266,car,49179
18267,car,60667
18268,pc,1663
18269,laptop,38841
18270,pc,9
18271,phone,9214
18272,iphone,54769
18273,pc,8180
18274,book,49523
18275,chair,7361
18276,phone,6616
18277,phone,52075
18278,book,56815
18279,car,7560
18280,laptop,35283
18281,chair,86103
18282,car,89266
18283,phone,56458
18284,iphone,77912
18285,book,
18286,phone,74411
18287,book,6381
18288,book,80725
18289,phone,19492
18290,pc,67013
18291,pc,87756
18292,car,67774
18293,laptop,59286
18294,car,66642
18295,book,28415
18296,phone,52857
18297,book,70502
18298,iphone,23195
18299,phone,
18300,book,91229
18301,pc,4686
18302,book,8493
18303,laptop,43640
18304,book,
18305,chair,25480
18306,car,28322
18307,phone,19842
18308,iphone,8603
18309,car,58468
18310,car,8668
18311,laptop,20890
18312,book,38505
18313,car,40446
18314,book,15600
18315,iphone,10450
18316,phone,7331
18317,book,83869
18318,pc,28392
18319,iphone,74718
18320,phone,61496
18321,book,29191
18322,chair,80118
18323,chair,67195
18324,iphone,31628
18325,phone,3071
18326,chair,57684
18327,book,56650
18328,iphone,78436
18329,laptop,45497
18330,iphone,8507
18331,laptop,99691
18332,pc,20409
18333,phone,12205
18334,car,9521
18335,book,
18336,pc,70111
18337,book,81740
18338,book,55830
18339,iphone,55410
18340,car,9517
18341,car,10580
18342,phone,55920
18343,car,12585
18344,chair,61157
18345,iphone,79864
18346,laptop,256
18347,phone,61445
18348,chair,3905
18349,laptop,97522
18350,laptop,36717
18351,iphone,81667
18352,iphone,93282
18353,iphone,92042
18354,laptop,23152
18355,laptop,
18356,chair,25859
18357,chair,97834
18358,car,54214
18359,chair,77264
18360,book,23340
18361,car,40647
18362,book,61373
18363,phone,13178
18364,book,45381
18365,car,27770
18366,pc,
18367,chair,4967
18368,chair,52889
18369,pc,81626
18370,car,18995
18371,phone,63743
18372,iphone,7191
18373,book,40100
18374,car,55396
18375,book,80871
18376,iphone,97176
18377,laptop,90980
18378,laptop,23833
18379,chair,83045
18380,chair,41071
18381,iphone,62559
18382,phone,13061
18383,iphone,
18384,car,
18385,pc,99982
18386,laptop,
18387,car,
18388,pc,26841
18389,phone,66091
18390,car,64876
18391,pc,41892
18392,pc,19615
18393,iphone,
18394,pc,30766
18395,laptop,12583
18396,iphone,45801
18397,car,75511
18398,phone,57301
18399,pc,64334
18400,pc,48992
18401,chair,92990
18402,laptop,42689
18403,car,68577
18404,chair,
18405,laptop,22372
18406,book,5461
18407,phone,70917
18408,pc,24534
18409,laptop,68362
18410,phone,75568
18411,pc,98193
18412,phone,56069
18413,car,83859
18414,laptop,60690
18415,iphone,2551
18416,book,46145
18417,book,88662
18418,pc,99055
18419,pc,87083
18420,chair,
18421,phone,2632
18422,chair,25947
18423,car,58882
18424,iphone,28184
18425,car,12511
18426,car,37433
18427,phone,44232
18428,car,91483
18429,book,88558
18430,phone,63904
18431,chair,57616
18432,book,61936
18433,chair,90478
18434,car,66306
18435,pc,76457
18436,book,9863
18437,car,19665
18438,iphone,29229
18439,iphone,51163
18440,car,59362
18441,iphone,25592
18442,car,99570
18443,phone,37768
18444,laptop,82085
18445,laptop,20275
18446,pc,70995
18447,iphone,36782
18448,car,33605
18449,iphone,17237
18450,book,96180
18451,phone,67869
18452,chair,73269
18453,iphone,49293
18454,chair,56691
18455,book,85484
18456,pc,34471
18457,laptop,50375
18458,iphone,26172
18459,book,80786
18460,pc,19097
18461,book,95765
18462,phone,90966
18463,pc,48923
18464,iphone,13868
18465,car,55248
18466,iphone,1634
18467,laptop,43654
18468,iphone,
18469,car,23095
18470,laptop,89991
18471,book,39332
18472,chair,41825
18473,pc,71604
18474,book,219
18475,iphone,
18476,book,99574
18477,car,50279
18478,car,8990
18479,chair,475
18480,phone,78097
18481,iphone,26782
18482,iphone,32045
18483,car,
18484,book,85216
18485,laptop,
18486,iphone,34219
18487,car,27449
18488,car,17607
18489,car,26005
18490,pc,93579
18491,iphone,64983
18492,car,73278
18493,car,
18494,car,93730
18495,book,66099
18496,chair,30531
18497,book,91544
18498,pc,77499
18499,phone,63990
18500,laptop,
18501,phone,34265
18502,pc,15929
18503,book,4318
18504,chair,97894
18505,phone,21775
18506,book,90767
18507,pc,20904
18508,phone,90669
18509,phone,966
18510,pc,89920
18511,pc,9458
18512,phone,58690
18513,car,40425
18514,pc,18422
18515,phone,68928
18516,book,10401
18517,book,21857
18518,chair,3185
18519,car,49945
18520,laptop,59444
18521,pc,11721
18522,book,13490
18523,chair,29523
18524,chair,2438
18525,car,78900
18526,iphone,99318
18527,laptop,52029
18528,car,20460
18529,pc,2359
18530,chair,58822
18531,chair,74145
18532,iphone,11923
18533,car,640
18534,chair,99033
18535,laptop,50792
18536,chair,30961
18537,car,61004
18538,phone,64346
18539,pc,97385
18540,laptop,91240
18541,iphone,72274
18542,chair,26830
18543,iphone,45984
18544,pc,27106
18545,laptop,52723
18546,iphone,17307
18547,laptop,
18548,chair,75522
18549,laptop,15665
18550,phone,47603
18551,iphone,95580
18552,laptop,29011
18553,iphone,77552
18554,phone,7223
18555,car,76872
18556,car,19638
18557,laptop,
18558,phone,83587
18559,car,74326
18560,iphone,54378
18561,laptop,73854
18562,chair,50317
18563,pc,67826
18564,laptop,26294
18565,pc,77076
18566,laptop,2547
18567,iphone,72433
18568,laptop,18561
18569,iphone,47261
18570,chair,40642
18571,phone,84985
18572,chair,47542
18573,chair,
18574,car,75700
18575,laptop,48518
18576,car,66960
18577,iphone,94183
18578,laptop,97372
18579,laptop,7687
18580,chair,99978
18581,iphone,2786
18582,pc,287
18583,chair,45620
18584,chair,71768
18585,book,97534
18586,chair,14692
18587,car,45751
18588,chair,45029
18589,chair,97383
18590,book,51102
18591,car,62018
18592,iphone,2739
18593,laptop,51308
18594,iphone,19053
18595,iphone,67528
18596,iphone,25726
18597,iphone,56529
18598,laptop,97448
18599,car,99436
18600,iphone,21583
18601,chair,458
18602,laptop,72837
18603,phone,3915
18604,car,88293
18605,laptop,63948
18606,phone,11585
18607,laptop,18698
18608,iphone,
18609,car,15072
18610,iphone,57388
18611,laptop,8444
18612,car,76083
18613,laptop,73391
18614,chair,82330
18615,book,55906
18616,iphone,39978
18617,phone,41305
18618,phone,33328
18619,pc,90168
18620,pc,26624
18621,phone,4983
18622,car,74120
18623,book,34219
18624,laptop,68356
18625,chair,56440
18626,iphone,5400
18627,pc,54832
18628,chair,14725
18629,phone,56084
18630,chair,47579
18631,pc,26496
18632,iphone,24668
18633,laptop,58996
18634,phone,24472
18635,book,75497
18636,laptop,9078
18637,phone,88993
18638,chair,32417
18639,phone,46005
18640,car,72675
18641,pc,58407
18642,pc,27693
18643,car,97372
18644,phone,13542
18645,chair,71195
18646,pc,55480
18647,iphone,46392
18648,phone,
18649,pc,50170
18650,laptop,94483
18651,phone,62850
18652,phone,72745
18653,car,22226
18654,laptop,72755
18655,laptop,7598
18656,iphone,85035
18657,car,
18658,laptop,75181
18659,book,46685
18660,phone,76037
18661,book,67455
18662,phone,18907
18663,book,43902
18664,car,32883
18665,pc,20070
18666,laptop,18475
18667,chair,88156
18668,car,99776
18669,phone,73979
18670,chair,16015
18671,car,69349
18672,chair,24336
18673,book,79263
18674,car,
18675,chair,44415
18676,pc,56762
18677,phone,1962
18678,iphone,29488
18679,car,73664
18680,book,13710
18681,iphone,62227
18682,phone,77656
18683,pc,8541
18684,book,16124
18685,iphone,1664
18686,car,13310
18687,book,78889
18688,laptop,
18689,laptop,
18690,car,92623
18691,laptop,57212
18692,book,15251
18693,laptop,59585
18694,car,27165
18695,book,32202
18696,chair,83065
18697,laptop,48845
18698,phone,79728
18699,laptop,60534
18700,book,49431
18701,pc,29698
18702,pc,28631
18703,pc,
18704,pc,5621
18705,pc,83191
18706,book,87395
18707,chair,53149
18708,car,14314
18709,laptop,30614
18710,laptop,58763
18711,phone,30235
18712,pc,66455
18713,phone,91117
18714,book,82977
18715,iphone,46428
18716,car,11370
18717,book,974
18718,pc,24390
18719,car,98219
18720,pc,95536
18721,iphone,32687
18722,book,28554
18723,chair,34444
18724,pc,24699
18725,laptop,63117
18726,iphone,57336
18727,iphone,54270
18728,chair,97051
18729,laptop,22357
18730,chair,33467
18731,phone,98318
18732,pc,40899
18733,chair,42417
18734,laptop,54730
18735,car,25427
18736,chair,51960
18737,book,77654
18738,pc,30329
18739,phone,2468
18740,chair,84819
18741,book,35197
18742,pc,5943
18743,chair,87542
18744,laptop,96442
18745,chair,56828
18746,chair,6191
18747,iphone,34681
18748,chair,81372
18749,chair,87948
18750,pc,52710
18751,car,72842
18752,book,56653
18753,chair,34380
18754,iphone,71448
18755,phone,56876
18756,car,34328
18757,book,12279
18758,book,59168
18759,pc,77263
18760,iphone,97573
18761,chair,885
18762,iphone,84172
18763,book,30127
18764,laptop,85790
18765,chair,64236
18766,phone,24238
18767,iphone,73513
18768,iphone,
18769,book,26668
18770,pc,62267
18771,iphone,91573
18772,pc,91172
18773,car,73173
18774,chair,27203
18775,iphone,47847
18776,iphone,32646
18777,chair,11583
18778,pc,8317
18779,phone,31263
18780,pc,9525
18781,iphone,68302
18782,phone,20255
18783,book,78361
18784,chair,54216
18785,iphone,69566
18786,book,44368
18787,iphone,77025
18788,chair,70389
18789,chair,66942
18790,iphone,79899
18791,iphone,84950
18792,book,83126
18793,book,99199
18794,chair,20350
18795,car,58725
18796,iphone,
18797,chair,74995
18798,laptop,41510
18799,pc,55278
18800,book,19483
18801,pc,22850
18802,chair,82881
18803,laptop,54306
18804,chair,11206
18805,laptop,88084
18806,car,98624
18807,pc,6813
18808,car,65312
18809,book,89020
18810,book,64384
18811,chair,
18812,laptop,10152
18813,car,114
18814,laptop,13787
18815,car,73641
18816,pc,16798
18817,laptop,40313
18818,book,24355
18819,pc,71373
18820,iphone,
18821,phone,62868
18822,pc,17030
18823,car,53376
18824,chair,99362
18825,pc,85217
18826,iphone,8685
18827,iphone,73050
18828,book,6453
18829,phone,62195
18830,laptop,54117
18831,book,84464
18832,pc,
18833,phone,92846
18834,pc,62341
18835,iphone,48697
18836,phone,66479
18837,laptop,44912
18838,phone,93647
18839,phone,47473
18840,book,79873
18841,laptop,
18842,book,9661
18843,book,
18844,car,91469
18845,pc,40901
18846,book,21783
18847,pc,49457
18848,chair,35215
18849,laptop,23909
18850,laptop,51109
18851,phone,20369
18852,chair,
18853,car,80982
18854,laptop,77032
18855,book,9387
18856,phone,94802
18857,chair,
18858,phone,27305
18859,car,38240
18860,chair,66575
18861,car,4056
18862,laptop,33483
18863,chair,57284
18864,book,71948
18865,chair,49194
18866,laptop,15744
18867,chair,13326
18868,book,60623
18869,chair,95076
18870,iphone,81873
18871,car,10495
18872,pc,39844
18873,chair,61728
18874,car,38132
18875,pc,5610
18876,chair,52892
18877,laptop,47826
18878,laptop,68344
18879,phone,19459
18880,book,1409
18881,iphone,64934
18882,iphone,417
18883,car,7775
18884,car,41228
18885,phone,93988
18886,iphone,37204
18887,chair,53048
18888,chair,97827
18889,phone,15261
18890,phone,88348
18891,car,44940
18892,pc,
18893,phone,2732
18894,car,38441
18895,laptop,49362
18896,book,77315
18897,chair,38450
18898,pc,90501
18899,car,81238
18900,phone,43568
18901,car,34453
18902,phone,50397
18903,book,23679
18904,phone,25474
18905,pc,71637
18906,pc,40671
18907,book,57047
18908,book,95149
18909,chair,95143
18910,car,67357
18911,phone,67833
18912,book,14153
18913,laptop,25292
18914,phone,
18915,laptop,34091
18916,laptop,97403
18917,phone,73892
18918,pc,80277
18919,chair,20731
18920,iphone,79603
18921,pc,78729
18922,iphone,38575
18923,pc,9195
18924,iphone,25860
18925,laptop,
18926,iphone,57609
18927,book,4004
18928,chair,44910
18929,phone,99061
18930,book,32707
18931,chair,27491
18932,phone,69059
18933,pc,9660
18934,iphone,14307
18935,car,12981
18936,pc,59694
18937,phone,
18938,phone,76023
18939,iphone,26440
18940,iphone,17380
18941,laptop,50204
18942,phone,10428
18943,book,41105
18944,laptop,76365
18945,chair,3946
18946,car,43841
18947,laptop,21395
18948,book,90144
18949,laptop,26657
18950,book,69248
18951,pc,77071
18952,phone,36546
18953,chair,50941
18954,phone,71552
18955,book,66349
18956,book,
18957,phone,1069
18958,book,67923
18959,phone,10317
18960,laptop,90793
18961,pc,5003
18962,iphone,81687
18963,laptop,90046
18964,laptop,34132
18965,phone,60036
18966,chair,47487
18967,laptop,95203
18968,pc,53997
18969,chair,43784
18970,laptop,85095
18971,pc,36341
18972,chair,11844
18973,car,80078
18974,chair,50047
18975,car,58829
18976,book,73249
18977,chair,54251
18978,book,79863
18979,iphone,2438
18980,book,48769
18981,book,60168
18982,chair,61563
18983,laptop,25085
18984,book,81800
18985,pc,78725
18986,iphone,42245
18987,phone,
18988,phone,62671
18989,iphone,88670
18990,car,32090
18991,chair,62809
18992,car,67996
18993,phone,53265
18994,iphone,69143
18995,phone,30465
18996,car,73624
18997,phone,70010
18998,chair,25936
18999,pc,53749
19000,pc,80605
19001,book,3568
19002,book,51970
19003,laptop,36281
19004,book,3973
19005,car,51661
19006,laptop,32564
19007,car,73812
19008,iphone,13524
19009,pc,60958
19010,phone,70893
19011,iphone,9995
19012,iphone,69604
19013,book,33379
19014,book,1199
19015,chair,77230
19016,pc,46576
19017,pc,42119
19018,chair,46516
19019,phone,81132
19020,phone,5026
19021,chair,28636
19022,pc,41436
19023,pc,1911
19024,laptop,16099
19025,laptop,42867
19026,book,91120
19027,car,55463
19028,book,12215
19029,iphone,62963
19030,phone,95450
19031,car,25866
19032,car,31329
19033,car,80681
19034,laptop,2611
19035,chair,33619
19036,car,51608
19037,phone,94016
19038,iphone,75403
19039,car,93704
19040,car,95860
19041,phone,1820
19042,pc,40228
19043,chair,63810
19044,pc,83681
19045,phone,18422
19046,pc,56102
19047,laptop,47448
19048,laptop,8329
19049,pc,8068
19050,pc,70994
19051,laptop,53917
19052,phone,57094
19053,laptop,6789
19054,chair,98785
19055,book,92453
19056,book,15010
19057,laptop,43770
19058,pc,83967
19059,laptop,44938
19060,iphone,56331
19061,pc,69854
19062,iphone,98034
19063,iphone,90906
19064,book,99432
19065,pc,66425
19066,laptop,
19067,phone,9566
19068,pc,33726
19069,car,88166
19070,laptop,65927
19071,car,2419
19072,laptop,70212
19073,pc,6788
19074,car,41322
19075,car,93377
19076,laptop,7793
19077,phone,86752
19078,iphone,14240
19079,chair,94636
19080,laptop,59550
19081,pc,20386
19082,laptop,138
19083,pc,70142
19084,laptop,29871
19085,car,32802
19086,laptop,99411
19087,pc,90171
19088,laptop,2210
19089,chair,21614
19090,car,98853
19091,pc,46520
19092,chair,
19093,book,1978
19094,car,24765
19095,book,4973
19096,pc,83102
19097,iphone,27416
19098,pc,20848
19099,phone,43361
19100,iphone,92929
19101,laptop,95004
19102,phone,66190
19103,laptop,48688
19104,phone,96106
19105,phone,28788
19106,car,
19107,pc,78952
19108,book,27200
19109,chair,89396
19110,laptop,70712
19111,book,99858
19112,phone,69567
19113,pc,69382
19114,car,74169
19115,laptop,95163
19116,car,31752
19117,book,26027
19118,chair,9330
19119,book,56644
19120,car,84336
19121,book,89183
19122,book,99073
19123,car,95845
19124,chair,98786
19125,laptop,54991
19126,pc,88986
19127,iphone,61309
19128,chair,20518
19129,phone,70030
19130,car,58622
19131,laptop,43019
19132,chair,72373
19133,car,17322
19134,chair,86902
19135,pc,52479
19136,car,6159
19137,phone,
19138,pc,82940
19139,phone,69857
19140,laptop,64871
19141,pc,5430
19142,pc,33475
19143,car,35247
19144,chair,30870
19145,iphone,63410
19146,chair,85553
19147,book,54
19148,chair,7592
19149,car,52109
19150,phone,80009
19151,iphone,
19152,chair,81052
19153,car,16426
19154,phone,83705
19155,car,
19156,phone,35990
19157,phone,3826
19158,phone,28819
19159,laptop,44780
19160,phone,91882
19161,iphone,32501
19162,chair,
19163,car,1498
19164,iphone,96535
19165,phone,68798
19166,pc,43323
19167,pc,
19168,chair,64525
19169,laptop,96776
19170,phone,93237
19171,iphone,4939
19172,book,38897
19173,pc,86958
19174,pc,64321
19175,pc,39413
19176,phone,33047
19177,laptop,4998
19178,phone,51570
19179,chair,84396
19180,pc,59392
19181,book,81075
19182,pc,16023
19183,book,7859
19184,phone,79701
19185,chair,33713
19186,phone,69869
19187,iphone,13727
19188,iphone,7989
19189,iphone,51210
19190,laptop,88867
19191,phone,70693
19192,iphone,99135
19193,laptop,2790
19194,pc,29480
19195,phone,95450
19196,laptop,98350
19197,iphone,64120
19198,book,
19199,car,
19200,car,81001
19201,iphone,82026
19202,pc,63318
19203,book,93877
19204,car,21264
19205,pc,70522
19206,chair,28050
19207,pc,27791
19208,chair,71377
19209,pc,60687
19210,car,3074
19211,pc,61421
19212,laptop,58546
19213,laptop,92917
19214,car,38091
19215,car,55625
19216,pc,44760
19217,chair,18489
19218,car,
19219,pc,45738
19220,book,62219
19221,car,
19222,phone,
19223,iphone,3825
19224,book,6937
19225,car,33847
19226,book,83527
19227,iphone,90619
19228,book,91047
19229,chair,48147
19230,book,39917
19231,iphone,7874
19232,phone,
19233,iphone,60873
19234,phone,13097
19235,pc,92060
19236,phone,103
19237,book,12419
19238,car,59490
19239,phone,30537
19240,laptop,43755
19241,pc,63438
19242,pc,59192
19243,chair,59244
19244,car,51765
19245,book,84512
19246,phone,96754
19247,car,38118
19248,phone,45864
19249,car,40745
19250,phone,43998
19251,pc,38249
19252,pc,41616
19253,phone,49785
19254,book,74664
19255,iphone,94037
19256,phone,28980
19257,iphone,49011
19258,chair,50560
19259,chair,21113
19260,iphone,86060
19261,phone,3949
19262,chair,94961
19263,chair,46260
19264,iphone,8096
19265,iphone,84684
19266,car,84427
19267,car,79943
19268,phone,82728
19269,iphone,29307
19270,chair,63919
19271,phone,94074
19272,book,92014
19273,chair,84206
19274,book,
19275,laptop,82436
19276,car,66207
19277,car,51582
19278,pc,89571
19279,car,2268
19280,phone,96352
19281,car,42062
19282,iphone,53559
19283,phone,25298
19284,chair,
19285,book,46053
19286,chair,28241
19287,laptop,35928
19288,car,53400
19289,pc,69133
19290,chair,68459
19291,phone,82443
19292,car,
19293,pc,19001
19294,laptop,34155
19295,chair,60786
19296,phone,70356
19297,phone,31642
19298,chair,37493
19299,phone,78997
19300,iphone,51228
19301,book,39562
19302,book,79172
19303,iphone,22576
19304,book,13663
19305,phone,73420
19306,iphone,72939
19307,laptop,68971
19308,car,18331
19309,phone,26965
19310,pc,24542
19311,laptop,17122
19312,iphone,73452
19313,phone,52746
19314,pc,33568
19315,car,57976
19316,car,34240
19317,phone,93719
19318,pc,16915
19319,laptop,80066
19320,phone,43394
19321,car,77688
19322,pc,48589
19323,chair,32445
19324,laptop,18819
19325,iphone,42952
19326,laptop,3822
19327,iphone,42872
19328,chair,46458
19329,car,34054
19330,iphone,69015
19331,chair,54985
19332,laptop,67850
19333,laptop,71516
19334,iphone,23435
19335,phone,64933
19336,book,25756
19337,laptop,70865
19338,pc,16717
19339,laptop,37609
19340,car,
19341,car,15557
19342,phone,86947
19343,pc,32547
19344,laptop,55563
19345,iphone,40816
19346,phone,34347
19347,chair,75851
19348,iphone,85737
19349,chair,60617
19350,car,84001
19351,iphone,10420
19352,iphone,75625
19353,book,30840
19354,car,32820
19355,laptop,93065
19356,chair,17651
19357,phone,17755
19358,phone,
19359,iphone,42164
19360,phone,44315
19361,pc,78849
19362,chair,12597
19363,iphone,35574
19364,phone,33083
19365,chair,261
19366,iphone,99180
19367,book,20968
19368,pc,5862
19369,car,12699
19370,book,50995
19371,laptop,38720
19372,chair,74061
19373,pc,33007
19374,laptop,54521
19375,iphone,59331
19376,pc,22098
19377,pc,50440
19378,laptop,54270
19379,chair,
19380,book,75971
19381,book,15744
19382,car,72313
19383,book,91619
19384,pc,43539
19385,pc,20155
19386,book,
19387,car,62791
19388,iphone,94969
19389,iphone,20261
19390,chair,24986
19391,chair,8049
19392,car,55587
19393,book,21797
19394,pc,77374
19395,phone,84874
19396,phone,48008
19397,laptop,91333
19398,chair,
19399,book,341
19400,car,16631
19401,phone,81218
19402,iphone,91034
19403,book,20274
19404,iphone,28398
19405,laptop,31157
19406,laptop,92207
19407,phone,76365
19408,car,70858
19409,phone,35301
19410,book,79823
19411,chair,18454
19412,car,30107
19413,pc,68743
19414,book,19465
19415,book,34412
19416,phone,84887
19417,book,12772
19418,phone,78626
19419,chair,72756
19420,phone,2431
19421,iphone,76941
19422,phone,94316
19423,book,99352
19424,chair,
19425,iphone,79917
19426,laptop,61343
19427,book,86329
19428,pc,24523
19429,phone,66587
19430,book,90403
19431,chair,34505
19432,book,9310
19433,book,
19434,chair,21199
19435,book,67644
19436,laptop,63392
19437,laptop,5626
19438,car,22847
19439,phone,67732
19440,phone,70787
19441,car,64651
19442,iphone,2805
19443,car,83589
19444,iphone,59877
19445,car,74690
19446,phone,27567
19447,car,42179
19448,phone,19249
19449,iphone,16888
19450,laptop,91422
19451,car,83402
19452,phone,92039
19453,iphone,55620
19454,car,1738
19455,chair,91037
19456,iphone,16739
19457,car,19968
19458,laptop,38456
19459,book,89596
19460,laptop,88917
19461,chair,45213
19462,chair,5214
19463,phone,58782
19464,pc,35299
19465,car,81460
19466,laptop,62002
19467,iphone,20884
19468,car,62810
19469,phone,50638
19470,pc,
19471,chair,69655
19472,pc,17305
19473,iphone,3881
19474,book,88384
19475,chair,90543
19476,car,35000
19477,iphone,82254
19478,car,66176
19479,chair,17644
19480,chair,20563
19481,pc,73881
19482,phone,59858
19483,pc,56717
19484,book,98422
19485,pc,62937
19486,phone,58893
19487,laptop,45487
19488,pc,54214
19489,book,50354
19490,book,94990
19491,phone,35045
19492,book,21994
19493,iphone,66866
19494,phone,5893
19495,chair,45010
19496,laptop,84026
19497,laptop,32679
19498,pc,81488
19499,book,76672
19500,laptop,66679
19501,laptop,793
19502,laptop,90365
19503,iphone,4617
19504,laptop,50546
19505,pc,63226
19506,chair,43891
19507,iphone,8607
19508,book,51629
19509,iphone,70099
19510,iphone,47706
19511,iphone,42689
19512,book,23352
19513,book,13525
19514,iphone,84893
19515,pc,80740
19516,iphone,60557
19517,iphone,68131
19518,chair,93562
19519,iphone,91375
19520,car,25385
19521,phone,34604
19522,book,331
19523,car,43495
19524,book,13023
19525,laptop,54476
19526,book,61646
19527,laptop,
19528,pc,
19529,laptop,51175
19530,iphone,69889
19531,book,66275
19532,phone,82818
19533,iphone,69002
19534,iphone,60215
19535,phone,95312
19536,laptop,7309
19537,book,10655
19538,car,83162
19539,laptop,8826
19540,iphone,73975
19541,iphone,3630
19542,car,86933
19543,chair,55039
19544,chair,91345
19545,car,8141
19546,pc,69667
19547,car,44041
19548,book,99944
19549,phone,42073
19550,laptop,12330
19551,iphone,67613
19552,chair,65011
19553,book,27486
19554,chair,91085
19555,iphone,76221
19556,laptop,96544
19557,pc,34296
19558,laptop,22600
19559,pc,48467
19560,iphone,98191
19561,pc,41845
19562,car,13320
19563,car,23480
19564,car,35388
19565,car,13459
19566,car,16457
19567,book,26366
19568,pc,7170
19569,pc,60905
19570,laptop,4364
19571,pc,9734
19572,chair,
19573,chair,63516
19574,phone,38895
19575,laptop,36678
19576,iphone,23784
19577,iphone,
19578,iphone,27270
19579,pc,52177
19580,laptop,52882
19581,iphone,71733
19582,iphone,4945
19583,car,19758
19584,chair,94641
19585,chair,83863
19586,iphone,46006
19587,car,62239
19588,pc,87628
19589,phone,47953
19590,chair,97575
19591,car,70252
19592,laptop,6722
19593,iphone,18574
19594,car,32219
19595,laptop,61680
19596,pc,33616
19597,chair,94932
19598,laptop,31084
19599,chair,10074
19600,chair,
19601,book,34909
19602,laptop,79208
19603,pc,83172
19604,pc,6750
19605,book,98567
19606,laptop,87114
19607,pc,47970
19608,laptop,66731
19609,laptop,8297
19610,book,72947
19611,laptop,80284
19612,book,38939
19613,book,76001
19614,book,45250
19615,iphone,93249
19616,pc,26534
19617,book,81755
19618,iphone,
19619,phone,127
19620,book,1316
19621,laptop,48532
19622,chair,41239
19623,chair,89051
19624,car,42367
19625,book,80208
19626,iphone,
19627,chair,42346
19628,book,77430
19629,phone,98137
19630,iphone,21470
19631,pc,23813
19632,chair,2378
19633,chair,90465
19634,chair,4873
19635,car,73885
19636,phone,13202
19637,iphone,50043
19638,car,77559
19639,chair,11915
19640,car,94206
19641,pc,20183
19642,book,17508
19643,car,20672
19644,book,99648
19645,chair,93817
19646,car,37691
19647,laptop,19089
19648,laptop,20473
19649,pc,2930
19650,pc,17236
19651,car,1976
19652,chair,16962
19653,phone,79115
19654,pc,88090
19655,pc,30906
19656,laptop,76814
19657,car,12567
19658,iphone,43994
19659,pc,79189
19660,laptop,
19661,chair,63529
19662,phone,36788
19663,iphone,36018
19664,phone,49263
19665,laptop,70432
19666,car,
19667,car,59546
19668,phone,47566
19669,pc,36054
19670,chair,34
19671,iphone,78304
19672,chair,31127
19673,phone,63590
19674,pc,94544
19675,laptop,94900
19676,pc,64209
19677,iphone,25926
19678,phone,19081
19679,laptop,78409
19680,iphone,61694
19681,iphone,59622
19682,pc,97156
19683,pc,25460
19684,book,36616
19685,phone,20968
19686,pc,21052
19687,book,25794
19688,book,10841
19689,pc,42654
19690,pc,28504
19691,laptop,3663
19692,phone,89343
19693,chair,92455
19694,laptop,5553
19695,iphone,36424
19696,laptop,40828
19697,laptop,24317
19698,book,
19699,laptop,50838
19700,phone,68472
19701,iphone,74357
19702,pc,29713
19703,car,45672
19704,chair,20482
19705,iphone,
19706,iphone,84242
19707,phone,46191
19708,pc,72458
19709,car,30708
19710,pc,58560
19711,book,76350
19712,laptop,10444
19713,iphone,79876
19714,chair,99935
19715,chair,97593
19716,laptop,63205
19717,laptop,7758
19718,book,24270
19719,laptop,62521
19720,pc,97131
19721,iphone,1836
19722,chair,73342
19723,phone,9180
19724,book,39780
19725,book,51618
19726,iphone,61129
19727,iphone,45885
19728,pc,12841
19729,laptop,96986
19730,laptop,
19731,phone,5418
19732,book,49937
19733,book,18271
19734,phone,86584
19735,chair,43639
19736,car,89544
19737,laptop,83249
19738,iphone,82038
19739,chair,97779
19740,iphone,98360
19741,car,96844
19742,phone,39751
19743,chair,86469
19744,phone,84522
19745,book,84851
19746,book,6468
19747,iphone,52729
19748,laptop,32552
19749,pc,34948
19750,pc,42586
19751,car,93735
19752,pc,41965
19753,laptop,96010
19754,pc,53474
19755,iphone,28921
19756,laptop,91159
19757,iphone,27230
19758,phone,19576
19759,car,24912
19760,car,79783
19761,chair,53904
19762,book,3953
19763,book,96620
19764,laptop,10227
19765,iphone,
19766,pc,
19767,pc,52671
19768,laptop,36926
19769,phone,8092
19770,phone,82060
19771,iphone,36937
19772,pc,82215
19773,car,61168
19774,iphone,60319
19775,book,5215
19776,iphone,4805
19777,chair,38010
19778,book,48748
19779,phone,38969
19780,pc,96847
19781,book,93907
19782,book,3344
19783,laptop,9119
19784,car,94777
19785,chair,91571
19786,pc,95940
19787,car,74713
19788,pc,
19789,laptop,27263
19790,chair,54296
19791,laptop,34720
19792,chair,7732
19793,phone,35978
19794,iphone,
19795,chair,45615
19796,laptop,28446
19797,chair,68444
19798,book,41483
19799,chair,2021
19800,car,46887
19801,iphone,15206
19802,laptop,45293
19803,chair,2755
19804,book,34843
19805,iphone,60008
19806,phone,20457
19807,chair,30190
19808,book,13725
19809,laptop,10390
19810,iphone,95015
19811,phone,33561
19812,pc,80784
19813,pc,4687
19814,phone,55294
19815,laptop,33391
19816,iphone,24480
19817,laptop,15923
19818,car,65113
19819,pc,9749
19820,pc,57502
19821,pc,4173
19822,book,40131
19823,laptop,97991
19824,pc,2621
19825,book,94268
19826,car,79915
19827,phone,16820
19828,laptop,30177
19829,car,5108
19830,chair,76325
19831,iphone,75378
19832,pc,77434
19833,chair,92429
19834,car,7722
19835,chair,80105
19836,iphone,21592
19837,car,81832
19838,phone,14496
19839,car,86738
19840,iphone,84264
19841,pc,58650
19842,car,96073
19843,chair,77484
19844,car,81608
19845,pc,34693
19846,iphone,92758
19847,laptop,19483
19848,phone,84511
19849,pc,69801
19850,iphone,78016
19851,car,57323
19852,laptop,10880
19853,chair,22421
19854,book,17782
19855,iphone,19452
19856,car,2520
19857,iphone,61701
19858,phone,30615
19859,iphone,60132
19860,book,64640
19861,chair,17662
19862,laptop,
19863,book,29240
19864,iphone,93828
19865,iphone,28702
19866,pc,12725
19867,laptop,23385
19868,chair,88058
19869,pc,50507
19870,chair,50774
19871,iphone,10793
19872,phone,19795
19873,book,42649
19874,iphone,18405
19875,phone,52582
19876,chair,73695
19877,car,76864
19878,phone,11460
19879,car,
19880,book,88264
19881,pc,97292
19882,book,85878
19883,iphone,62591
19884,phone,28357
19885,car,69288
19886,phone,27103
19887,pc,78056
19888,iphone,
19889,chair,92039
19890,phone,64648
19891,phone,93848
19892,laptop,68960
19893,iphone,4838
19894,laptop,6378
19895,iphone,71879
19896,pc,82016
19897,book,6285
19898,iphone,99828
19899,book,46069
19900,laptop,38665
19901,laptop,76682
19902,book,8851
19903,car,27680
19904,phone,6314
19905,laptop,23600
19906,book,76594
19907,book,
19908,phone,76187
19909,chair,66159
19910,chair,40697
19911,book,27589
19912,phone,34541
19913,book,17554
19914,car,58971
19915,phone,91165
19916,chair,
19917,car,57525
19918,laptop,90846
19919,iphone,36579
19920,pc,44432
19921,iphone,96706
19922,car,58428
19923,laptop,87139
19924,car,23247
19925,book,93872
19926,book,73262
19927,phone,25930
19928,book,55640
19929,phone,56275
19930,phone,51856
19931,phone,
19932,car,42597
19933,chair,32549
19934,laptop,64723
19935,laptop,17908
19936,phone,13717
19937,pc,71524
19938,chair,93743
19939,chair,70749
19940,chair,15161
19941,chair,18783
19942,car,65900
19943,pc,33696
19944,chair,53086
19945,chair,80546
19946,chair,45547
19947,phone,70093
19948,car,14912
19949,phone,73728
19950,chair,51936
19951,laptop,78541
19952,chair,77329
19953,laptop,92548
19954,phone,56907
19955,iphone,90369
19956,pc,
19957,iphone,58184
19958,pc,2445
19959,laptop,84958
19960,car,4928
19961,pc,2533
19962,iphone,68579
19963,iphone,54036
19964,laptop,76641
19965,pc,92705
19966,book,50208
19967,book,52521
19968,laptop,81888
19969,book,25162
19970,iphone,35969
19971,laptop,79493
19972,chair,23098
19973,pc,72936
19974,phone,83754
19975,laptop,29341
19976,iphone,29437
19977,iphone,57824
19978,pc,84424
19979,iphone,8118
19980,book,44492
19981,pc,61321
19982,book,51425
19983,car,69288
19984,iphone,33413
19985,pc,2102
19986,chair,77809
19987,pc,70414
19988,car,26563
19989,laptop,86308
19990,chair,20925
19991,chair,55902
19992,phone,593
19993,car,79761
19994,phone,2586
19995,phone,55993
19996,car,81485
19997,phone,20980
19998,iphone,96344
19999,laptop,47255
20000,book,75580
20001,pc,43207
20002,laptop,5440
20003,iphone,94620
20004,laptop,2328
20005,iphone,75269
20006,book,69075
20007,pc,49415
20008,phone,2970
20009,book,33749
20010,laptop,51288
20011,chair,93210
20012,phone,29508
20013,pc,93018
20014,pc,45161
20015,iphone,2904
20016,phone,78764
20017,car,
20018,book,38205
20019,iphone,65036
20020,book,2998
20021,chair,67582
20022,iphone,29608
20023,pc,36326
20024,car,23507
20025,book,79023
20026,iphone,45490
20027,laptop,66578
20028,pc,65034
20029,book,39887
20030,iphone,92862
20031,laptop,45882
20032,chair,40437
20033,pc,17416
20034,chair,77965
20035,laptop,7807
20036,iphone,7274
20037,phone,58620
20038,phone,43784
20039,chair,42054
20040,pc,
20041,laptop,83497
20042,iphone,50303
20043,iphone,28828
20044,phone,27391
20045,pc,
20046,chair,33187
20047,phone,46699
20048,car,56957
20049,iphone,80716
20050,laptop,92901
20051,chair,66624
20052,car,90505
20053,pc,
20054,laptop,54601
20055,laptop,9855
20056,phone,91145
20057,phone,97593
20058,phone,7887
20059,car,34135
20060,car,3864
20061,chair,33412
20062,car,49525
20063,laptop,95118
20064,chair,95474
20065,book,54043
20066,iphone,26510
20067,car,78710
20068,iphone,16568
20069,phone,82034
20070,car,
20071,phone,50125
20072,laptop,17572
20073,pc,61747
20074,car,45160
20075,chair,59205
20076,laptop,853
20077,car,84868
20078,car,46671
20079,car,56562
20080,laptop,29196
20081,iphone,47440
20082,phone,48474
20083,car,88370
20084,car,30718
20085,car,83085
20086,book,75027
20087,pc,47349
20088,book,31046
20089,phone,82363
20090,pc,6434
20091,car,57414
20092,chair,34074
20093,phone,46930
20094,book,91527
20095,pc,92788
20096,car,
20097,chair,95493
20098,iphone,90601
20099,car,58494
20100,chair,31456
20101,book,94724
20102,pc,68087
20103,phone,46292
20104,car,30584
20105,laptop,85013
20106,car,3231
20107,pc,81248
20108,iphone,93953
20109,pc,40728
20110,laptop,23165
20111,car,20425
20112,book,34017
20113,car,971
20114,laptop,67575
20115,book,94897
20116,iphone,73134
20117,iphone,70682
20118,iphone,26130
20119,car,86136
20120,pc,40283
20121,phone,13579
20122,chair,72072
20123,phone,70387
20124,chair,53298
20125,chair,52908
20126,pc,64066
20127,pc,62090
20128,car,97262
20129,book,25885
20130,chair,91579
20131,iphone,
20132,chair,15383
20133,phone,94152
20134,chair,40726
20135,iphone,52050
20136,book,68514
20137,iphone,95982
20138,phone,51548
20139,pc,9961
20140,book,40897
20141,phone,82466
20142,iphone,33768
20143,phone,72357
20144,phone,90039
20145,phone,58080
20146,chair,68001
20147,iphone,60326
20148,book,59782
20149,book,22614
20150,pc,
20151,pc,7230
20152,chair,24786
20153,laptop,29190
20154,car,32916
20155,laptop,37480
20156,phone,99105
20157,chair,
20158,laptop,67881
20159,pc,8678
20160,book,74159
20161,laptop,12068
20162,car,252
20163,phone,56988
20164,phone,56025
20165,iphone,15331
20166,pc,51274
20167,car,31953
20168,book,52461
20169,laptop,42256
20170,chair,47283
20171,pc,96695
20172,iphone,22915
20173,car,4333
20174,chair,39309
20175,iphone,42926
20176,car,9045
20177,laptop,87624
20178,book,74821
20179,car,58851
20180,phone,12490
20181,iphone,244
20182,laptop,86238
20183,iphone,72333
20184,pc,8778
20185,laptop,28364
20186,laptop,50902
20187,car,25293
20188,car,61712
20189,book,89975
20190,car,
20191,pc,56830
20192,pc,39360
20193,iphone,40557
20194,book,15344
20195,chair,25426
20196,car,54068
20197,car,25281
20198,book,3554
20199,phone,3017
20200,laptop,76095
20201,laptop,79931
20202,car,10009
20203,chair,22927
20204,laptop,27849
20205,iphone,82666
20206,laptop,78912
20207,iphone,22214
20208,chair,96713
20209,pc,17614
20210,car,18140
20211,chair,19795
20212,iphone,66228
20213,pc,78094
20214,car,13743
20215,laptop,87355
20216,car,48175
20217,book,39068
20218,phone,
20219,chair,98563
20220,chair,50888
20221,book,31127
20222,chair,4037
20223,chair,42825
20224,iphone,
20225,laptop,68263
20226,chair,91847
20227,car,35940
20228,pc,54563
20229,chair,64697
20230,laptop,13416
20231,iphone,15691
20232,laptop,43564
20233,book,85934
20234,iphone,75749
20235,chair,62125
20236,book,14124
20237,book,81468
20238,car,78940
20239,car,49712
20240,laptop,84337
20241,phone,91666
20242,book,48315
20243,book,83162
20244,pc,3284
20245,book,
20246,chair,68136
20247,chair,10765
20248,laptop,86721
20249,pc,
20250,phone,50462
20251,laptop,39240
20252,laptop,25639
20253,iphone,79660
20254,phone,7709
20255,chair,54270
20256,chair,48708
20257,pc,82668
20258,car,28893
20259,pc,45074
20260,phone,40404
20261,iphone,
20262,book,73613
20263,iphone,
20264,car,
20265,chair,39378
20266,book,34698
20267,phone,91879
20268,laptop,12749
20269,iphone,95973
20270,pc,37069
20271,chair,83705
20272,phone,88108
20273,car,10558
20274,iphone,48444
20275,pc,82151
20276,chair,84403
20277,car,90913
20278,phone,52478
20279,phone,3480
20280,book,47221
20281,pc,66500
20282,car,66098
20283,car,
20284,book,5615
20285,laptop,24790
20286,book,77321
20287,chair,67472
20288,iphone,76935
20289,pc,70756
20290,car,63447
20291,book,79788
20292,iphone,71346
20293,chair,3107
20294,pc,27020
20295,car,6782
20296,laptop,
20297,car,74300
20298,iphone,68073
20299,laptop,8067
20300,phone,60129
20301,book,24755
20302,laptop,
20303,iphone,90618
20304,iphone,35887
20305,chair,97468
20306,chair,31818
20307,iphone,50631
20308,chair,4388
20309,chair,36195
20310,book,39900
20311,iphone,94861
20312,car,97127
20313,pc,87220
20314,laptop,13570
20315,chair,76371
20316,laptop,21681
20317,laptop,32637
20318,iphone,19150
20319,laptop,56539
20320,chair,13255
20321,pc,93914
20322,car,96147
20323,book,8027
20324,chair,7675
20325,book,16934
20326,chair,77176
20327,laptop,56533
20328,chair,40357
20329,book,
20330,pc,92197
20331,chair,98232
20332,laptop,17763
20333,iphone,10013
20334,pc,54123
20335,iphone,67667
20336,chair,83507
20337,chair,8425
20338,pc,28737
20339,iphone,55019
20340,phone,50009
20341,laptop,
20342,iphone,
20343,iphone,32209
20344,pc,95286
20345,iphone,25186
20346,phone,13033
20347,laptop,36903
20348,phone,22965
20349,car,98299
20350,phone,79003
20351,iphone,26176
20352,book,95733
20353,book,1784
20354,laptop,48131
20355,chair,95604
20356,laptop,84027
20357,chair,30334
20358,phone,58407
20359,phone,3444
20360,iphone,24251
20361,phone,16031
20362,chair,48848
20363,book,45852
20364,iphone,75047
20365,book,98248
20366,chair,44060
20367,chair,77719
20368,laptop,48241
20369,pc,33552
20370,pc,18423
20371,pc,25984
20372,pc,18553
20373,laptop,62854
20374,iphone,74255
20375,book,21247
20376,chair,80900
20377,chair,60156
20378,pc,13941
20379,iphone,94239
20380,laptop,40942
20381,iphone,64309
20382,book,32011
20383,chair,99882
20384,car,94590
20385,laptop,28662
20386,chair,36782
20387,car,2052
20388,chair,27647
20389,chair,39631
20390,car,10964
20391,laptop,84173
20392,phone,88730
20393,chair,
20394,laptop,80893
20395,pc,62707
20396,phone,86585
20397,pc,97057
20398,laptop,52363
20399,book,62001
20400,book,67914
20401,phone,46076
20402,phone,57152
20403,iphone,10204
20404,chair,2020
20405,car,56945
20406,car,81600
20407,phone,91826
20408,phone,24903
20409,pc,66326
20410,chair,58050
20411,chair,80734
20412,car,41179
20413,chair,46685
20414,iphone,5961
20415,chair,63384
20416,car,1076
20417,iphone,16854
20418,iphone,74700
20419,iphone,85058
20420,iphone,27555
20421,car,39916
20422,pc,53252
20423,chair,53230
20424,iphone,87093
20425,phone,40291
20426,phone,5199
20427,phone,79118
20428,book,76027
20429,laptop,14410
20430,chair,71454
20431,phone,76401
20432,chair,64843
20433,chair,48358
20434,book,23824
20435,phone,27555
20436,phone,94883
20437,car,66778
20438,book,37435
20439,iphone,76121
20440,car,9068
20441,car,84797
20442,book,3382
20443,book,46789
20444,iphone,82191
20445,chair,65237
20446,book,40214
20447,laptop,20466
20448,iphone,34136
20449,car,33487
20450,pc,30285
20451,phone,26855
20452,phone,6836
20453,laptop,99061
20454,phone,96288
20455,phone,70590
20456,book,8893
20457,book,64196
20458,iphone,28869
20459,laptop,60771
20460,laptop,57429
20461,book,49138
20462,iphone,30809
20463,iphone,
20464,iphone,13414
20465,iphone,68153
20466,chair,64947
20467,laptop,15847
20468,car,43925
20469,laptop,82959
20470,laptop,57433
20471,book,3918
20472,iphone,94264
20473,chair,57929
20474,iphone,40467
20475,iphone,44222
20476,pc,2583
20477,chair,13615
20478,car,13674
20479,pc,46064
20480,book,83665
20481,pc,72642
20482,laptop,90525
20483,pc,48067
20484,laptop,84637
20485,iphone,13710
20486,phone,83185
20487,book,42037
20488,pc,52894
20489,laptop,99522
20490,iphone,57378
20491,laptop,97571
20492,pc,3102
20493,pc,36071
20494,chair,38347
20495,book,59979
20496,pc,20497
20497,iphone,89989
20498,chair,67311
20499,phone,81645
20500,phone,30392
20501,phone,4397
20502,chair,21075
20503,chair,44888
20504,phone,81543
20505,pc,7760
20506,laptop,55374
20507,iphone,52030
20508,book,82361
20509,chair,44014
20510,book,35721
20511,iphone,28497
20512,phone,34653
20513,chair,97347
20514,chair,88789
20515,pc,74675
20516,phone,97876
20517,chair,53991
20518,pc,24445
20519,chair,15704
20520,iphone,
20521,phone,78944
20522,phone,23439
20523,book,44213
20524,book,30717
20525,chair,88964
20526,car,23348
20527,pc,6117
20528,laptop,89760
20529,chair,59954
20530,pc,73578
20531,phone,78309
20532,car,66409
20533,book,52456
20534,phone,21547
20535,book,4322
20536,chair,51364
20537,iphone,87514
20538,car,27974
20539,book,67624
20540,chair,8354
20541,car,85578
20542,laptop,76091
20543,pc,69419
20544,pc,21548
20545,pc,64722
20546,laptop,37555
20547,car,3928
20548,phone,82468
20549,pc,72123
20550,iphone,71943
20551,laptop,36535
20552,car,93442
20553,pc,51906
20554,iphone,42582
20555,iphone,61221
20556,book,86335
20557,book,7299
20558,pc,39037
20559,iphone,97158
20560,phone,97552
20561,car,62073
20562,iphone,6613
20563,pc,
20564,car,99332
20565,iphone,48069
20566,laptop,76939
20567,iphone,34758
20568,pc,4341
20569,pc,54321
20570,phone,4309
20571,laptop,42124
20572,phone,22069
20573,pc,24490
20574,car,87496
20575,laptop,52064
20576,chair,99618
20577,laptop,11144
20578,book,53031
20579,laptop,95951
20580,pc,24397
20581,iphone,79325
20582,chair,10084
20583,car,44143
20584,chair,79007
20585,iphone,59520
20586,pc,76247
20587,chair,38164
20588,pc,17136
20589,car,45632
20590,pc,9265
20591,book,62705
20592,phone,53112
20593,laptop,21206
20594,pc,47715
20595,car,68217
20596,car,57147
20597,phone,76717
20598,book,86886
20599,laptop,26348
20600,iphone,25494
20601,phone,51428
20602,car,46095
20603,car,23921
20604,car,68478
20605,phone,67851
20606,chair,2900
20607,phone,54667
20608,laptop,3308
20609,chair,18759
20610,phone,
20611,chair,90691
20612,phone,2065
20613,laptop,750
20614,book,4673
20615,pc,59323
20616,car,18613
20617,iphone,61901
20618,laptop,23140
20619,phone,29841
20620,book,18858
20621,iphone,94868
20622,iphone,36480
20623,car,34082
20624,pc,54602
20625,iphone,80051
20626,pc,99726
20627,pc,95808
20628,book,66946
20629,pc,40550
20630,chair,22788
20631,car,11203
20632,car,
20633,car,65842
20634,chair,87434
20635,phone,87135
20636,book,66344
20637,car,78616
20638,book,8178
20639,laptop,27244
20640,pc,23199
20641,phone,35217
20642,car,16649
20643,pc,78943
20644,laptop,64032
20645,pc,90374
20646,iphone,63487
20647,pc,19359
20648,chair,45653
20649,pc,6577
20650,car,81067
20651,car,24366
20652,book,58011
20653,laptop,11186
20654,iphone,44335
20655,car,8977
20656,phone,52295
20657,pc,38819
20658,car,42597
20659,chair,76160
20660,phone,94575
20661,chair,44698
20662,car,19521
20663,iphone,51788
20664,iphone,62770
20665,chair,
20666,chair,27813
20667,pc,59437
20668,pc,75150
20669,chair,11438
20670,book,52378
20671,laptop,7106
20672,car,28483
20673,phone,87086
20674,car,8303
20675,phone,96654
20676,car,47273
20677,laptop,98596
20678,book,78242
20679,phone,
20680,phone,53211
20681,chair,18076
20682,pc,40153
20683,book,45542
20684,iphone,37921
20685,pc,593
20686,iphone,89111
20687,laptop,
20688,laptop,54800
20689,pc,15681
20690,phone,35596
20691,iphone,19387
20692,pc,24370
20693,iphone,84634
20694,chair,77377
20695,car,67267
20696,chair,89453
20697,book,30484
20698,laptop,13625
20699,phone,4096
20700,iphone,47887
20701,book,73337
20702,laptop,96408
20703,pc,62122
20704,chair,41166
20705,pc,42287
20706,chair,
20707,laptop,95926
20708,pc,
20709,iphone,29513
20710,chair,10203
20711,book,82940
20712,chair,49901
20713,pc,25637
20714,car,58489
20715,iphone,46991
20716,car,27679
20717,pc,83068
20718,book,21807
20719,laptop,63539
20720,car,74900
20721,pc,19282
20722,chair,70700
20723,pc,84537
20724,book,33384
20725,laptop,90144
20726,chair,67137
20727,laptop,15531
20728,iphone,75091
20729,iphone,
20730,car,84463
20731,book,
20732,phone,48384
20733,laptop,25621
20734,chair,42237
20735,pc,44395
20736,chair,67802
20737,phone,29233
20738,phone,38114
20739,car,56502
20740,chair,1421
20741,laptop,29690
20742,phone,63451
20743,car,91007
20744,car,61554
20745,chair,91854
20746,laptop,54736
20747,book,49134
20748,pc,22816
20749,chair,69290
20750,car,39659
20751,car,90107
20752,phone,59120
20753,pc,
20754,phone,18456
20755,car,11674
20756,book,80328
20757,pc,99078
20758,chair,58168
20759,book,82943
20760,phone,90376
20761,book,33796
20762,phone,
20763,chair,15338
20764,book,83648
20765,laptop,15818
20766,phone,
20767,laptop,34143
20768,phone,56945
20769,chair,30667
20770,book,35632
20771,chair,61087
20772,pc,62490
20773,laptop,57672
20774,phone,82871
20775,chair,11667
20776,laptop,86517
20777,car,46220
20778,phone,88765
20779,iphone,66774
20780,laptop,21032
20781,book,24385
20782,pc,27541
20783,pc,56033
20784,phone,40459
20785,pc,70225
20786,iphone,47810
20787,book,79491
20788,phone,61097
20789,phone,47444
20790,book,92223
20791,car,19402
20792,pc,84823
20793,iphone,
20794,pc,53344
20795,pc,23151
20796,book,10069
20797,phone,57307
20798,laptop,83482
20799,laptop,43625
20800,laptop,
20801,book,48405
20802,car,87225
20803,book,44156
20804,book,16838
20805,book,54133
20806,pc,8013
20807,book,60518
20808,iphone,43715
20809,laptop,36269
20810,chair,26787
20811,iphone,80772
20812,laptop,11160
20813,laptop,92381
20814,chair,9335
20815,laptop,94661
20816,car,
20817,chair,60635
20818,car,40800
20819,pc,47281
20820,phone,40532
20821,chair,48503
20822,pc,90672
20823,phone,60980
20824,car,48258
20825,laptop,56492
20826,phone,30338
20827,chair,
20828,car,
20829,phone,79647
20830,phone,87438
20831,iphone,3690
20832,phone,46351
20833,car,12905
20834,book,3029
20835,phone,29945
20836,laptop,
20837,phone,95209
20838,chair,93341
20839,iphone,6536
20840,book,19863
20841,pc,18813
20842,car,99229
20843,iphone,3719
20844,chair,90211
20845,laptop,96480
20846,chair,33648
20847,iphone,58427
20848,pc,7184
20849,iphone,48515
20850,laptop,63122
20851,book,81006
20852,chair,64819
20853,laptop,38398
20854,laptop,71327
20855,laptop,50092
20856,pc,32195
20857,car,83171
20858,book,40309
20859,iphone,44911
20860,chair,5510
20861,pc,73590
20862,pc,73289
20863,pc,27322
20864,chair,6427
20865,phone,33381
20866,iphone,34464
20867,car,26390
20868,laptop,74182
20869,pc,38097
20870,chair,
20871,iphone,81953
20872,pc,94148
20873,iphone,98427
20874,iphone,99366
20875,iphone,59491
20876,chair,19904
20877,car,
20878,iphone,20919
20879,chair,87888
20880,chair,87182
20881,pc,28801
20882,chair,49310
20883,phone,
20884,iphone,88494
20885,chair,3574
20886,book,7962
20887,pc,30872
20888,book,52313
20889,book,821
20890,car,87835
20891,car,79711
20892,laptop,46885
20893,phone,86423
20894,chair,79393
20895,iphone,45702
20896,laptop,59160
20897,iphone,51208
20898,pc,74129
20899,iphone,40129
20900,car,20553
20901,pc,34396
20902,book,29553
20903,chair,45220
20904,book,42044
20905,chair,78840
20906,iphone,25067
20907,book,62817
20908,pc,49323
20909,book,44563
20910,pc,83776
20911,car,11748
20912,chair,94099
20913,phone,27927
20914,book,50331
20915,laptop,99748
20916,laptop,6876
20917,car,39314
20918,book,68306
20919,book,22448
20920,pc,
20921,laptop,94968
20922,laptop,3567
20923,chair,14667
20924,iphone,90779
20925,car,88939
20926,laptop,40393
20927,book,64394
20928,book,58534
20929,laptop,13742
20930,car,90618
20931,book,61110
20932,chair,
20933,iphone,13458
20934,iphone,59803
20935,laptop,7163
20936,pc,32917
20937,iphone,78249
20938,book,9756
20939,chair,
20940,pc,90588
20941,laptop,6846
20942,pc,17201
20943,book,7181
20944,pc,78308
20945,phone,44769
20946,car,42825
20947,laptop,14997
20948,pc,60726
20949,chair,64732
20950,car,85882
20951,iphone,92005
20952,chair,20756
20953,laptop,50741
20954,phone,69800
20955,book,15476
20956,pc,54774
20957,pc,27250
20958,pc,75642
20959,iphone,23210
20960,iphone,48172
20961,phone,52135
20962,pc,22426
20963,book,42751
20964,car,76475
20965,iphone,38927
20966,chair,65333
20967,laptop,99746
20968,phone,25686
20969,car,72828
20970,iphone,
20971,pc,54712
20972,laptop,46385
20973,book,40859
20974,phone,76487
20975,laptop,42370
20976,iphone,94753
20977,chair,73496
20978,phone,6849
20979,phone,95642
20980,car,36706
20981,car,13033
20982,laptop,687
20983,laptop,43434
20984,phone,364
20985,laptop,55672
20986,laptop,80000
20987,phone,6079
20988,car,6174
20989,car,90261
20990,phone,881
20991,iphone,
20992,phone,92290
20993,car,24056
20994,book,93850
20995,laptop,18640
20996,car,7
20997,car,83783
20998,pc,80549
20999,pc,22908
21000,chair,29388
21001,book,76133
21002,car,36923
21003,laptop,50102
21004,car,64567
21005,phone,94232
21006,chair,38488
21007,book,77347
21008,car,12007
21009,laptop,17243
21010,iphone,43097
21011,laptop,73440
21012,book,71589
21013,laptop,82846
21014,car,65565
21015,car,74774
21016,book,79029
21017,iphone,98608
21018,chair,45540
21019,pc,99851
21020,iphone,93363
21021,laptop,72105
21022,iphone,89069
21023,laptop,919
21024,book,8617
21025,book,87473
21026,laptop,59967
21027,pc,16056
21028,chair,79591
21029,phone,55526
21030,car,71143
21031,book,7051
21032,laptop,36940
21033,iphone,
21034,laptop,51053
21035,iphone,81061
21036,iphone,85044
21037,laptop,92386
21038,laptop,48106
21039,car,34304
21040,iphone,
21041,laptop,35723
21042,pc,93858
21043,laptop,88592
21044,book,11770
21045,book,82206
21046,phone,74746
21047,chair,71721
21048,phone,43116
21049,chair,40741
21050,chair,15833
21051,book,26877
21052,phone,58686
21053,car,291
21054,car,75924
21055,phone,3883
21056,car,12147
21057,iphone,36122
21058,chair,47847
21059,car,71037
21060,laptop,72955
21061,pc,78767
21062,laptop,
21063,car,47774
21064,book,
21065,phone,8072
21066,iphone,81183
21067,car,17886
21068,phone,86020
21069,chair,50942
21070,book,33007
21071,book,2732
21072,car,23343
21073,phone,2547
21074,chair,29532
21075,laptop,86248
21076,pc,81777
21077,car,47898
21078,book,50297
21079,book,61516
21080,pc,78761
21081,laptop,73723
21082,laptop,86566
21083,phone,62476
21084,laptop,67097
21085,iphone,77628
21086,iphone,95995
21087,book,92633
21088,book,356
21089,chair,11608
21090,iphone,90244
21091,car,11456
21092,chair,30624
21093,car,42703
21094,iphone,27323
21095,pc,30818
21096,pc,82509
21097,phone,60989
21098,car,18946
21099,phone,78865
21100,phone,97737
21101,book,80777
21102,iphone,67196
21103,iphone,88482
21104,pc,6620
21105,car,18574
21106,pc,40008
21107,laptop,86351
21108,car,41688
21109,chair,67489
21110,car,73633
21111,chair,33477
21112,book,14602
21113,car,38130
21114,pc,44657
21115,book,1947
21116,iphone,82837
21117,pc,21504
21118,pc,12779
21119,phone,16305
21120,book,85652
21121,car,29248
21122,car,12540
21123,pc,88600
21124,laptop,4576
21125,pc,
21126,chair,96843
21127,iphone,22356
21128,laptop,83770
21129,chair,29224
21130,pc,68230
21131,chair,65645
21132,pc,6144
21133,chair,43866
21134,car,90292
21135,phone,72487
21136,laptop,
21137,phone,12112
21138,phone,
21139,chair,54665
21140,pc,17944
21141,chair,35104
21142,chair,86038
21143,phone,94245
21144,iphone,87532
21145,car,19970
21146,car,15239
21147,car,94863
21148,laptop,13161
21149,chair,33592
21150,book,90267
21151,car,3546
21152,book,73848
21153,chair,69027
21154,laptop,76736
21155,book,35595
21156,iphone,76539
21157,laptop,57563
21158,pc,61105
21159,car,7217
21160,laptop,40191
21161,pc,58689
21162,car,30268
21163,book,248
21164,laptop,42672
21165,chair,39460
21166,laptop,90933
21167,car,40561
21168,book,38326
21169,iphone,41559
21170,pc,67058
21171,car,87338
21172,car,49664
21173,laptop,73434
21174,book,3262
21175,laptop,10775
21176,phone,38501
21177,pc,78112
21178,chair,57260
21179,iphone,65437
21180,laptop,28677
21181,book,63555
21182,phone,17367
21183,iphone,57841
21184,iphone,47454
21185,laptop,21394
21186,laptop,41594
21187,car,
21188,chair,69082
21189,iphone,99256
21190,chair,62233
21191,pc,59678
21192,pc,38996
21193,chair,45290
21194,pc,6461
21195,iphone,56308
21196,pc,78087
21197,book,82183
21198,book,59775
21199,pc,48866
21200,pc,84
21201,book,69395
21202,pc,
21203,phone,89441
21204,book,23491
21205,phone,20855
21206,chair,36850
21207,car,
21208,car,13119
21209,iphone,68592
21210,laptop,73914
21211,iphone,67619
21212,iphone,69175
21213,chair,78858
21214,book,73578
21215,chair,93163
21216,book,17682
21217,car,53967
21218,laptop,86248
21219,book,41832
21220,laptop,40461
21221,pc,73903
21222,iphone,12948
21223,car,16727
21224,iphone,6617
21225,car,74069
21226,iphone,24280
21227,laptop,25686
21228,car,4185
21229,car,84569
21230,chair,99993
21231,phone,49306
21232,pc,38455
21233,iphone,86200
21234,book,87155
21235,phone,22374
21236,laptop,65893
21237,pc,96565
21238,chair,15575
21239,pc,21891
21240,laptop,70738
21241,book,78660
21242,chair,39752
21243,car,65945
21244,car,23482
21245,phone,36828
21246,laptop,47179
21247,pc,
21248,phone,76402
21249,iphone,46617
21250,pc,70835
21251,pc,74117
21252,phone,75531
21253,laptop,53174
21254,laptop,7385
21255,chair,6332
21256,chair,38896
21257,chair,61180
21258,phone,15353
21259,iphone,29133
21260,chair,44499
21261,car,12072
21262,chair,
21263,chair,53870
21264,car,61797
21265,car,76753
21266,car,62231
21267,iphone,35406
21268,car,83740
21269,car,97660
21270,iphone,47985
21271,book,50909
21272,pc,23115
21273,chair,10195
21274,book,53352
21275,pc,
21276,phone,
21277,laptop,12238
21278,pc,68327
21279,chair,26945
21280,car,6909
21281,pc,30470
21282,phone,4857
21283,phone,88263
21284,laptop,22860
21285,iphone,19976
21286,book,36877
21287,car,51552
21288,laptop,
21289,car,36512
21290,phone,10075
21291,phone,38914
21292,laptop,78009
21293,car,50446
21294,laptop,98025
21295,car,20782
21296,car,57798
21297,pc,
21298,laptop,59230
21299,car,16473
21300,pc,91482
21301,phone,64619
21302,laptop,77075
21303,chair,46617
21304,car,21774
21305,car,94904
21306,car,5666
21307,laptop,55938
21308,laptop,
21309,pc,79205
21310,phone,49209
21311,laptop,10892
21312,book,85852
21313,phone,84778
21314,pc,98399
21315,car,63677
21316,pc,56124
21317,chair,49817
21318,car,74206
21319,book,12048
21320,chair,83778
21321,iphone,41674
21322,laptop,33432
21323,chair,3003
21324,iphone,28006
21325,car,80093
21326,car,68770
21327,phone,3506
21328,book,31583
21329,laptop,98087
21330,laptop,65884
21331,iphone,29413
21332,phone,34460
21333,iphone,48897
21334,car,75295
21335,book,93233
21336,phone,45801
21337,iphone,21236
21338,iphone,7579
21339,iphone,39746
21340,pc,21964
21341,car,52898
21342,book,64847
21343,iphone,8091
21344,car,59391
21345,book,56506
21346,car,23764
21347,car,7435
21348,car,43719
21349,book,52960
21350,phone,78035
21351,laptop,14092
21352,car,
21353,book,89040
21354,car,37146
21355,phone,84633
21356,iphone,80859
21357,book,44066
21358,pc,13828
21359,chair,94877
21360,pc,81617
21361,car,80273
21362,iphone,41702
21363,chair,73333
21364,car,59296
21365,chair,23741
21366,chair,32202
21367,phone,89653
21368,iphone,37815
21369,laptop,35860
21370,car,
21371,book,
21372,pc,86049
21373,laptop,7516
21374,pc,43005
21375,book,
21376,phone,94374
21377,pc,95683
21378,car,68722
21379,book,9285
21380,chair,24851
21381,chair,92655
21382,phone,60280
21383,chair,54015
21384,car,7480
21385,book,91493
21386,pc,83489
21387,chair,
21388,car,18768
21389,phone,22202
21390,phone,6200
21391,chair,52391
21392,iphone,85434
21393,car,38280
21394,chair,90313
21395,phone,67323
21396,pc,82538
21397,iphone,52196
21398,phone,9351
21399,book,12288
21400,chair,44398
21401,car,59476
21402,chair,8173
21403,car,808
21404,pc,17355
21405,iphone,92043
21406,phone,28596
21407,car,
21408,book,12556
21409,car,15976
21410,car,71572
21411,chair,74225
21412,pc,95195
21413,book,50073
21414,phone,67916
21415,phone,5199
21416,car,
21417,laptop,10401
21418,chair,55777
21419,pc,73222
21420,pc,47553
21421,chair,33723
21422,car,77342
21423,laptop,50612
21424,chair,19117
21425,chair,63528
21426,chair,20438
21427,car,39508
21428,car,51180
21429,laptop,20584
21430,iphone,96838
21431,pc,10961
21432,car,18602
21433,laptop,34521
21434,iphone,43428
21435,iphone,45257
21436,book,43081
21437,chair,
21438,pc,33008
21439,iphone,54910
21440,pc,49125
21441,pc,86437
21442,phone,37680
21443,book,16377
21444,car,25466
21445,pc,2180
21446,phone,27047
21447,book,17073
21448,chair,68683
21449,phone,95949
21450,car,36709
21451,laptop,21917
21452,pc,64119
21453,book,25598
21454,book,39227
21455,book,4101
21456,iphone,50684
21457,phone,58866
21458,car,22889
21459,book,82938
21460,pc,92937
21461,book,85294
21462,laptop,78409
21463,chair,83550
21464,chair,93686
21465,phone,54398
21466,laptop,78034
21467,laptop,42038
21468,iphone,34693
21469,iphone,53350
21470,laptop,93974
21471,chair,83005
21472,phone,25889
21473,laptop,65796
21474,iphone,83310
21475,car,60851
21476,car,22744
21477,car,49495
21478,phone,
21479,laptop,70031
21480,iphone,65486
21481,car,77862
21482,car,56144
21483,iphone,82314
21484,laptop,24786
21485,iphone,3658
21486,pc,39354
21487,pc,42776
21488,car,73853
21489,laptop,26377
21490,book,
21491,pc,
21492,pc,32615
21493,laptop,43633
21494,iphone,45758
21495,phone,21222
21496,pc,68662
21497,book,
21498,car,47820
21499,car,48311
21500,laptop,83151
21501,pc,28977
21502,car,71719
21503,chair,30508
21504,car,83732
21505,phone,80149
21506,chair,88079
21507,phone,1052
21508,chair,11684
21509,chair,46679
21510,iphone,14149
21511,iphone,20154
21512,pc,31896
21513,book,71934
21514,chair,71481
21515,phone,53085
21516,laptop,8415
21517,phone,78661
21518,phone,47748
21519,chair,57563
21520,car,98724
21521,car,15829
21522,car,8435
21523,chair,79114
21524,book,8142
21525,chair,34708
21526,laptop,4652
21527,pc,29528
21528,pc,88779
21529,phone,74168
21530,laptop,84311
21531,phone,72562
21532,chair,68962
21533,pc,25909
21534,pc,58361
21535,phone,91091
21536,iphone,40553
21537,pc,8048
21538,phone,78214
21539,book,62356
21540,chair,34882
21541,car,
21542,pc,38251
21543,pc,4028
21544,car,33721
21545,iphone,14682
21546,laptop,66350
21547,iphone,95395
21548,book,8289
21549,phone,92887
21550,iphone,70807
21551,iphone,41022
21552,laptop,46630
21553,book,62203
21554,laptop,76540
21555,laptop,44046
21556,pc,77258
21557,phone,21225
21558,iphone,79576
21559,phone,72856
21560,book,24528
21561,car,45196
21562,iphone,95431
21563,iphone,19841
21564,chair,14780
21565,laptop,80096
21566,phone,99754
21567,car,58395
21568,book,36669
21569,laptop,96850
21570,car,94542
21571,laptop,81257
21572,book,16784
21573,iphone,23163
21574,car,31052
21575,book,31619
21576,iphone,4263
21577,iphone,16757
21578,iphone,46038
21579,pc,86345
21580,pc,48396
21581,phone,59563
21582,car,87581
21583,iphone,23030
21584,car,40823
21585,laptop,64159
21586,car,28951
21587,chair,15331
21588,chair,15980
21589,phone,27032
21590,laptop,53904
21591,pc,73808
21592,iphone,44158
21593,chair,75909
21594,laptop,72508
21595,phone,62337
21596,chair,8970
21597,pc,89665
21598,book,91266
21599,iphone,76608
21600,chair,45850
21601,car,70584
21602,car,22820
21603,laptop,94579
21604,phone,55644
21605,car,88252
21606,car,16340
21607,phone,20212
21608,chair,80790
21609,pc,55141
21610,iphone,94679
21611,iphone,38438
21612,pc,61881
21613,phone,41220
21614,pc,57637
21615,car,90832
21616,book,98124
21617,laptop,50309
21618,phone,13610
21619,iphone,16833
21620,iphone,96761
21621,phone,74104
21622,car,10318
21623,phone,74954
21624,pc,10983
21625,chair,99193
21626,iphone,41643
21627,laptop,
21628,pc,16407
21629,chair,51534
21630,iphone,1282
21631,iphone,53585
21632,pc,89750
21633,laptop,72071
21634,laptop,18954
21635,book,56038
21636,car,12225
21637,pc,8104
21638,car,31516
21639,car,57381
21640,chair,38139
21641,book,42115
21642,laptop,26060
21643,chair,84637
21644,laptop,88534
21645,car,59077
21646,iphone,38143
21647,chair,38469
21648,phone,98077
21649,car,13143
21650,book,52609
21651,pc,22940
21652,laptop,31748
21653,iphone,5211
21654,laptop,46292
21655,phone,49773
21656,phone,59403
21657,chair,44113
21658,chair,50042
21659,phone,50666
21660,book,46808
21661,chair,47320
21662,iphone,10731
21663,chair,80777
21664,phone,96370
21665,pc,33376
21666,phone,14063
21667,iphone,8403
21668,pc,1835
21669,iphone,34078
21670,pc,68208
21671,laptop,27571
21672,laptop,50826
21673,chair,8815
21674,book,20366
21675,chair,63998
21676,chair,28407
21677,book,15958
21678,book,88736
21679,book,19017
21680,phone,12463
21681,book,28886
21682,book,13865
21683,book,79158
21684,pc,43577
21685,chair,68777
21686,chair,47453
21687,phone,1043
21688,chair,68147
21689,phone,89610
21690,car,16400
21691,pc,40135
21692,book,43750
21693,pc,80566
21694,pc,14071
21695,car,
21696,phone,44170
21697,car,63896
21698,phone,27030
21699,chair,60409
21700,laptop,15167
21701,pc,93479
21702,car,88652
21703,phone,45171
21704,laptop,64468
21705,phone,8206
21706,chair,16716
21707,laptop,55556
21708,iphone,14450
21709,phone,14380
21710,phone,12535
21711,car,70097
21712,iphone,22564
21713,book,96739
21714,pc,30706
21715,car,24619
21716,pc,1622
21717,iphone,77693
21718,phone,66192
21719,phone,39521
21720,iphone,56084
21721,iphone,92911
21722,laptop,15060
21723,book,64019
21724,pc,73102
21725,iphone,99371
21726,pc,42726
21727,book,64173
21728,phone,5241
21729,car,28565
21730,car,8688
21731,pc,87207
21732,phone,71494
21733,iphone,42364
21734,iphone,73748
21735,phone,28723
21736,book,34929
21737,laptop,64481
21738,chair,11374
21739,pc,31241
21740,iphone,91237
21741,car,34553
21742,car,3343
21743,phone,60126
21744,car,80068
21745,iphone,81365
21746,phone,50127
21747,laptop,20578
21748,iphone,55180
21749,car,6456
21750,car,79545
21751,pc,49264
21752,phone,63831
21753,phone,12446
21754,chair,89613
21755,book,76730
21756,phone,98218
21757,car,68127
21758,pc,
21759,chair,28552
21760,iphone,36092
21761,chair,32179
21762,laptop,66996
21763,pc,89676
21764,chair,63652
21765,pc,17722
21766,car,
21767,chair,87072
21768,chair,51716
21769,laptop,92054
21770,laptop,65740
21771,laptop,66612
21772,phone,84213
21773,book,71972
21774,book,
21775,laptop,82015
21776,iphone,81162
21777,iphone,60980
21778,iphone,11180
21779,chair,78484
21780,chair,78855
21781,car,8786
21782,iphone,7098
21783,phone,23189
21784,car,94077
21785,book,12639
21786,chair,85104
21787,car,96455
21788,pc,99867
21789,phone,52128
21790,phone,55791
21791,book,
21792,book,39540
21793,pc,30012
21794,pc,43379
21795,chair,6514
21796,laptop,34278
21797,chair,98947
21798,pc,58062
21799,phone,12476
21800,car,44211
21801,pc,36992
21802,book,57310
21803,chair,82633
21804,car,90354
21805,chair,
21806,book,82917
21807,iphone,98981
21808,iphone,7043
21809,laptop,27001
21810,book,
21811,book,9156
21812,pc,74422
21813,phone,49381
21814,pc,83450
21815,car,39324
21816,iphone,98385
21817,chair,
21818,iphone,15793
21819,laptop,87181
21820,book,89647
21821,laptop,83985
21822,book,93483
21823,car,8701
21824,pc,6622
21825,chair,43485
21826,book,40869
21827,chair,
21828,chair,36656
21829,chair,
21830,phone,53012
21831,iphone,31935
21832,car,32538
21833,pc,39182
21834,car,40805
21835,chair,82087
21836,phone,67184
21837,book,51580
21838,pc,99567
21839,phone,61479
21840,book,86418
21841,car,38578
21842,iphone,84120
21843,book,4595
21844,car,17797
21845,phone,71038
21846,car,92869
21847,laptop,62933
21848,car,2593
21849,iphone,89634
21850,book,10509
21851,pc,90102
21852,chair,95232
21853,laptop,10524
21854,book,91631
21855,iphone,
21856,laptop,51956
21857,phone,12046
21858,laptop,6752
21859,phone,90455
21860,book,56818
21861,car,21352
21862,car,28072
21863,phone,91265
21864,car,12652
21865,iphone,60700
21866,chair,75395
21867,book,25555
21868,car,79305
21869,car,49765
21870,iphone,136
21871,iphone,64154
21872,iphone,16640
21873,pc,75683
21874,car,21079
21875,iphone,44149
21876,pc,38039
21877,pc,1393
21878,pc,65139
21879,book,5241
21880,phone,
21881,laptop,44628
21882,car,96703
21883,book,99981
21884,car,71145
21885,iphone,39849
21886,book,63775
21887,iphone,93102
21888,pc,1010
21889,pc,18509
21890,pc,52777
21891,book,84957
21892,iphone,48109
21893,laptop,
21894,iphone,69638
21895,laptop,37610
21896,laptop,90918
21897,phone,28097
21898,chair,34165
21899,iphone,
21900,laptop,66226
21901,chair,19673
21902,pc,60357
21903,laptop,9964
21904,pc,51542
21905,laptop,90729
21906,car,99663
21907,chair,41313
21908,laptop,
21909,iphone,30463
21910,chair,74725
21911,pc,55567
21912,phone,86204
21913,laptop,56160
21914,chair,72801
21915,pc,65839
21916,chair,9210
21917,chair,33432
21918,laptop,93853
21919,book,56174
21920,laptop,60270
21921,iphone,78357
21922,book,80295
21923,phone,86250
21924,car,83840
21925,pc,80322
21926,car,66253
21927,pc,69072
21928,phone,72602
21929,book,94335
21930,car,76133
21931,car,45285
21932,book,58643
21933,pc,94361
21934,phone,
21935,chair,49662
21936,laptop,18618
21937,pc,64376
21938,car,79063
21939,car,80700
21940,pc,64289
21941,pc,47174
21942,pc,79119
21943,book,67687
21944,laptop,78227
21945,phone,25817
21946,pc,23135
21947,book,80845
21948,iphone,70933
21949,phone,94320
21950,pc,82729
21951,phone,11557
21952,chair,57719
21953,phone,58232
21954,car,54173
21955,phone,30005
21956,iphone,9861
21957,book,
21958,book,85466
21959,book,56387
21960,book,75256
21961,book,4325
21962,laptop,63688
21963,laptop,55635
21964,pc,
21965,pc,7252
21966,iphone,19847
21967,laptop,
21968,iphone,24616
21969,phone,69225
21970,book,79384
21971,chair,53589
21972,car,27718
21973,pc,2809
21974,phone,47753
21975,phone,61224
21976,phone,78566
21977,book,19323
21978,car,91701
21979,book,1473
21980,phone,88722
21981,iphone,29703
21982,book,91037
21983,laptop,1086
21984,chair,77175
21985,book,90015
21986,iphone,91392
21987,laptop,41027
21988,iphone,42825
21989,chair,80785
21990,chair,99029
21991,phone,45185
21992,iphone,49113
21993,laptop,37630
21994,car,50030
21995,car,74099
21996,phone,8060
21997,phone,75218
21998,book,59837
21999,pc,18531
22000,iphone,49658
22001,iphone,99116
22002,laptop,31056
22003,chair,65113
22004,chair,47620
22005,iphone,62423
22006,car,80150
22007,phone,90816
22008,phone,31881
22009,car,5072
22010,laptop,46969
22011,pc,49458
22012,iphone,1280
22013,chair,67596
22014,car,99834
22015,chair,838
22016,chair,80198
22017,car,80973
22018,iphone,45610
22019,laptop,45402
22020,book,76732
22021,iphone,18828
22022,car,41788
22023,laptop,44396
22024,pc,16668
22025,chair,70265
22026,book,10999
22027,pc,74948
22028,book,11192
22029,phone,78603
22030,pc,6788
22031,pc,41527
22032,phone,76972
22033,chair,45773
22034,iphone,57062
22035,book,8541
22036,chair,27350
22037,phone,85300
22038,car,18373
22039,book,38177
22040,chair,65862
22041,iphone,59425
22042,car,3259
22043,iphone,78791
22044,pc,19040
22045,chair,17345
22046,book,68084
22047,book,76072
22048,book,66232
22049,book,
22050,pc,84115
22051,pc,7393
22052,laptop,65858
22053,laptop,50243
22054,car,24875
22055,iphone,12576
22056,pc,6996
22057,laptop,71604
22058,laptop,69244
22059,book,34530
22060,book,8907
22061,book,
22062,laptop,
22063,book,71252
22064,car,40350
22065,phone,24477
22066,phone,6742
22067,iphone,
22068,laptop,40115
22069,book,44073
22070,phone,29496
22071,chair,95257
22072,chair,51445
22073,chair,40466
22074,laptop,14164
22075,laptop,12764
22076,pc,88183
22077,car,43847
22078,chair,82362
22079,laptop,56723
22080,car,47196
22081,chair,
22082,book,67020
22083,car,48839
22084,iphone,43231
22085,phone,75299
22086,pc,62429
22087,book,32591
22088,book,78884
22089,laptop,29589
22090,phone,74311
22091,car,92398
22092,pc,19976
22093,chair,74255
22094,iphone,50804
22095,car,77658
22096,chair,59712
22097,phone,35650
22098,phone,40433
22099,pc,85500
22100,pc,13200
22101,chair,76138
22102,chair,84939
22103,phone,17518
22104,pc,25185
22105,iphone,14295
22106,car,32679
22107,chair,70417
22108,pc,34494
22109,laptop,
22110,pc,1712
22111,pc,28425
22112,car,23681
22113,book,82978
22114,pc,54636
22115,laptop,72412
22116,phone,69661
22117,chair,43733
22118,book,6503
22119,iphone,72897
22120,book,91691
22121,car,15183
22122,laptop,48820
22123,car,12128
22124,car,28950
22125,iphone,90213
22126,iphone,43649
22127,phone,73376
22128,iphone,63030
22129,phone,93378
22130,car,94894
22131,chair,69534
22132,book,15002
22133,laptop,83178
22134,car,38661
22135,laptop,12144
22136,book,44711
22137,laptop,12216
22138,chair,53303
22139,laptop,18546
22140,phone,70297
22141,book,41117
22142,iphone,83072
22143,iphone,65224
22144,car,56827
22145,laptop,46162
22146,book,22109
22147,iphone,36906
22148,car,30538
22149,car,56083
22150,pc,56235
22151,laptop,40596
22152,book,69008
22153,iphone,40901
22154,phone,71914
22155,book,28563
22156,iphone,7838
22157,iphone,27084
22158,pc,47286
22159,chair,10123
22160,iphone,
22161,laptop,14322
22162,phone,21476
22163,phone,62235
22164,pc,59800
22165,car,25091
22166,phone,23030
22167,pc,97937
22168,chair,49841
22169,chair,53387
22170,book,22303
22171,laptop,44711
22172,iphone,35830
22173,iphone,28241
22174,iphone,41168
22175,iphone,64956
22176,laptop,58645
22177,laptop,3618
22178,car,79964
22179,phone,82373
22180,phone,63845
22181,laptop,57578
22182,phone,7283
22183,phone,31839
22184,iphone,19573
22185,laptop,66327
22186,chair,34170
22187,laptop,76680
22188,iphone,13693
22189,laptop,67354
22190,phone,71716
22191,laptop,55826
22192,car,87928
22193,phone,85207
22194,iphone,79539
22195,chair,42654
22196,pc,
22197,phone,45815
22198,car,12631
22199,car,80350
22200,chair,88235
22201,chair,39162
22202,chair,62132
22203,pc,55765
22204,book,94874
22205,book,35013
22206,chair,66431
22207,chair,755
22208,phone,49065
22209,phone,86112
22210,laptop,13325
22211,laptop,12928
22212,laptop,90514
22213,iphone,69758
22214,car,63745
22215,car,71964
22216,chair,
22217,phone,51648
22218,phone,67824
22219,chair,31620
22220,book,8989
22221,phone,40754
22222,book,61394
22223,iphone,25608
22224,iphone,77924
22225,book,2291
22226,car,50484
22227,laptop,420
22228,pc,898
22229,phone,34303
22230,laptop,16302
22231,iphone,6236
22232,book,67272
22233,phone,6915
22234,chair,83643
22235,car,93650
22236,pc,59897
22237,pc,65043
22238,pc,80361
22239,car,34304
22240,car,85064
22241,phone,43509
22242,book,60860
22243,pc,42909
22244,car,54830
22245,car,47979
22246,laptop,6871
22247,car,45085
22248,car,73837
22249,phone,40006
22250,car,25524
22251,iphone,80553
22252,book,19014
22253,phone,49787
22254,car,3342
22255,book,92613
22256,phone,33457
22257,chair,11759
22258,laptop,31766
22259,chair,50692
22260,laptop,9025
22261,book,11667
22262,iphone,48127
22263,phone,6472
22264,iphone,
22265,pc,37818
22266,car,5337
22267,chair,70781
22268,car,86361
22269,pc,68242
22270,laptop,60620
22271,book,24592
22272,book,41837
22273,book,73700
22274,book,42734
22275,chair,36533
22276,car,23060
22277,book,58353
22278,phone,48000
22279,laptop,67490
22280,car,67251
22281,iphone,87985
22282,laptop,
22283,pc,56119
22284,phone,45489
22285,car,27548
22286,chair,10259
22287,pc,9356
22288,pc,99636
22289,iphone,
22290,phone,27553
22291,iphone,34304
22292,pc,37649
22293,iphone,44013
22294,laptop,99332
22295,laptop,59515
22296,laptop,68993
22297,iphone,81059
22298,phone,26240
22299,book,47450
22300,pc,37532
22301,pc,25204
22302,laptop,99030
22303,laptop,8397
22304,laptop,25649
22305,iphone,
22306,car,2785
22307,car,69805
22308,iphone,74065
22309,car,19875
22310,iphone,13370
22311,laptop,42059
22312,phone,2252
22313,book,10070
22314,chair,2655
22315,pc,13447
22316,iphone,76300
22317,laptop,
22318,chair,54725
22319,book,17877
22320,pc,46542
22321,laptop,16589
22322,pc,30235
22323,iphone,97494
22324,iphone,38662
22325,laptop,62233
22326,chair,4764
22327,laptop,80985
22328,phone,57749
22329,phone,4225
22330,car,10282
22331,iphone,46262
22332,car,27270
22333,pc,39126
22334,pc,22923
22335,iphone,24926
22336,laptop,35221
22337,phone,5324
22338,pc,50711
22339,car,92497
22340,pc,44725
22341,phone,59636
22342,pc,92170
22343,book,38441
22344,laptop,59515
22345,book,57283
22346,iphone,82575
22347,phone,23874
22348,pc,37248
22349,chair,
22350,book,81596
22351,book,70002
22352,phone,10262
22353,book,1631
22354,phone,57229
22355,phone,51377
22356,book,74214
22357,pc,14186
22358,book,
22359,chair,82269
22360,book,89389
22361,phone,15428
22362,pc,86433
22363,chair,86788
22364,chair,37889
22365,chair,14821
22366,phone,42843
22367,book,28540
22368,phone,26786
22369,pc,62064
22370,chair,77743
22371,book,56948
22372,book,69866
22373,laptop,97788
22374,laptop,11651
22375,phone,8785
22376,chair,90970
22377,phone,98897
22378,chair,80707
22379,laptop,27098
22380,car,52766
22381,iphone,38034
22382,iphone,2386
22383,laptop,64916
22384,chair,26857
22385,iphone,86659
22386,car,43324
22387,book,73036
22388,iphone,75787
22389,car,50206
22390,book,24779
22391,laptop,39242
22392,pc,21116
22393,pc,74366
22394,laptop,21897
22395,iphone,45300
22396,iphone,71855
22397,phone,18212
22398,iphone,
22399,chair,67132
22400,chair,89407
22401,laptop,75267
22402,car,95533
22403,iphone,76644
22404,chair,39581
22405,iphone,279
22406,laptop,73184
22407,laptop,10380
22408,iphone,34896
22409,phone,93740
22410,pc,
22411,iphone,28727
22412,car,9458
22413,pc,53992
22414,laptop,41978
22415,iphone,28732
22416,iphone,23370
22417,laptop,78604
22418,iphone,37910
22419,pc,70368
22420,chair,92777
22421,iphone,48157
22422,iphone,74868
22423,iphone,95979
22424,car,69195
22425,iphone,82017
22426,pc,56689
22427,book,2511
22428,book,84871
22429,book,19977
22430,laptop,50354
22431,phone,34034
22432,pc,70372
22433,chair,63991
22434,chair,79689
22435,car,76928
22436,iphone,57058
22437,iphone,13305
22438,car,41701
22439,book,61496
22440,laptop,30898
22441,chair,17730
22442,iphone,26712
22443,pc,62122
22444,chair,6741
22445,laptop,30889
22446,phone,45296
22447,book,48207
22448,pc,64532
22449,pc,15055
22450,laptop,29774
22451,chair,24426
22452,laptop,
22453,book,54488
22454,laptop,32954
22455,chair,30918
22456,chair,46764
22457,chair,65949
22458,pc,70698
22459,car,39470
22460,pc,85984
22461,phone,48228
22462,laptop,2309
22463,book,80595
22464,chair,
22465,iphone,
22466,laptop,15400
22467,pc,49935
22468,iphone,92993
22469,phone,11528
22470,pc,54881
22471,iphone,10940
22472,iphone,42574
22473,pc,98941
22474,iphone,18245
22475,laptop,40474
22476,book,95050
22477,pc,78064
22478,phone,74465
22479,pc,78130
22480,car,57426
22481,phone,31444
22482,iphone,23105
22483,chair,65037
22484,chair,
22485,phone,56782
22486,laptop,25726
22487,iphone,96741
22488,iphone,36816
22489,chair,34247
22490,phone,1093
22491,phone,1905
22492,chair,18578
22493,phone,24847
22494,iphone,15076
22495,laptop,2164
22496,iphone,49862
22497,book,26346
22498,car,39005
22499,pc,20026
22500,iphone,53244
22501,laptop,37342
22502,pc,54811
22503,book,63053
22504,book,
22505,phone,51100
22506,phone,24368
22507,phone,53521
22508,iphone,11664
22509,iphone,28914
22510,pc,73523
22511,iphone,94211
22512,book,12403
22513,car,22415
22514,iphone,87331
22515,car,79039
22516,book,38877
22517,car,81669
22518,chair,46115
22519,chair,60248
22520,laptop,16145
22521,phone,27375
22522,book,42766
22523,iphone,3833
22524,car,24107
22525,car,65762
22526,phone,93151
22527,phone,11092
22528,car,49854
22529,phone,48314
22530,book,24902
22531,pc,59217
22532,book,71717
22533,book,5673
22534,phone,25064
22535,chair,29173
22536,laptop,63260
22537,iphone,95571
22538,car,10269
22539,pc,61440
22540,pc,85193
22541,pc,69227
22542,iphone,47531
22543,iphone,43326
22544,iphone,12761
22545,iphone,77665
22546,iphone,4612
22547,phone,25821
22548,chair,31787
22549,laptop,19673
22550,pc,70902
22551,book,8862
22552,chair,31600
22553,iphone,81270
22554,book,97176
22555,phone,31935
22556,book,59995
22557,book,72259
22558,phone,57358
22559,book,32225
22560,phone,72267
22561,iphone,17070
22562,book,99348
22563,car,43127
22564,chair,89954
22565,laptop,49388
22566,laptop,25946
22567,chair,20345
22568,car,69184
22569,chair,88636
22570,car,39159
22571,car,82082
22572,chair,92147
22573,phone,22698
22574,car,10372
22575,chair,99510
22576,chair,31144
22577,iphone,15681
22578,laptop,75917
22579,iphone,98932
22580,chair,82965
22581,phone,32660
22582,pc,44250
22583,chair,
22584,car,
22585,book,
22586,chair,37076
22587,pc,22388
22588,phone,77410
22589,pc,85208
22590,chair,68168
22591,laptop,
22592,iphone,14611
22593,car,11333
22594,iphone,27931
22595,iphone,
22596,car,7630
22597,book,43312
22598,car,85823
22599,iphone,17395
22600,pc,25665
22601,phone,96488
22602,laptop,87127
22603,laptop,31837
22604,phone,20805
22605,pc,95599
22606,laptop,16013
22607,iphone,47202
22608,car,68994
22609,laptop,56575
22610,pc,67767
22611,chair,
22612,chair,36443
22613,iphone,65592
22614,laptop,13944
22615,car,89735
22616,book,13168
22617,car,23298
22618,car,13238
22619,laptop,88356
22620,car,15830
22621,car,48187
22622,book,15825
22623,car,12288
22624,laptop,17254
22625,pc,48588
22626,pc,83079
22627,car,52063
22628,book,77618
22629,chair,35478
22630,chair,18426
22631,iphone,56203
22632,pc,52312
22633,phone,51801
22634,chair,12462
22635,phone,23602
22636,phone,82955
22637,book,61411
22638,book,60277
22639,chair,80699
22640,pc,69702
22641,pc,87751
22642,phone,45624
22643,chair,99989
22644,iphone,62170
22645,pc,
22646,iphone,24216
22647,book,12368
22648,pc,10305
22649,iphone,67000
22650,pc,12105
22651,car,96726
22652,pc,99646
22653,laptop,74329
22654,phone,77162
22655,laptop,42945
22656,book,39363
22657,book,98388
22658,chair,11984
22659,book,68937
22660,iphone,29632
22661,pc,947
22662,chair,81062
22663,laptop,11357
22664,pc,28111
22665,chair,50978
22666,car,62483
22667,chair,13928
22668,phone,52682
22669,book,54232
22670,laptop,70578
22671,iphone,84013
22672,chair,68446
22673,phone,40569
22674,car,9287
22675,book,51017
22676,book,18309
22677,pc,33346
22678,laptop,48481
22679,phone,40512
22680,phone,22430
22681,chair,74803
22682,phone,85213
22683,phone,92689
22684,book,997
22685,iphone,
22686,book,38606
22687,chair,91859
22688,pc,8948
22689,book,57524
22690,chair,51166
22691,phone,
22692,book,31822
22693,car,13090
22694,iphone,47581
22695,car,28240
22696,car,32793
22697,iphone,98393
22698,iphone,39940
22699,phone,47996
22700,iphone,20831
22701,car,50891
22702,laptop,90826
22703,laptop,56149
22704,laptop,54996
22705,phone,60081
22706,car,14696
22707,chair,18395
22708,chair,2352
22709,chair,86132
22710,chair,82051
22711,book,25134
22712,car,55412
22713,phone,24348
22714,car,53645
22715,pc,44442
22716,pc,55185
22717,chair,93247
22718,iphone,31148
22719,pc,79613
22720,car,84621
22721,laptop,67596
22722,phone,56507
22723,iphone,90596
22724,iphone,25058
22725,car,33144
22726,pc,19013
22727,pc,87220
22728,car,48974
22729,pc,16236
22730,iphone,8460
22731,iphone,76407
22732,book,28470
22733,chair,36774
22734,chair,64223
22735,car,45179
22736,book,96385
22737,iphone,2083
22738,chair,5554
22739,laptop,96440
22740,chair,46130
22741,phone,4885
22742,iphone,78352
22743,chair,80030
22744,chair,60417
22745,iphone,909
22746,laptop,51764
22747,book,77972
22748,car,14603
22749,book,68378
22750,phone,69550
22751,car,49858
22752,pc,54350
22753,chair,25408
22754,phone,
22755,iphone,
22756,chair,92978
22757,phone,78345
22758,phone,89271
22759,book,88250
22760,car,50427
22761,book,35659
22762,iphone,80493
22763,phone,71328
22764,iphone,83431
22765,laptop,18121
22766,laptop,21476
22767,car,61907
22768,chair,69890
22769,car,
22770,laptop,5366
22771,laptop,34801
22772,laptop,70028
22773,chair,97762
22774,car,70340
22775,book,50522
22776,phone,77558
22777,iphone,3274
22778,chair,75232
22779,chair,26332
22780,book,57440
22781,laptop,10576
22782,laptop,2877
22783,chair,81712
22784,car,70511
22785,car,72365
22786,iphone,86999
22787,car,40719
22788,chair,23186
22789,laptop,57339
22790,iphone,46886
22791,car,98642
22792,pc,86926
22793,pc,29784
22794,pc,86618
22795,book,40082
22796,laptop,40617
22797,phone,37134
22798,car,99778
22799,pc,97957
22800,chair,77839
22801,laptop,78814
22802,phone,13333
22803,phone,94103
22804,iphone,61899
22805,book,75090
22806,book,94521
22807,book,82992
22808,iphone,65661
22809,car,36559
22810,phone,8932
22811,phone,75270
22812,laptop,98612
22813,chair,46018
22814,phone,21363
22815,laptop,52145
22816,pc,95186
22817,iphone,18676
22818,book,59458
22819,car,77376
22820,iphone,3054
22821,chair,33660
22822,laptop,45138
22823,phone,50100
22824,iphone,49069
22825,iphone,20497
22826,phone,20284
22827,car,24560
22828,chair,59113
22829,laptop,23445
22830,car,27802
22831,book,41998
22832,pc,15404
22833,iphone,62666
22834,iphone,97117
22835,chair,
22836,iphone,630
22837,iphone,20009
22838,iphone,79670
22839,pc,18452
22840,pc,63127
22841,laptop,62371
22842,book,49268
22843,phone,42622
22844,pc,36344
22845,chair,
22846,laptop,20474
22847,phone,73603
22848,book,72130
22849,iphone,63794
22850,phone,83043
22851,laptop,45156
22852,book,98280
22853,phone,51704
22854,car,11502
22855,car,23525
22856,laptop,74425
22857,pc,70537
22858,iphone,85526
22859,book,47606
22860,chair,18925
22861,pc,64295
22862,pc,11335
22863,book,69506
22864,phone,82190
22865,chair,73372
22866,phone,57844
22867,laptop,53423
22868,car,58428
22869,iphone,2388
22870,pc,70370
22871,phone,23469
22872,phone,74517
22873,phone,
22874,car,70695
22875,book,87802
22876,phone,93659
22877,car,22900
22878,chair,92131
22879,chair,42520
22880,phone,38801
22881,phone,9132
22882,phone,53341
22883,laptop,94533
22884,phone,14848
22885,laptop,17385
22886,chair,9403
22887,iphone,93361
22888,book,80708
22889,book,63476
22890,book,98137
22891,car,86629
22892,book,14161
22893,iphone,53721
22894,car,13432
22895,phone,96726
22896,laptop,80489
22897,phone,14026
22898,car,48443
22899,iphone,24114
22900,phone,96726
22901,pc,50573
22902,laptop,90214
22903,iphone,78786
22904,laptop,73562
22905,phone,
22906,pc,15039
22907,phone,18294
22908,chair,23580
22909,pc,60702
22910,iphone,28090
22911,iphone,6578
22912,chair,97873
22913,laptop,6749
22914,chair,69936
22915,laptop,89885
22916,laptop,43629
22917,laptop,63686
22918,pc,84566
22919,pc,23654
22920,pc,8951
22921,pc,86827
22922,iphone,
22923,book,83175
22924,pc,76041
22925,car,34424
22926,book,46966
22927,book,1301
22928,book,78698
22929,book,65175
22930,pc,59396
22931,laptop,99214
22932,laptop,62152
22933,chair,24845
22934,phone,18826
22935,laptop,51429
22936,car,36256
22937,laptop,80541
22938,iphone,8032
22939,phone,3682
22940,book,68741
22941,pc,
22942,car,55795
22943,laptop,43463
22944,book,74212
22945,book,23258
22946,laptop,39391
22947,phone,31787
22948,chair,69458
22949,iphone,18322
22950,iphone,75919
22951,pc,76796
22952,pc,5804
22953,book,89841
22954,chair,4988
22955,pc,
22956,chair,12628
22957,pc,66559
22958,laptop,50237
22959,book,42559
22960,laptop,93726
22961,phone,21649
22962,pc,160
22963,car,59247
22964,phone,10132
22965,book,6060
22966,pc,95076
22967,phone,31708
22968,laptop,60855
22969,book,31435
22970,pc,33631
22971,book,35673
22972,iphone,8108
22973,car,27375
22974,pc,30402
22975,book,46397
22976,car,58535
22977,iphone,63059
22978,pc,46599
22979,book,22809
22980,chair,97469
22981,laptop,78972
22982,book,19466
22983,pc,12212
22984,pc,10476
22985,pc,47931
22986,book,68117
22987,pc,22072
22988,iphone,62545
22989,book,14557
22990,pc,43233
22991,phone,54075
22992,phone,59934
22993,phone,92204
22994,iphone,94324
22995,iphone,24439
22996,car,33247
22997,iphone,39379
22998,iphone,61459
22999,laptop,57423
23000,chair,14440
23001,laptop,90880
23002,phone,63761
23003,pc,5438
23004,pc,50751
23005,car,78824
23006,iphone,30255
23007,book,56023
23008,book,67311
23009,pc,1646
23010,car,25215
23011,car,89036
23012,laptop,62420
23013,pc,89294
23014,pc,62068
23015,laptop,24551
23016,phone,79421
23017,pc,24151
23018,chair,22674
23019,pc,57522
23020,car,67671
23021,car,64043
23022,pc,54287
23023,iphone,93593
23024,iphone,64701
23025,chair,81918
23026,car,93115
23027,book,96198
23028,iphone,73819
23029,car,82652
23030,car,97664
23031,iphone,
23032,pc,18814
23033,pc,3489
23034,pc,10132
23035,car,66686
23036,phone,5787
23037,chair,18350
23038,pc,7216
23039,laptop,98277
23040,pc,76865
23041,pc,47102
23042,phone,
23043,chair,69250
23044,chair,50196
23045,chair,15274
23046,car,12079
23047,laptop,70325
23048,pc,61051
23049,car,74089
23050,book,15961
23051,phone,5764
23052,car,42492
23053,chair,67488
23054,book,65884
23055,laptop,56309
23056,car,60928
23057,pc,2607
23058,pc,45663
23059,chair,40025
23060,car,51631
23061,car,
23062,pc,60688
23063,car,7969
23064,iphone,45805
23065,pc,36095
23066,chair,56028
23067,book,83323
23068,iphone,39292
23069,phone,49662
23070,phone,83293
23071,iphone,33337
23072,phone,15742
23073,laptop,66194
23074,laptop,661
23075,car,91434
23076,chair,58143
23077,laptop,66922
23078,laptop,12795
23079,chair,31490
23080,book,24966
23081,pc,94835
23082,iphone,90414
23083,pc,56033
23084,car,21552
23085,iphone,27404
23086,iphone,43188
23087,chair,36168
23088,chair,53066
23089,laptop,55252
23090,car,5544
23091,iphone,4684
23092,chair,78440
23093,chair,16066
23094,book,21322
23095,iphone,65480
23096,book,81677
23097,pc,27015
23098,laptop,75746
23099,chair,16828
23100,phone,
23101,iphone,29529
23102,chair,
23103,iphone,46003
23104,iphone,84999
23105,chair,48567
23106,phone,60414
23107,laptop,90387
23108,pc,99919
23109,pc,72294
23110,pc,64383
23111,chair,70451
23112,laptop,50877
23113,book,41901
23114,chair,25957
23115,iphone,32054
23116,book,88646
23117,laptop,71979
23118,laptop,29592
23119,pc,
23120,iphone,42359
23121,phone,61595
23122,car,58824
23123,pc,63852
23124,iphone,6189
23125,phone,52642
23126,chair,94932
23127,car,10868
23128,pc,30533
23129,chair,69992
23130,pc,21630
23131,iphone,61325
23132,laptop,95328
23133,book,80497
23134,iphone,91119
23135,chair,66248
23136,phone,50883
23137,chair,47109
23138,phone,13150
23139,chair,72892
23140,pc,16995
23141,car,2280
23142,phone,56462
23143,laptop,73674
23144,car,76698
23145,phone,25978
23146,iphone,14795
23147,laptop,17647
23148,book,53485
23149,book,89921
23150,phone,62241
23151,laptop,71495
23152,phone,41570
23153,iphone,77524
23154,phone,87491
23155,iphone,3755
23156,phone,74421
23157,car,20076
23158,laptop,69298
23159,car,1421
23160,pc,45835
23161,book,92122
23162,iphone,60295
23163,laptop,32192
23164,laptop,80885
23165,chair,5136
23166,book,30475
23167,laptop,
23168,book,11199
23169,book,24434
23170,phone,21441
23171,phone,57997
23172,book,37821
23173,chair,89861
23174,iphone,18046
23175,book,72995
23176,chair,62105
23177,chair,64366
23178,phone,15624
23179,chair,5696
23180,pc,64413
23181,car,8657
23182,phone,59638
23183,car,
23184,chair,80392
23185,chair,83733
23186,book,8148
23187,chair,11826
23188,pc,90079
23189,iphone,15392
23190,laptop,77171
23191,chair,1052
23192,chair,32405
23193,car,84218
23194,book,46560
23195,iphone,95231
23196,chair,61088
23197,car,19301
23198,laptop,84554
23199,phone,37879
23200,laptop,67857
23201,iphone,40665
23202,phone,12931
23203,laptop,83265
23204,book,25698
23205,pc,43030
23206,book,40575
23207,phone,82514
23208,book,67547
23209,phone,90128
23210,chair,91402
23211,iphone,1957
23212,car,29390
23213,pc,17210
23214,car,45553
23215,phone,61617
23216,book,76106
23217,phone,9238
23218,pc,53926
23219,iphone,15490
23220,phone,75243
23221,car,20686
23222,iphone,59974
23223,car,3514
23224,iphone,83108
23225,phone,49391
23226,laptop,38855
23227,book,48648
23228,car,57975
23229,iphone,
23230,book,60814
23231,phone,28041
23232,iphone,82137
23233,book,60603
23234,laptop,53933
23235,book,85938
23236,iphone,62253
23237,pc,29357
23238,book,61292
23239,car,12233
23240,iphone,56885
23241,phone,52997
23242,car,6841
23243,phone,71384
23244,laptop,52774
23245,chair,98994
23246,laptop,60281
23247,pc,32577
23248,pc,43551
23249,book,89186
23250,book,82393
23251,book,1973
23252,pc,
23253,car,20503
23254,book,45418
23255,laptop,65526
23256,phone,28572
23257,chair,70448
23258,pc,89611
23259,chair,95934
23260,book,91090
23261,iphone,95200
23262,chair,24697
23263,iphone,10892
23264,laptop,29471
23265,car,81874
23266,chair,64495
23267,laptop,59523
23268,chair,37390
23269,book,63961
23270,chair,57651
23271,car,38423
23272,book,41444
23273,car,31405
23274,laptop,48976
23275,car,94928
23276,car,80869
23277,laptop,18517
23278,iphone,90978
23279,car,59657
23280,pc,66250
23281,book,73353
23282,iphone,10927
23283,iphone,13243
23284,laptop,52184
23285,phone,8260
23286,iphone,10043
23287,book,60917
23288,chair,43727
23289,iphone,78457
23290,pc,5907
23291,phone,67595
23292,car,87599
23293,chair,10324
23294,pc,72778
23295,book,4240
23296,laptop,40952
23297,phone,83098
23298,chair,38713
23299,chair,63238
23300,iphone,11533
23301,laptop,45278
23302,laptop,11257
23303,car,
23304,pc,44599
23305,laptop,54398
23306,car,
23307,laptop,11419
23308,laptop,53237
23309,pc,25742
23310,phone,67178
23311,phone,66711
23312,phone,7144
23313,phone,34329
23314,pc,41559
23315,car,8428
23316,book,47958
23317,pc,60428
23318,chair,85365
23319,phone,81961
23320,car,63628
23321,book,27258
23322,laptop,44849
23323,pc,36105
23324,book,36006
23325,car,89794
23326,car,45364
23327,chair,87641
23328,laptop,46027
23329,iphone,68253
23330,laptop,49626
23331,pc,78780
23332,iphone,95919
23333,phone,26798
23334,pc,11245
23335,chair,81032
23336,iphone,22671
23337,phone,36735
23338,car,67691
23339,laptop,93234
23340,chair,73520
23341,chair,20739
23342,iphone,6383
23343,book,50225
23344,car,74258
23345,iphone,19844
23346,iphone,51253
23347,pc,28839
23348,pc,56163
23349,laptop,15692
23350,chair,
23351,car,22129
23352,iphone,75221
23353,iphone,66959
23354,car,27775
23355,chair,56047
23356,pc,99372
23357,book,27767
23358,iphone,35160
23359,laptop,64732
23360,book,59001
23361,phone,93755
23362,book,64415
23363,book,12437
23364,phone,19573
23365,pc,92164
23366,laptop,32624
23367,iphone,27034
23368,chair,32405
23369,laptop,93303
23370,car,60346
23371,iphone,40776
23372,laptop,83057
23373,chair,94207
23374,iphone,33251
23375,chair,58498
23376,iphone,99096
23377,car,21730
23378,book,70550
23379,pc,85265
23380,pc,50615
23381,book,12682
23382,phone,17061
23383,book,27778
23384,book,84222
23385,laptop,91281
23386,iphone,57567
23387,pc,93931
23388,pc,18226
23389,pc,56727
23390,pc,72903
23391,iphone,67167
23392,iphone,44617
23393,laptop,44873
23394,pc,63588
23395,car,62497
23396,laptop,36375
23397,laptop,91304
23398,chair,40918
23399,pc,10218
23400,chair,76837
23401,laptop,4407
23402,phone,23921
23403,car,23146
23404,book,16803
23405,laptop,35208
23406,iphone,30400
23407,laptop,15558
23408,book,
23409,laptop,676
23410,car,91405
23411,book,41698
23412,car,17863
23413,iphone,15844
23414,iphone,59043
23415,chair,55511
23416,pc,93482
23417,chair,56203
23418,pc,39420
23419,pc,58798
23420,phone,
23421,laptop,37389
23422,book,21628
23423,laptop,76607
23424,pc,45677
23425,pc,99145
23426,iphone,
23427,pc,98497
23428,phone,95438
23429,chair,73357
23430,car,23015
23431,chair,84065
23432,book,77852
23433,book,23914
23434,pc,
23435,book,46716
23436,pc,512
23437,iphone,77775
23438,laptop,25628
23439,iphone,33977
23440,phone,27732
23441,chair,64211
23442,car,17131
23443,book,76048
23444,chair,11391
23445,chair,88154
23446,pc,78339
23447,book,17850
23448,car,60766
23449,book,
23450,book,68869
23451,pc,80262
23452,iphone,87485
23453,laptop,22129
23454,phone,30412
23455,pc,39275
23456,chair,85039
23457,phone,4208
23458,chair,70012
23459,chair,45502
23460,chair,71053
23461,laptop,49968
23462,chair,73667
23463,car,75484
23464,pc,
23465,chair,15344
23466,laptop,24482
23467,pc,66876
23468,phone,5955
23469,chair,
23470,book,59862
23471,iphone,36786
23472,chair,57938
23473,chair,76376
23474,chair,38757
23475,car,94458
23476,phone,16493
23477,iphone,88232
23478,car,2803
23479,car,41430
23480,book,66340
23481,laptop,26707
23482,laptop,91573
23483,pc,
23484,iphone,70907
23485,iphone,64256
23486,chair,86135
23487,car,95965
23488,car,99961
23489,laptop,77977
23490,car,63557
23491,chair,39586
23492,phone,85855
23493,phone,61306
23494,chair,10939
23495,iphone,97592
23496,chair,24727
23497,pc,29199
23498,laptop,14995
23499,iphone,23532
23500,pc,44355
23501,car,48870
23502,laptop,94582
23503,book,56870
23504,phone,14446
23505,iphone,87386
23506,pc,7401
23507,phone,44937
23508,laptop,15189
23509,chair,91335
23510,book,81352
23511,car,33657
23512,book,15030
23513,book,93056
23514,phone,76108
23515,laptop,26907
23516,pc,51116
23517,phone,15726
23518,laptop,28574
23519,car,34584
23520,chair,
23521,iphone,12169
23522,book,15345
23523,car,53721
23524,pc,23746
23525,laptop,30828
23526,pc,34800
23527,book,41187
23528,chair,79672
23529,iphone,15795
23530,iphone,65612
23531,iphone,42695
23532,chair,
23533,book,37355
23534,car,75905
23535,book,5347
23536,iphone,35352
23537,laptop,33628
23538,book,
23539,pc,37175
23540,book,68748
23541,chair,9105
23542,chair,
23543,phone,52524
23544,book,79020
23545,book,24668
23546,pc,61687
23547,book,
23548,pc,50436
23549,laptop,91748
23550,pc,58583
23551,laptop,73914
23552,car,3549
23553,iphone,36449
23554,chair,7888
23555,phone,7521
23556,book,81768
23557,phone,2314
23558,car,42734
23559,book,3339
23560,book,28198
23561,iphone,75919
23562,laptop,46841
23563,iphone,77850
23564,pc,47752
23565,car,56966
23566,phone,43550
23567,laptop,32212
23568,laptop,66852
23569,chair,53781
23570,book,95955
23571,chair,82277
23572,car,73127
23573,car,92410
23574,iphone,23047
23575,chair,60863
23576,chair,28565
23577,chair,68844
23578,chair,55551
23579,pc,94156
23580,pc,69610
23581,book,84780
23582,iphone,81526
23583,iphone,96695
23584,phone,12910
23585,laptop,71502
23586,chair,65911
23587,car,16621
23588,laptop,56981
23589,car,2547
23590,chair,86304
23591,pc,45247
23592,book,53909
23593,laptop,24068
23594,laptop,45883
23595,book,57729
23596,book,46249
23597,chair,8357
23598,laptop,80645
23599,chair,
23600,chair,
23601,iphone,3676
23602,iphone,2813
23603,laptop,84524
23604,laptop,74903
23605,phone,97457
23606,laptop,14355
23607,phone,72306
23608,car,97043
23609,pc,88208
23610,chair,52913
23611,phone,63709
23612,laptop,33654
23613,iphone,1848
23614,car,42043
23615,phone,64727
23616,chair,45503
23617,car,13430
23618,pc,99235
23619,chair,57365
23620,book,29325
23621,laptop,81780
23622,phone,6397
23623,car,18226
23624,pc,54846
23625,phone,79593
23626,iphone,23620
23627,phone,60438
23628,iphone,
23629,pc,44998
23630,laptop,26740
23631,pc,56964
23632,chair,85941
23633,car,17897
23634,car,713
23635,chair,72199
23636,pc,84687
23637,car,84363
23638,iphone,6754
23639,pc,89661
23640,pc,94750
23641,phone,40484
23642,chair,12306
23643,book,94164
23644,car,30467
23645,chair,44580
23646,phone,66465
23647,pc,54357
23648,pc,
23649,iphone,60390
23650,laptop,13958
23651,car,71162
23652,car,49636
23653,laptop,14517
23654,laptop,92229
23655,car,54389
23656,laptop,68277
23657,phone,49572
23658,phone,80153
23659,pc,27196
23660,pc,56890
23661,car,
23662,iphone,6074
23663,phone,67095
23664,pc,10968
23665,car,43831
23666,laptop,88236
23667,chair,98752
23668,laptop,13610
23669,book,90754
23670,pc,85382
23671,chair,93498
23672,chair,39860
23673,laptop,
23674,iphone,47933
23675,phone,96583
23676,phone,98986
23677,iphone,45065
23678,pc,13534
23679,chair,98277
23680,pc,39986
23681,laptop,62856
23682,iphone,82845
23683,phone,45155
23684,car,94518
23685,pc,762
23686,chair,24237
23687,laptop,
23688,pc,58995
23689,chair,50470
23690,laptop,28469
23691,iphone,96463
23692,car,90936
23693,laptop,78556
23694,book,82166
23695,iphone,8577
23696,chair,17496
23697,book,98560
23698,car,80677
23699,iphone,95084
23700,chair,61755
23701,phone,16473
23702,chair,93588
23703,iphone,95380
23704,car,99543
23705,car,32189
23706,chair,5258
23707,book,4047
23708,iphone,51427
23709,chair,43456
23710,pc,6136
23711,laptop,50733
23712,phone,52494
23713,iphone,2735
23714,pc,78272
23715,laptop,89868
23716,iphone,60211
23717,car,69376
23718,pc,23941
23719,iphone,21826
23720,laptop,23774
23721,laptop,71276
23722,book,2912
23723,phone,53636
23724,book,93173
23725,phone,62012
23726,car,40877
23727,pc,78134
23728,pc,13108
23729,laptop,99950
23730,chair,86007
23731,car,89618
23732,pc,34293
23733,book,8625
23734,chair,95298
23735,book,61012
23736,book,15799
23737,book,21411
23738,pc,34939
23739,iphone,75101
23740,car,59519
23741,car,39593
23742,book,46543
23743,car,81170
23744,car,40683
23745,laptop,
23746,chair,23215
23747,chair,60747
23748,pc,76863
23749,chair,49733
23750,iphone,8416
23751,pc,75934
23752,chair,70133
23753,pc,36913
23754,iphone,17341
23755,pc,46084
23756,laptop,96965
23757,iphone,43916
23758,iphone,14652
23759,car,22648
23760,car,
23761,car,61419
23762,phone,87452
23763,pc,81291
23764,iphone,3459
23765,pc,80198
23766,iphone,52472
23767,book,6667
23768,iphone,27800
23769,book,78561
23770,chair,83960
23771,book,
23772,book,67763
23773,iphone,10991
23774,book,27625
23775,iphone,57987
23776,pc,39765
23777,book,42184
23778,laptop,4824
23779,phone,45314
23780,chair,34750
23781,phone,65827
23782,laptop,83178
23783,phone,61535
23784,iphone,21241
23785,iphone,93780
23786,pc,66243
23787,car,39979
23788,laptop,53678
23789,car,45994
23790,chair,35199
23791,book,44951
23792,pc,9134
23793,laptop,98250
23794,pc,34289
23795,laptop,43731
23796,car,16398
23797,iphone,9620
23798,book,
23799,car,65901
23800,laptop,26800
23801,chair,7034
23802,laptop,32118
23803,chair,68209
23804,book,3119
23805,book,85684
23806,pc,5188
23807,pc,40469
23808,chair,55931
23809,phone,77610
23810,phone,89088
23811,phone,26387
23812,iphone,72443
23813,pc,53577
23814,phone,89611
23815,chair,78425
23816,iphone,29017
23817,laptop,38487
23818,book,24285
23819,laptop,78340
23820,laptop,95777
23821,chair,28493
23822,laptop,24759
23823,chair,44315
23824,pc,26022
23825,phone,50965
23826,phone,60949
23827,chair,83188
23828,laptop,39117
23829,laptop,82553
23830,chair,23001
23831,pc,81207
23832,iphone,43316
23833,car,23664
23834,chair,45482
23835,laptop,29766
23836,pc,96473
23837,iphone,72298
23838,car,46110
23839,laptop,50791
23840,car,37374
23841,car,46221
23842,book,95324
23843,phone,20837
23844,pc,
23845,book,75789
23846,book,76017
23847,pc,69740
23848,iphone,
23849,iphone,53256
23850,phone,69261
23851,chair,52417
23852,iphone,94868
23853,pc,37368
23854,laptop,4192
23855,laptop,27696
23856,iphone,
23857,chair,12530
23858,phone,30612
23859,iphone,60359
23860,iphone,34170
23861,iphone,3836
23862,chair,86349
23863,car,45814
23864,chair,81334
23865,laptop,610
23866,phone,29726
23867,book,62086
23868,iphone,10920
23869,chair,66560
23870,laptop,45622
23871,car,97145
23872,laptop,22368
23873,car,99237
23874,phone,82966
23875,chair,40278
23876,phone,
23877,laptop,67139
23878,car,67920
23879,phone,75547
23880,car,10161
23881,laptop,52505
23882,book,21049
23883,pc,84646
23884,pc,76325
23885,chair,52162
23886,book,88381
23887,chair,62611
23888,car,30884
23889,pc,81669
23890,iphone,
23891,book,84033
23892,book,13431
23893,laptop,75555
23894,pc,65704
23895,laptop,49814
23896,phone,59863
23897,laptop,44056
23898,pc,36690
23899,phone,57771
23900,book,54940
23901,pc,13281
23902,phone,52044
23903,chair,92524
23904,chair,53060
23905,car,77025
23906,car,18121
23907,laptop,64777
23908,chair,64739
23909,laptop,21487
23910,laptop,32508
23911,laptop,26741
23912,pc,1319
23913,chair,3548
23914,pc,72964
23915,book,15364
23916,car,87418
23917,car,10035
23918,chair,97193
23919,pc,10704
23920,iphone,40043
23921,phone,73413
23922,chair,
23923,iphone,57172
23924,chair,
23925,car,16968
23926,pc,7404
23927,pc,22650
23928,laptop,90894
23929,book,62631
23930,iphone,3286
23931,iphone,76633
23932,pc,84378
23933,car,35287
23934,iphone,90953
23935,laptop,35980
23936,pc,88990
23937,phone,22575
23938,phone,14165
23939,iphone,86719
23940,laptop,57196
23941,book,196
23942,phone,22840
23943,book,17241
23944,car,30866
23945,iphone,68581
23946,iphone,3337
23947,book,90739
23948,pc,39658
23949,car,45928
23950,pc,47172
23951,car,71950
23952,pc,85741
23953,chair,67318
23954,iphone,
23955,phone,78011
23956,book,18142
23957,book,252
23958,pc,26236
23959,phone,86379
23960,phone,94057
23961,laptop,38807
23962,chair,88935
23963,laptop,60004
23964,book,37531
23965,phone,45379
23966,pc,82966
23967,book,83624
23968,chair,56530
23969,chair,16930
23970,pc,19209
23971,chair,
23972,chair,83425
23973,pc,70298
23974,chair,63140
23975,iphone,18208
23976,iphone,41164
23977,iphone,624
23978,book,23721
23979,pc,67373
23980,book,81714
23981,chair,41975
23982,car,28449
23983,car,
23984,pc,19592
23985,pc,18826
23986,pc,18112
23987,laptop,51372
23988,car,28085
23989,book,84446
23990,iphone,99279
23991,book,77970
23992,laptop,87735
23993,pc,
23994,pc,25107
23995,pc,95326
23996,laptop,51798
23997,chair,74327
23998,phone,66626
23999,iphone,66719
24000,phone,14539
24001,pc,58470
24002,car,93805
24003,iphone,10575
24004,car,86771
24005,laptop,33732
24006,phone,62662
24007,chair,34620
24008,book,89301
24009,iphone,64542
24010,car,33324
24011,pc,86196
24012,laptop,59302
24013,pc,64437
24014,laptop,47807
24015,iphone,27790
24016,car,
24017,car,29139
24018,pc,98534
24019,chair,580
24020,car,72186
24021,pc,59588
24022,phone,56978
24023,iphone,63305
24024,car,66551
24025,laptop,57903
24026,phone,
24027,iphone,96328
24028,laptop,30719
24029,pc,29148
24030,book,77309
24031,chair,70014
24032,iphone,98064
24033,book,38144
24034,car,42797
24035,phone,37938
24036,iphone,49783
24037,car,80205
24038,pc,96777
24039,book,97404
24040,iphone,60478
24041,book,20282
24042,laptop,75291
24043,car,20745
24044,pc,17410
24045,car,55927
24046,chair,93930
24047,pc,58538
24048,pc,62378
24049,car,2981
24050,chair,42097
24051,iphone,90903
24052,phone,38572
24053,phone,14664
24054,chair,59414
24055,iphone,38940
24056,laptop,79363
24057,car,5564
24058,car,16313
24059,iphone,82298
24060,phone,96803
24061,iphone,30807
24062,chair,37534
24063,car,17766
24064,pc,95739
24065,chair,
24066,chair,29406
24067,laptop,69919
24068,phone,15782
24069,car,41023
24070,car,25686
24071,book,7179
24072,car,66788
24073,car,24952
24074,car,26974
24075,chair,32674
24076,phone,14330
24077,pc,74867
24078,laptop,3779
24079,car,72198
24080,book,96029
24081,book,80798
24082,book,47838
24083,book,74198
24084,phone,90990
24085,pc,17455
24086,car,68836
24087,chair,18776
24088,book,91822
24089,iphone,70713
24090,phone,75753
24091,chair,54991
24092,pc,56212
24093,car,54361
24094,pc,29173
24095,book,50791
24096,book,74898
24097,car,51501
24098,phone,85070
24099,phone,70490
24100,iphone,33606
24101,laptop,76887
24102,chair,46014
24103,chair,44964
24104,laptop,57717
24105,car,
24106,laptop,60211
24107,pc,13431
24108,book,68868
24109,phone,65950
24110,laptop,29393
24111,chair,83971
24112,iphone,23553
24113,phone,48802
24114,pc,45068
24115,car,
24116,phone,95642
24117,iphone,9049
24118,car,34918
24119,pc,95451
24120,phone,30652
24121,book,60556
24122,phone,76380
24123,phone,57770
24124,phone,74951
24125,book,53397
24126,chair,92072
24127,laptop,
24128,iphone,57719
24129,laptop,98544
24130,chair,70547
24131,pc,84768
24132,book,
24133,car,66055
24134,phone,91099
24135,laptop,52500
24136,car,16492
24137,book,65208
24138,phone,51064
24139,car,31645
24140,car,265
24141,book,11192
24142,car,4188
24143,phone,61720
24144,book,15324
24145,car,20509
24146,iphone,62468
24147,iphone,76917
24148,book,97662
24149,chair,24041
24150,pc,96092
24151,book,26065
24152,pc,19672
24153,pc,33842
24154,iphone,48385
24155,laptop,45877
24156,iphone,
24157,car,63204
24158,pc,64787
24159,iphone,22897
24160,laptop,57406
24161,car,89920
24162,phone,9938
24163,phone,53482
24164,phone,58897
24165,book,97739
24166,laptop,752
24167,iphone,15808
24168,pc,79859
24169,book,25044
24170,phone,73505
24171,pc,94442
24172,book,26778
24173,chair,67867
24174,car,73888
24175,chair,23171
24176,book,
24177,pc,21149
24178,phone,93672
24179,car,47885
24180,phone,4404
24181,pc,
24182,phone,92980
24183,laptop,96483
24184,chair,25165
24185,laptop,66517
24186,car,30122
24187,phone,70924
24188,pc,65542
24189,laptop,13016
24190,car,91376
24191,pc,34783
24192,pc,73729
24193,chair,65579
24194,car,20117
24195,laptop,80976
24196,phone,56497
24197,car,67249
24198,pc,12782
24199,phone,97745
24200,laptop,79875
24201,pc,62334
24202,laptop,63813
24203,phone,89419
24204,book,33799
24205,book,96570
24206,iphone,78048
24207,iphone,73840
24208,book,13063
24209,book,42773
24210,chair,375
24211,book,35627
24212,book,45911
24213,pc,44037
24214,chair,34389
24215,chair,52840
24216,book,89573
24217,laptop,76278
24218,car,33053
24219,chair,13006
24220,chair,47654
24221,car,59348
24222,iphone,79740
24223,book,18244
24224,car,
24225,laptop,95505
24226,iphone,6201
24227,pc,44082
24228,book,94092
24229,car,20513
24230,car,62247
24231,pc,37413
24232,iphone,47936
24233,laptop,32410
24234,iphone,75572
24235,laptop,43291
24236,laptop,61527
24237,phone,81098
24238,phone,63562
24239,book,1433
24240,phone,10550
24241,phone,586
24242,phone,52997
24243,car,39181
24244,chair,75805
24245,car,5040
24246,phone,94405
24247,pc,94894
24248,chair,35942
24249,book,52424
24250,chair,87534
24251,car,32877
24252,chair,23895
24253,book,80143
24254,laptop,2533
24255,iphone,97970
24256,book,39420
24257,chair,
24258,laptop,16617
24259,book,42993
24260,iphone,92940
24261,pc,77774
24262,pc,
24263,chair,63911
24264,car,66985
24265,iphone,54463
24266,book,70821
24267,iphone,70632
24268,laptop,4360
24269,phone,34453
24270,pc,91488
24271,chair,79460
24272,pc,21037
24273,phone,8576
24274,chair,34440
24275,laptop,84542
24276,chair,32892
24277,phone,52044
24278,chair,55290
24279,laptop,70179
24280,iphone,63745
24281,laptop,
24282,book,25495
24283,phone,87380
24284,phone,
24285,book,55817
24286,iphone,83223
24287,chair,43257
24288,chair,71982
24289,car,72572
24290,phone,39681
24291,iphone,23683
24292,chair,59321
24293,book,38453
24294,laptop,62522
24295,iphone,52012
24296,chair,83587
24297,car,44471
24298,book,87797
24299,pc,48922
24300,car,98669
24301,iphone,21840
24302,car,47863
24303,laptop,9297
24304,iphone,55808
24305,laptop,59499
24306,chair,84205
24307,laptop,50176
24308,pc,99144
24309,book,10652
24310,book,48162
24311,pc,77055
24312,pc,73172
24313,laptop,31216
24314,car,94247
24315,car,93489
24316,phone,89945
24317,phone,73941
24318,car,21057
24319,pc,43115
24320,iphone,27602
24321,book,95117
24322,car,85711
24323,chair,32636
24324,iphone,37437
24325,book,75754
24326,iphone,82598
24327,pc,51617
24328,phone,27215
24329,laptop,58780
24330,iphone,4582
24331,book,19877
24332,car,10803
24333,chair,26899
24334,pc,52322
24335,phone,61144
24336,book,94047
24337,book,33662
24338,laptop,92295
24339,book,51312
24340,pc,
24341,iphone,54262
24342,laptop,95982
24343,book,21208
24344,laptop,11151
24345,pc,75221
24346,chair,26388
24347,laptop,42951
24348,book,
24349,pc,
24350,chair,
24351,phone,97689
24352,phone,49278
24353,pc,79434
24354,car,27866
24355,book,87688
24356,chair,62181
24357,iphone,57478
24358,phone,38493
24359,laptop,70677
24360,pc,73285
24361,phone,15346
24362,phone,1249
24363,phone,26503
24364,chair,26861
24365,pc,41793
24366,car,35744
24367,book,22684
24368,chair,37580
24369,chair,98793
24370,iphone,45670
24371,chair,49777
24372,laptop,96565
24373,phone,69239
24374,iphone,24511
24375,pc,59491
24376,iphone,25254
24377,iphone,69359
24378,phone,68911
24379,laptop,54149
24380,pc,48021
24381,laptop,2201
24382,chair,86207
24383,book,74282
24384,car,88702
24385,book,45615
24386,pc,44155
24387,book,989
24388,chair,50808
24389,laptop,95733
24390,phone,81730
24391,car,33579
24392,laptop,76992
24393,book,41031
24394,pc,9216
24395,chair,83872
24396,car,71470
24397,iphone,82782
24398,phone,97744
24399,iphone,37753
24400,pc,13018
24401,car,4442
24402,laptop,63587
24403,book,18909
24404,chair,7925
24405,book,56572
24406,laptop,45488
24407,iphone,92747
24408,phone,67792
24409,phone,23961
24410,pc,97827
24411,iphone,34901
24412,laptop,60291
24413,chair,50168
24414,phone,95960
24415,pc,91487
24416,car,53934
24417,car,4319
24418,phone,
24419,car,89067
24420,book,18575
24421,iphone,99449
24422,book,
24423,car,24629
24424,book,75468
24425,iphone,43749
24426,chair,47755
24427,iphone,39867
24428,phone,5219
24429,laptop,91446
24430,chair,58544
24431,phone,32592
24432,pc,27954
24433,book,95654
24434,laptop,30700
24435,pc,51728
24436,car,16711
24437,laptop,27295
24438,laptop,59698
24439,pc,89148
24440,iphone,30394
24441,car,34087
24442,phone,63274
24443,laptop,3916
24444,pc,78935
24445,laptop,11152
24446,book,21685
24447,chair,64879
24448,chair,15849
24449,iphone,36208
24450,car,28549
24451,chair,5665
24452,book,76142
24453,book,31642
24454,car,86980
24455,book,91340
24456,chair,69339
24457,phone,52976
24458,book,69039
24459,phone,68343
24460,iphone,21333
24461,laptop,60868
24462,phone,46093
24463,phone,90849
24464,phone,38437
24465,laptop,
24466,book,64709
24467,laptop,79036
24468,pc,47128
24469,pc,57832
24470,laptop,18037
24471,car,22686
24472,chair,7604
24473,book,
24474,laptop,66742
24475,car,35993
24476,book,9924
24477,iphone,97873
24478,chair,91807
24479,pc,59839
24480,phone,28889
24481,chair,6648
24482,laptop,67808
24483,phone,27937
24484,phone,30020
24485,chair,44293
24486,iphone,28585
24487,iphone,82799
24488,laptop,61332
24489,iphone,8178
24490,car,56941
24491,laptop,
24492,laptop,59511
24493,car,46686
24494,laptop,82502
24495,car,81529
24496,book,
24497,laptop,72643
24498,book,83278
24499,chair,93382
24500,phone,42034
24501,book,35171
24502,iphone,90942
24503,iphone,16630
24504,book,93159
24505,pc,61271
24506,phone,2764
24507,phone,41529
24508,phone,93925
24509,laptop,46275
24510,laptop,5684
24511,phone,78008
24512,iphone,73715
24513,book,98988
24514,book,13684
24515,chair,69174
24516,book,63962
24517,chair,57459
24518,car,59799
24519,chair,95581
24520,pc,66455
24521,pc,46677
24522,car,84953
24523,car,7898
24524,phone,83755
24525,chair,52924
24526,book,63105
24527,phone,44996
24528,laptop,19945
24529,car,72316
24530,car,8807
24531,book,38976
24532,iphone,76280
24533,iphone,17169
24534,iphone,65089
24535,iphone,91371
24536,phone,16515
24537,laptop,
24538,laptop,18361
24539,chair,31469
24540,car,26584
24541,car,80368
24542,book,83428
24543,chair,93431
24544,laptop,
24545,pc,
24546,chair,10304
24547,iphone,85726
24548,laptop,51786
24549,pc,8739
24550,car,90688
24551,phone,95722
24552,phone,85452
24553,chair,64872
24554,book,27425
24555,laptop,41872
24556,laptop,47398
24557,book,71726
24558,chair,12467
24559,pc,58096
24560,chair,
24561,book,25308
24562,laptop,30928
24563,laptop,2800
24564,laptop,825
24565,phone,53971
24566,laptop,63280
24567,chair,89355
24568,phone,82567
24569,book,53613
24570,book,24832
24571,chair,43652
24572,pc,36890
24573,book,61409
24574,car,2954
24575,car,69727
24576,car,45446
24577,iphone,
24578,laptop,39494
24579,chair,21183
24580,phone,49657
24581,iphone,12556
24582,book,
24583,phone,63556
24584,pc,58815
24585,book,95246
24586,iphone,33349
24587,laptop,16111
24588,iphone,5012
24589,phone,38945
24590,iphone,96019
24591,car,99378
24592,book,54510
24593,pc,38699
24594,pc,64219
24595,chair,87849
24596,book,43474
24597,phone,45332
24598,laptop,30024
24599,phone,
24600,laptop,33828
24601,book,16456
24602,laptop,
24603,phone,66806
24604,car,
24605,iphone,25406
24606,pc,43579
24607,car,28986
24608,laptop,23848
24609,phone,34282
24610,iphone,75905
24611,chair,67872
24612,laptop,14507
24613,pc,1246
24614,laptop,64763
24615,iphone,95456
24616,laptop,23910
24617,car,89495
24618,iphone,94847
24619,chair,40027
24620,chair,28153
24621,iphone,
24622,pc,
24623,chair,88853
24624,car,83963
24625,pc,48881
24626,car,47043
24627,car,7121
24628,pc,86941
24629,iphone,71177
24630,pc,54460
24631,book,99021
24632,pc,44410
24633,book,81633
24634,laptop,79397
24635,book,91059
24636,laptop,14970
24637,car,84315
24638,laptop,41313
24639,iphone,91260
24640,pc,65273
24641,phone,41320
24642,book,20468
24643,book,65992
24644,iphone,86159
24645,phone,54890
24646,phone,39244
24647,pc,4546
24648,book,44455
24649,laptop,49692
24650,book,79376
24651,car,746
24652,car,33967
24653,iphone,9261
24654,iphone,34164
24655,chair,56180
24656,laptop,64755
24657,phone,23789
24658,phone,83953
24659,car,35849
24660,book,60034
24661,laptop,45669
24662,chair,32541
24663,laptop,54162
24664,pc,28333
24665,pc,78721
24666,laptop,43347
24667,chair,69716
24668,pc,28004
24669,car,39234
24670,phone,44845
24671,book,53514
24672,iphone,87817
24673,car,21990
24674,laptop,71850
24675,iphone,39129
24676,laptop,50055
24677,phone,50391
24678,book,26829
24679,book,48709
24680,iphone,80626
24681,chair,84228
24682,book,62054
24683,pc,83777
24684,iphone,80363
24685,chair,29450
24686,chair,10520
24687,iphone,86416
24688,book,90416
24689,laptop,34550
24690,car,68704
24691,phone,59034
24692,pc,59967
24693,chair,12730
24694,phone,32901
24695,car,71902
24696,pc,79013
24697,phone,87721
24698,chair,99951
24699,phone,93520
24700,chair,94382
24701,book,60594
24702,laptop,
24703,chair,35634
24704,chair,76410
24705,car,76783
24706,book,91523
24707,book,41730
24708,iphone,16011
24709,phone,51180
24710,chair,18593
24711,phone,38881
24712,laptop,21997
24713,car,89089
24714,laptop,65726
24715,book,28660
24716,iphone,73346
24717,chair,30919
24718,laptop,36187
24719,pc,72950
24720,book,
24721,chair,84670
24722,car,23518
24723,laptop,99329
24724,chair,19752
24725,book,34020
24726,iphone,75356
24727,iphone,83848
24728,phone,52474
24729,car,13135
24730,iphone,67107
24731,chair,56992
24732,phone,6918
24733,laptop,16947
24734,iphone,90069
24735,phone,27908
24736,laptop,6038
24737,car,35502
24738,pc,69237
24739,pc,47173
24740,book,36687
24741,car,63600
24742,phone,86878
24743,chair,54876
24744,laptop,
24745,book,37022
24746,chair,
24747,chair,36925
24748,book,45897
24749,book,26770
24750,car,92543
24751,phone,18769
24752,pc,51295
24753,laptop,27491
24754,phone,32215
24755,car,
24756,book,69954
24757,phone,41985
24758,phone,56682
24759,pc,66441
24760,laptop,48985
24761,laptop,5858
24762,iphone,74542
24763,phone,15448
24764,laptop,79938
24765,laptop,67178
24766,car,46198
24767,phone,16040
24768,phone,65937
24769,laptop,99735
24770,phone,57601
24771,book,30253
24772,iphone,81016
24773,phone,28229
24774,book,29747
24775,iphone,9938
24776,car,73812
24777,pc,95882
24778,chair,71008
24779,iphone,14632
24780,iphone,57459
24781,iphone,37407
24782,pc,96996
24783,pc,70131
24784,pc,68745
24785,chair,59259
24786,chair,72069
24787,phone,71368
24788,chair,52854
24789,car,19213
24790,chair,54235
24791,laptop,49524
24792,laptop,28977
24793,iphone,98743
24794,pc,92540
24795,book,14857
24796,pc,18738
24797,car,18420
24798,pc,7617
24799,laptop,
24800,pc,30265
24801,phone,74807
24802,book,4019
24803,laptop,58455
24804,book,96622
24805,pc,6022
24806,car,30375
24807,pc,58635
24808,car,97608
24809,pc,82549
24810,phone,45485
24811,book,23426
24812,book,89142
24813,book,20285
24814,chair,27411
24815,phone,37461
24816,laptop,35012
24817,iphone,72394
24818,laptop,94908
24819,phone,78895
24820,iphone,10594
24821,pc,70589
24822,pc,53934
24823,book,40913
24824,book,19369
24825,car,29394
24826,chair,1820
24827,iphone,89809
24828,pc,73673
24829,pc,56847
24830,iphone,26047
24831,iphone,39213
24832,iphone,37205
24833,phone,10032
24834,book,47815
24835,phone,87768
24836,iphone,14114
24837,book,9799
24838,chair,79894
24839,book,19808
24840,car,
24841,car,21513
24842,pc,81320
24843,phone,75946
24844,iphone,44950
24845,iphone,76141
24846,pc,19292
24847,chair,5081
24848,iphone,67878
24849,iphone,941
24850,phone,19388
24851,iphone,85708
24852,car,65236
24853,laptop,
24854,phone,4537
24855,chair,99763
24856,laptop,771
24857,book,26666
24858,laptop,35313
24859,laptop,32526
24860,phone,34959
24861,book,12072
24862,car,43456
24863,book,98139
24864,phone,28199
24865,book,87863
24866,iphone,7246
24867,book,57563
24868,chair,12283
24869,chair,31460
24870,iphone,75773
24871,iphone,31435
24872,laptop,3689
24873,iphone,19992
24874,car,45638
24875,chair,90028
24876,phone,7338
24877,phone,55547
24878,car,36911
24879,chair,61413
24880,car,56612
24881,car,70778
24882,book,90411
24883,phone,83066
24884,book,24506
24885,book,
24886,pc,2600
24887,laptop,76901
24888,phone,92985
24889,book,7608
24890,chair,40448
24891,chair,3808
24892,book,19666
24893,laptop,83291
24894,pc,50712
24895,laptop,62750
24896,phone,42599
24897,chair,19921
24898,car,67345
24899,chair,
24900,laptop,54597
24901,chair,35953
24902,phone,48941
24903,car,39396
24904,iphone,97064
24905,laptop,11418
24906,phone,1883
24907,laptop,6513
24908,car,27614
24909,car,68644
24910,car,71176
24911,car,16630
24912,phone,21679
24913,car,33334
24914,laptop,30241
24915,iphone,72351
24916,iphone,22938
24917,iphone,7813
24918,pc,62469
24919,chair,31287
24920,car,71134
24921,pc,3077
24922,phone,40659
24923,iphone,48498
24924,phone,66592
24925,car,69573
24926,pc,51531
24927,car,12548
24928,phone,29458
24929,laptop,28814
24930,car,76664
24931,chair,84914
24932,iphone,19822
24933,car,45346
24934,iphone,95575
24935,laptop,82076
24936,laptop,25671
24937,pc,2106
24938,pc,5779
24939,iphone,92005
24940,laptop,10660
24941,book,86853
24942,book,
24943,pc,56336
24944,pc,47274
24945,car,4378
24946,iphone,78247
24947,laptop,74632
24948,iphone,32960
24949,car,25667
24950,pc,23090
24951,car,
24952,book,91381
24953,book,46248
24954,laptop,72274
24955,laptop,7771
24956,car,17926
24957,chair,2364
24958,laptop,92626
24959,laptop,88366
24960,iphone,91225
24961,pc,48440
24962,chair,24138
24963,car,51931
24964,laptop,24755
24965,iphone,77879
24966,chair,14850
24967,iphone,14986
24968,iphone,95545
24969,phone,66380
24970,pc,726
24971,phone,9891
24972,car,55202
24973,iphone,96467
24974,chair,96020
24975,pc,57840
24976,car,79543
24977,iphone,26596
24978,pc,47107
24979,pc,31596
24980,car,60841
24981,car,26482
24982,chair,42905
24983,pc,71606
24984,phone,24239
24985,iphone,3017
24986,iphone,4313
24987,pc,25863
24988,phone,43793
24989,car,69866
24990,pc,83760
24991,chair,73483
24992,phone,
24993,laptop,87946
24994,book,48755
24995,iphone,92181
24996,book,17872
24997,pc,82349
24998,book,4985
24999,iphone,56861
25000,laptop,83357
25001,laptop,69793
25002,iphone,9522
25003,phone,92991
25004,laptop,64383
25005,phone,24498
25006,phone,54535
25007,book,97483
25008,car,88045
25009,car,750
25010,laptop,10553
25011,car,
25012,laptop,60988
25013,chair,46530
25014,car,96572
25015,iphone,37938
25016,pc,35710
25017,book,74334
25018,book,18742
25019,iphone,61662
25020,laptop,31332
25021,iphone,27036
25022,chair,
25023,iphone,18714
25024,book,2636
25025,chair,90057
25026,car,79590
25027,chair,84265
25028,laptop,45132
25029,laptop,
25030,phone,57271
25031,pc,54567
25032,pc,40063
25033,iphone,37740
25034,pc,43723
25035,pc,34178
25036,car,62752
25037,laptop,2759
25038,car,30041
25039,book,83258
25040,book,51661
25041,chair,59922
25042,iphone,42872
25043,iphone,3780
25044,phone,18812
25045,phone,49918
25046,pc,38563
25047,pc,56989
25048,car,54277
25049,pc,82807
25050,iphone,71171
25051,phone,27430
25052,car,68848
25053,pc,98578
25054,pc,40918
25055,book,18429
25056,phone,
25057,laptop,49775
25058,laptop,42431
25059,book,48064
25060,book,21692
25061,pc,32486
25062,chair,13031
25063,book,36621
25064,iphone,3128
25065,car,89351
25066,car,30886
25067,iphone,93112
25068,pc,63972
25069,iphone,34940
25070,book,75131
25071,laptop,65189
25072,chair,84063
25073,car,8648
25074,iphone,18906
25075,laptop,53272
25076,pc,94669
25077,laptop,
25078,chair,46018
25079,laptop,94875
25080,pc,22121
25081,car,42215
25082,laptop,98319
25083,iphone,38114
25084,iphone,34752
25085,chair,84752
25086,laptop,59560
25087,iphone,73176
25088,chair,32992
25089,book,98503
25090,iphone,24707
25091,book,54274
25092,laptop,83130
25093,laptop,83735
25094,laptop,13
25095,book,23659
25096,car,
25097,laptop,59325
25098,laptop,45740
25099,car,85253
25100,car,48684
25101,chair,24944
25102,pc,90390
25103,car,37810
25104,car,48990
25105,car,64940
25106,chair,38274
25107,phone,65411
25108,chair,7601
25109,book,
25110,book,2717
25111,laptop,98439
25112,book,51451
25113,pc,8682
25114,chair,47051
25115,iphone,65164
25116,laptop,89520
25117,laptop,51879
25118,phone,42695
25119,pc,2110
25120,book,6052
25121,pc,66528
25122,book,36614
25123,car,27766
25124,car,76694
25125,pc,80353
25126,iphone,51268
25127,laptop,78568
25128,pc,81381
25129,iphone,44035
25130,car,13788
25131,iphone,19602
25132,iphone,17502
25133,car,10625
25134,book,84229
25135,pc,96287
25136,phone,27331
25137,phone,12091
25138,phone,28676
25139,pc,15773
25140,iphone,59977
25141,iphone,58699
25142,laptop,8782
25143,laptop,62802
25144,iphone,36709
25145,laptop,29340
25146,phone,50765
25147,book,59817
25148,book,57041
25149,pc,19709
25150,car,32071
25151,book,6554
25152,car,5058
25153,chair,
25154,book,22663
25155,pc,83826
25156,car,72818
25157,book,62113
25158,book,26811
25159,iphone,54884
25160,pc,9732
25161,chair,59484
25162,book,13565
25163,iphone,50212
25164,iphone,
25165,book,57381
25166,pc,88107
25167,chair,46303
25168,car,83551
25169,book,39175
25170,laptop,53991
25171,book,261
25172,chair,58766
25173,book,59850
25174,car,77644
25175,pc,84862
25176,phone,85322
25177,chair,53946
25178,car,95821
25179,iphone,
25180,chair,75162
25181,pc,70737
25182,phone,55951
25183,iphone,59367
25184,car,81724
25185,phone,48778
25186,pc,52825
25187,chair,59352
25188,laptop,33663
25189,chair,36136
25190,chair,66894
25191,pc,75197
25192,chair,60219
25193,laptop,71307
25194,iphone,84169
25195,phone,65179
25196,phone,76115
25197,iphone,95163
25198,book,16203
25199,book,54296
25200,iphone,55888
25201,laptop,22425
25202,book,17184
25203,book,22396
25204,pc,38559
25205,car,10930
25206,iphone,12122
25207,phone,47107
25208,book,53639
25209,pc,46512
25210,phone,39152
25211,pc,69458
25212,pc,74827
25213,pc,88283
25214,iphone,3315
25215,book,15519
25216,pc,78484
25217,chair,33401
25218,book,58692
25219,phone,
25220,laptop,27483
25221,car,72463
25222,laptop,
25223,iphone,59901
25224,chair,42197
25225,laptop,6301
25226,car,56798
25227,laptop,50909
25228,iphone,18569
25229,book,
25230,phone,32926
25231,phone,79192
25232,car,91967
25233,phone,5704
25234,phone,93695
25235,chair,6031
25236,chair,58707
25237,book,52654
25238,phone,6092
25239,chair,1799
25240,chair,32763
25241,iphone,40364
25242,car,67059
25243,pc,45044
25244,laptop,3880
25245,book,21652
25246,laptop,
25247,iphone,24371
25248,iphone,19381
25249,iphone,3039
25250,pc,84765
25251,car,33104
25252,chair,24798
25253,book,43686
25254,laptop,43167
25255,iphone,58280
25256,car,54489
25257,iphone,28874
25258,phone,78901
25259,laptop,78569
25260,iphone,53426
25261,pc,80731
25262,car,88660
25263,phone,95593
25264,iphone,93277
25265,chair,25753
25266,car,13259
25267,laptop,23244
25268,book,47998
25269,book,38015
25270,phone,86369
25271,book,2796
25272,phone,95567
25273,iphone,72351
25274,book,61919
25275,chair,39754
25276,book,12604
25277,iphone,86452
25278,phone,70834
25279,book,50462
25280,iphone,69183
25281,phone,70637
25282,chair,13172
25283,pc,60372
25284,car,80988
25285,car,25047
25286,iphone,65479
25287,laptop,90782
25288,book,81725
25289,laptop,99700
25290,laptop,
25291,car,84067
25292,chair,97510
25293,phone,64699
25294,pc,67344
25295,chair,33133
25296,chair,25388
25297,pc,90901
25298,phone,84545
25299,book,83318
25300,laptop,1043
25301,car,17472
25302,pc,1839
25303,chair,91295
25304,car,50690
25305,laptop,22815
25306,iphone,24900
25307,pc,63680
25308,book,30019
25309,laptop,12223
25310,chair,57404
25311,iphone,61434
25312,laptop,63745
25313,pc,41510
25314,chair,32808
25315,chair,55018
25316,chair,24888
25317,car,36677
25318,pc,95589
25319,book,20164
25320,laptop,
25321,car,52233
25322,chair,6358
25323,pc,93335
25324,pc,5123
25325,car,50275
25326,book,
25327,chair,20453
25328,phone,7310
25329,phone,64276
25330,car,15326
25331,pc,
25332,pc,94162
25333,iphone,87555
25334,chair,41933
25335,chair,72282
25336,iphone,17278
25337,pc,26494
25338,chair,18951
25339,chair,27115
25340,phone,87506
25341,laptop,5442
25342,pc,67405
25343,phone,
25344,phone,39154
25345,pc,18286
25346,book,35965
25347,laptop,75167
25348,laptop,80581
25349,phone,19122
25350,book,43667
25351,book,81847
25352,iphone,49730
25353,car,20240
25354,phone,25717
25355,iphone,70096
25356,phone,47393
25357,iphone,97743
25358,chair,7255
25359,phone,45692
25360,laptop,20700
25361,chair,91304
25362,car,43394
25363,pc,14407
25364,laptop,51201
25365,phone,89769
25366,laptop,98880
25367,chair,9523
25368,chair,
25369,car,19320
25370,iphone,68113
25371,chair,22092
25372,car,82553
25373,iphone,23713
25374,laptop,52476
25375,laptop,46883
25376,laptop,
25377,chair,42406
25378,laptop,67850
25379,laptop,82858
25380,car,5753
25381,phone,40098
25382,pc,71913
25383,phone,70763
25384,book,37824
25385,book,71397
25386,car,36694
25387,car,5082
25388,pc,75993
25389,car,74853
25390,iphone,40301
25391,chair,84379
25392,pc,74144
25393,book,2421
25394,pc,65148
25395,phone,6695
25396,book,
25397,book,43216
25398,pc,76009
25399,pc,50774
25400,car,58827
25401,chair,73971
25402,phone,46323
25403,pc,13254
25404,iphone,91247
25405,phone,13625
25406,car,48989
25407,pc,18337
25408,iphone,99239
25409,book,34085
25410,car,90432
25411,chair,10351
25412,phone,36079
25413,pc,16867
25414,iphone,11575
25415,iphone,42736
25416,laptop,40637
25417,iphone,98644
25418,laptop,88771
25419,laptop,91506
25420,chair,90606
25421,chair,69999
25422,chair,64848
25423,chair,63180
25424,phone,97487
25425,phone,81242
25426,iphone,12495
25427,iphone,51610
25428,chair,64673
25429,pc,5206
25430,pc,88470
25431,car,37195
25432,laptop,13447
25433,pc,72844
25434,laptop,
25435,iphone,
25436,car,85982
25437,car,52420
25438,chair,47795
25439,car,20496
25440,book,31303
25441,chair,69322
25442,phone,55685
25443,phone,45250
25444,phone,79986
25445,car,87879
25446,pc,27039
25447,car,
25448,chair,68540
25449,iphone,66506
25450,car,11192
25451,book,86476
25452,book,68830
25453,phone,4355
25454,chair,49860
25455,chair,61553
25456,chair,92467
25457,pc,29940
25458,book,51109
25459,phone,30305
25460,chair,90416
25461,car,20668
25462,laptop,66606
25463,car,23036
25464,pc,34708
25465,iphone,53858
25466,car,82151
25467,iphone,94191
25468,iphone,64307
25469,pc,32653
25470,phone,77513
25471,iphone,79226
25472,pc,32368
25473,pc,696
25474,phone,52808
25475,iphone,37825
25476,phone,51926
25477,book,19598
25478,phone,48616
25479,chair,94556
25480,iphone,46992
25481,iphone,50116
25482,chair,56293
25483,iphone,26174
25484,laptop,
25485,iphone,88501
25486,car,44429
25487,book,24301
25488,laptop,22180
25489,chair,35410
25490,phone,39285
25491,iphone,38970
25492,pc,37830
25493,pc,54590
25494,laptop,55365
25495,chair,7183
25496,laptop,32279
25497,chair,3548
25498,phone,60691
25499,phone,90376
25500,chair,
25501,laptop,28560
25502,chair,80835
25503,iphone,69327
25504,pc,62618
25505,phone,94604
25506,book,64613
25507,phone,24305
25508,laptop,23100
25509,laptop,66840
25510,laptop,9453
25511,pc,87439
25512,phone,13891
25513,pc,66147
25514,pc,13842
25515,pc,93586
25516,book,72575
25517,phone,74349
25518,book,86339
25519,car,9602
25520,book,4873
25521,phone,15961
25522,pc,45480
25523,phone,
25524,iphone,4825
25525,book,24592
25526,pc,68315
25527,phone,34881
25528,book,49601
25529,car,60312
25530,chair,50748
25531,laptop,80696
25532,pc,99172
25533,iphone,70184
25534,iphone,41540
25535,chair,3357
25536,laptop,46508
25537,car,3451
25538,iphone,55192
25539,car,63368
25540,chair,76187
25541,phone,
25542,chair,19786
25543,iphone,49845
25544,pc,3972
25545,phone,31996
25546,iphone,27318
25547,car,77712
25548,laptop,90380
25549,pc,42960
25550,laptop,47896
25551,iphone,21323
25552,book,
25553,laptop,74171
25554,car,92785
25555,book,79041
25556,laptop,6294
25557,laptop,7493
25558,laptop,11489
25559,iphone,2873
25560,iphone,49970
25561,car,48942
25562,book,75846
25563,laptop,84059
25564,laptop,83846
25565,iphone,44155
25566,book,32265
25567,pc,49106
25568,car,22093
25569,chair,71158
25570,iphone,87078
25571,car,70642
25572,book,91822
25573,pc,12283
25574,laptop,79425
25575,phone,56950
25576,car,86750
25577,car,93550
25578,phone,47951
25579,laptop,72400
25580,iphone,50321
25581,car,9036
25582,laptop,28890
25583,pc,50937
25584,car,40056
25585,laptop,37059
25586,phone,29977
25587,chair,84274
25588,pc,61036
25589,book,35159
25590,car,51869
25591,phone,8457
25592,chair,45891
25593,phone,10108
25594,phone,78152
25595,phone,7541
25596,laptop,64669
25597,car,3599
25598,car,9979
25599,phone,20653
25600,iphone,
25601,phone,37259
25602,iphone,29821
25603,chair,70938
25604,iphone,59820
25605,book,93406
25606,iphone,65040
25607,pc,76993
25608,book,76635
25609,laptop,48884
25610,car,19988
25611,chair,48743
25612,iphone,72861
25613,book,71577
25614,book,72480
25615,phone,39757
25616,car,73065
25617,chair,68486
25618,laptop,39801
25619,laptop,75434
25620,laptop,
25621,iphone,94597
25622,car,25821
25623,book,44869
25624,iphone,59243
25625,book,61449
25626,iphone,10540
25627,laptop,10992
25628,pc,16399
25629,car,21120
25630,car,52783
25631,pc,11833
25632,phone,81197
25633,laptop,65451
25634,pc,
25635,car,51546
25636,book,91009
25637,phone,53546
25638,laptop,
25639,phone,10510
25640,iphone,46713
25641,pc,76145
25642,phone,83047
25643,book,80954
25644,phone,45116
25645,chair,63627
25646,laptop,28593
25647,car,36613
25648,chair,19970
25649,chair,13277
25650,phone,23933
25651,phone,81348
25652,phone,21306
25653,car,66103
25654,iphone,31313
25655,pc,23296
25656,phone,64504
25657,pc,54139
25658,car,39922
25659,pc,65552
25660,chair,6049
25661,chair,72919
25662,iphone,20703
25663,phone,48557
25664,phone,83673
25665,laptop,61431
25666,car,
25667,chair,71175
25668,pc,
25669,car,33493
25670,iphone,10300
25671,car,50675
25672,chair,14091
25673,laptop,56560
25674,iphone,51553
25675,laptop,71912
25676,laptop,6563
25677,chair,49085
25678,phone,66742
25679,phone,43985
25680,book,19859
25681,car,96876
25682,chair,50445
25683,car,88988
25684,book,84765
25685,phone,15118
25686,laptop,83694
25687,chair,86282
25688,chair,37385
25689,pc,49619
25690,iphone,61239
25691,car,8870
25692,phone,94953
25693,phone,61945
25694,iphone,86762
25695,car,87890
25696,book,64086
25697,book,16302
25698,chair,
25699,phone,30829
25700,chair,91287
25701,laptop,52067
25702,car,79850
25703,book,97392
25704,iphone,12589
25705,phone,46919
25706,book,13339
25707,car,53439
25708,iphone,99808
25709,pc,
25710,car,71194
25711,phone,89765
25712,chair,31144
25713,car,91507
25714,laptop,74824
25715,phone,78942
25716,book,72173
25717,pc,69424
25718,book,34878
25719,phone,88099
25720,car,34087
25721,iphone,2031
25722,iphone,90503
25723,car,27214
25724,laptop,14798
25725,iphone,
25726,car,56261
25727,car,78696
25728,phone,29165
25729,pc,
25730,pc,23668
25731,book,15012
25732,iphone,
25733,book,50406
25734,chair,25469
25735,pc,51389
25736,laptop,65835
25737,iphone,72904
25738,phone,87676
25739,phone,91032
25740,laptop,95603
25741,chair,68703
25742,book,89067
25743,chair,35466
25744,laptop,11470
25745,phone,61618
25746,car,10807
25747,book,1285
25748,laptop,4339
25749,chair,
25750,laptop,45849
25751,pc,14556
25752,chair,57476
25753,phone,53887
25754,phone,24348
25755,laptop,66928
25756,phone,95363
25757,chair,67672
25758,laptop,12574
25759,iphone,76150
25760,book,24479
25761,pc,76719
25762,pc,35566
25763,laptop,34558
25764,chair,52424
25765,phone,11236
25766,car,82516
25767,pc,17599
25768,chair,64315
25769,car,88508
25770,laptop,50679
25771,chair,98133
25772,book,44231
25773,iphone,38617
25774,pc,9747
25775,car,63261
25776,pc,49472
25777,iphone,45097
25778,chair,7268
25779,book,72404
25780,phone,59229
25781,book,64805
25782,chair,29354
25783,book,57978
25784,car,34752
25785,pc,90564
25786,laptop,97884
25787,pc,74542
25788,car,24484
25789,laptop,64552
25790,iphone,62846
25791,car,75400
25792,pc,91713
25793,laptop,97765
25794,book,
25795,book,9431
25796,car,57346
25797,pc,85121
25798,pc,23733
25799,iphone,9349
25800,phone,50624
25801,iphone,65214
25802,chair,95762
25803,laptop,21709
25804,phone,2169
25805,book,72036
25806,pc,2450
25807,car,75851
25808,chair,29670
25809,iphone,75651
25810,pc,33450
25811,car,43191
25812,car,11847
25813,iphone,67651
25814,book,7039
25815,phone,10442
25816,pc,18699
25817,book,61849
25818,car,59038
25819,phone,98066
25820,chair,30462
25821,book,52313
25822,book,97200
25823,book,97155
25824,phone,96775
25825,phone,36925
25826,pc,59866
25827,iphone,60623
25828,book,19553
25829,laptop,76936
25830,book,
25831,pc,42289
25832,car,8926
25833,pc,93721
25834,phone,34229
25835,laptop,84427
25836,laptop,15918
25837,car,33128
25838,laptop,87962
25839,pc,33490
25840,chair,94067
25841,book,47522
25842,car,8331
25843,chair,79471
25844,pc,13556
25845,phone,182
25846,book,35840
25847,book,10511
25848,laptop,82706
25849,car,98159
25850,book,88371
25851,car,1456
25852,book,89189
25853,pc,44395
25854,laptop,64999
25855,phone,67033
25856,car,
25857,chair,56999
25858,book,24887
25859,pc,68687
25860,chair,93904
25861,chair,86983
25862,chair,19811
25863,chair,
25864,book,62958
25865,laptop,37350
25866,phone,26415
25867,chair,90756
25868,chair,91205
25869,laptop,9604
25870,phone,15056
25871,iphone,64683
25872,chair,36457
25873,laptop,90573
25874,phone,75487
25875,car,98257
25876,chair,55806
25877,chair,80842
25878,chair,85619
25879,laptop,38454
25880,pc,
25881,pc,53622
25882,car,60822
25883,chair,8167
25884,phone,85289
25885,car,63911
25886,pc,3207
25887,car,46229
25888,pc,85711
25889,book,21218
25890,iphone,27326
25891,laptop,94798
25892,car,
25893,chair,29678
25894,chair,53539
25895,iphone,35180
25896,pc,24038
25897,laptop,28755
25898,laptop,54844
25899,book,67697
25900,car,65114
25901,car,63165
25902,car,7017
25903,laptop,73747
25904,phone,65803
25905,book,35781
25906,pc,14567
25907,iphone,81861
25908,phone,36943
25909,laptop,28568
25910,car,21276
25911,book,26630
25912,laptop,78352
25913,phone,48623
25914,iphone,40136
25915,chair,67863
25916,book,39299
25917,pc,21171
25918,book,76267
25919,pc,82028
25920,book,12850
25921,iphone,70897
25922,phone,85302
25923,pc,95279
25924,pc,21551
25925,chair,46382
25926,phone,44753
25927,phone,21545
25928,iphone,56206
25929,iphone,96162
25930,chair,56311
25931,chair,31969
25932,car,99056
25933,car,35481
25934,chair,77677
25935,laptop,4204
25936,car,
25937,iphone,67117
25938,car,38836
25939,iphone,63937
25940,pc,30874
25941,car,69325
25942,laptop,38440
25943,chair,23926
25944,pc,
25945,laptop,29302
25946,car,
25947,phone,86978
25948,chair,
25949,pc,19242
25950,car,12156
25951,phone,86195
25952,pc,
25953,chair,73155
25954,pc,
25955,book,3585
25956,car,9725
25957,chair,11256
25958,book,84024
25959,book,60260
25960,car,55004
25961,iphone,43624
25962,phone,28433
25963,chair,60122
25964,book,92774
25965,phone,67534
25966,book,34854
25967,pc,84302
25968,phone,35889
25969,laptop,80018
25970,laptop,26975
25971,car,27231
25972,pc,1292
25973,chair,903
25974,laptop,49957
25975,iphone,19867
25976,pc,85482
25977,pc,97632
25978,iphone,15843
25979,pc,82455
25980,car,37765
25981,chair,14235
25982,chair,45083
25983,pc,87003
25984,iphone,70173
25985,phone,38279
25986,chair,45605
25987,phone,85371
25988,pc,64696
25989,chair,90475
25990,pc,62237
25991,pc,59760
25992,iphone,33453
25993,pc,31378
25994,car,97268
25995,laptop,21673
25996,pc,70179
25997,iphone,53024
25998,phone,80126
25999,phone,75649
26000,chair,11957
26001,iphone,14138
26002,book,72729
26003,chair,38998
26004,chair,48606
26005,book,38963
26006,chair,66793
26007,book,43929
26008,phone,32770
26009,phone,35499
26010,iphone,41143
26011,phone,74195
26012,car,60605
26013,laptop,8715
26014,pc,2264
26015,chair,
26016,car,17498
26017,pc,38501
26018,chair,46833
26019,chair,21626
26020,book,35430
26021,pc,19371
26022,iphone,17917
26023,car,77607
26024,laptop,22814
26025,pc,18013
26026,laptop,
26027,chair,71768
26028,iphone,59711
26029,iphone,27656
26030,laptop,93748
26031,pc,
26032,pc,94045
26033,iphone,41337
26034,phone,27779
26035,phone,65685
26036,phone,75743
26037,phone,77636
26038,laptop,89487
26039,laptop,21372
26040,laptop,32355
26041,car,83283
26042,iphone,44639
26043,chair,13811
26044,laptop,7082
26045,laptop,64628
26046,pc,30839
26047,chair,
26048,book,99193
26049,phone,55861
26050,car,15576
26051,laptop,20212
26052,laptop,90485
26053,chair,88780
26054,phone,32535
26055,car,91689
26056,phone,6390
26057,chair,46593
26058,chair,130
26059,car,75079
26060,laptop,43557
26061,laptop,82240
26062,laptop,86550
26063,iphone,79043
26064,phone,63261
26065,chair,33323
26066,phone,65845
26067,chair,46412
26068,car,30856
26069,laptop,12814
26070,car,36234
26071,laptop,
26072,pc,47551
26073,laptop,88677
26074,chair,36166
26075,pc,77264
26076,laptop,82535
26077,pc,32065
26078,phone,39209
26079,chair,13450
26080,chair,45328
26081,laptop,68098
26082,chair,82757
26083,laptop,51723
26084,laptop,40156
26085,iphone,2699
26086,book,57281
26087,pc,16290
26088,phone,7059
26089,laptop,64615
26090,phone,
26091,car,5232
26092,laptop,83575
26093,laptop,24401
26094,car,10567
26095,book,
26096,car,91495
26097,pc,94165
26098,chair,15406
26099,iphone,
26100,chair,64106
26101,phone,95256
26102,book,4405
26103,phone,73273
26104,book,67701
26105,chair,90611
26106,phone,59360
26107,chair,54566
26108,car,56343
26109,book,39105
26110,pc,11589
26111,phone,78303
26112,book,69784
26113,chair,64275
26114,pc,79477
26115,iphone,35316
26116,chair,26114
26117,book,49362
26118,book,68310
26119,laptop,32141
26120,book,32524
26121,book,28137
26122,car,48171
26123,iphone,11844
26124,car,30431
26125,iphone,68315
26126,laptop,20026
26127,car,26800
26128,pc,4626
26129,pc,94438
26130,book,86035
26131,book,
26132,car,14482
26133,phone,46510
26134,laptop,47640
26135,laptop,12472
26136,iphone,92282
26137,phone,49401
26138,car,20869
26139,phone,18160
26140,laptop,53988
26141,phone,92588
26142,chair,82500
26143,car,11379
26144,chair,6993
26145,iphone,84441
26146,car,36114
26147,book,42155
26148,iphone,33902
26149,car,
26150,book,53029
26151,laptop,19671
26152,phone,28153
26153,chair,98843
26154,book,875
26155,laptop,57906
26156,pc,
26157,phone,29359
26158,pc,33730
26159,pc,71653
26160,book,80956
26161,chair,98688
26162,chair,22085
26163,laptop,9471
26164,car,60579
26165,phone,51002
26166,phone,
26167,pc,76308
26168,laptop,
26169,phone,38777
26170,laptop,16951
26171,iphone,65702
26172,laptop,63447
26173,iphone,63741
26174,laptop,82746
26175,pc,93034
26176,book,86425
26177,iphone,61977
26178,book,88014
26179,chair,62898
26180,chair,82651
26181,phone,38613
26182,car,66023
26183,iphone,74275
26184,book,82946
26185,pc,30870
26186,iphone,16633
26187,phone,40441
26188,chair,84584
26189,car,77402
26190,phone,27657
26191,pc,79092
26192,book,29070
26193,car,21170
26194,iphone,22273
26195,book,98232
26196,pc,38295
26197,book,87195
26198,pc,40085
26199,car,27464
26200,car,50192
26201,laptop,74615
26202,phone,74403
26203,chair,10888
26204,chair,48802
26205,pc,94277
26206,chair,
26207,iphone,46021
26208,car,70849
26209,book,25612
26210,phone,95444
26211,book,50358
26212,chair,72438
26213,pc,31086
26214,laptop,32296
26215,iphone,93102
26216,pc,94383
26217,laptop,37508
26218,laptop,27398
26219,chair,71545
26220,iphone,11354
26221,car,20754
26222,laptop,63033
26223,pc,12965
26224,laptop,23658
26225,pc,57439
26226,laptop,89210
26227,laptop,
26228,car,85215
26229,chair,
26230,phone,30382
26231,car,663
26232,chair,91473
26233,laptop,59710
26234,phone,69558
26235,chair,
26236,laptop,9640
26237,phone,46288
26238,laptop,12184
26239,car,73101
26240,phone,10032
26241,car,6944
26242,chair,12195
26243,laptop,20990
26244,pc,16451
26245,book,
26246,car,37227
26247,laptop,12951
26248,book,41599
26249,chair,38088
26250,car,86746
26251,chair,35138
26252,car,68029
26253,laptop,67859
26254,iphone,1776
26255,iphone,35810
26256,car,61105
26257,car,90862
26258,chair,77489
26259,chair,80684
26260,phone,77536
26261,phone,75517
26262,iphone,13199
26263,chair,65480
26264,chair,
26265,iphone,60196
26266,book,43711
26267,phone,90975
26268,book,15779
26269,phone,8826
26270,phone,56829
26271,phone,75404
26272,book,56414
26273,phone,71673
26274,book,95875
26275,phone,3030
26276,pc,
26277,car,85818
26278,book,80211
26279,laptop,8649
26280,car,37807
26281,iphone,48195
26282,chair,76697
26283,book,13852
26284,book,11944
26285,chair,64248
26286,car,26175
26287,laptop,7290
26288,book,15300
26289,iphone,52923
26290,car,49087
26291,phone,91203
26292,phone,38066
26293,chair,12302
26294,car,
26295,car,24163
26296,iphone,25739
26297,book,87951
26298,phone,45100
26299,phone,28818
26300,car,83132
26301,book,60814
26302,chair,55368
26303,book,
26304,laptop,19117
26305,pc,82593
26306,chair,68048
26307,car,70259
26308,book,24785
26309,chair,15111
26310,laptop,51440
26311,car,342
26312,book,91635
26313,pc,55377
26314,pc,21033
26315,pc,74427
26316,car,
26317,laptop,55814
26318,pc,726
26319,iphone,47142
26320,pc,58311
26321,pc,17800
26322,car,
26323,phone,48313
26324,laptop,84869
26325,chair,75676
26326,phone,2168
26327,pc,87312
26328,pc,33478
26329,laptop,
26330,car,7963
26331,book,67699
26332,pc,52516
26333,book,73881
26334,laptop,57951
26335,chair,75882
26336,iphone,19525
26337,book,58450
26338,iphone,11051
26339,book,56234
26340,car,
26341,phone,68554
26342,car,4681
26343,laptop,58643
26344,pc,90807
26345,iphone,70468
26346,book,27993
26347,book,63990
26348,chair,57715
26349,phone,9056
26350,laptop,97545
26351,laptop,35059
26352,laptop,5823
26353,pc,28459
26354,car,2837
26355,pc,
26356,phone,34605
26357,car,77159
26358,pc,
26359,laptop,87363
26360,iphone,65131
26361,chair,67492
26362,pc,67381
26363,car,71454
26364,chair,36511
26365,pc,59890
26366,chair,70940
26367,car,28473
26368,chair,97875
26369,laptop,72000
26370,pc,83485
26371,laptop,78519
26372,book,51981
26373,book,72662
26374,chair,64648
26375,laptop,89104
26376,iphone,54564
26377,iphone,71664
26378,pc,22411
26379,car,33288
26380,pc,1090
26381,laptop,60523
26382,chair,96765
26383,iphone,38365
26384,pc,71333
26385,book,39116
26386,chair,
26387,phone,11123
26388,pc,3341
26389,chair,87611
26390,chair,20574
26391,car,92255
26392,car,
26393,car,13268
26394,iphone,59808
26395,phone,13267
26396,chair,52403
26397,book,94421
26398,pc,23743
26399,chair,35552
26400,phone,2432
26401,pc,25548
26402,chair,8881
26403,car,77526
26404,pc,28096
26405,pc,97916
26406,laptop,45093
26407,car,69612
26408,iphone,19407
26409,book,97660
26410,chair,64429
26411,pc,99529
26412,phone,18023
26413,car,27349
26414,chair,72824
26415,book,56900
26416,chair,51026
26417,pc,58053
26418,laptop,95878
26419,laptop,75597
26420,book,57192
26421,iphone,36906
26422,iphone,82175
26423,chair,11994
26424,chair,60758
26425,iphone,10173
26426,car,57246
26427,iphone,40947
26428,book,77725
26429,chair,25121
26430,book,73887
26431,laptop,15011
26432,car,95317
26433,laptop,64155
26434,chair,38970
26435,iphone,17524
26436,pc,41230
26437,iphone,99582
26438,chair,38113
26439,chair,36722
26440,car,92513
26441,book,21369
26442,laptop,29110
26443,iphone,92168
26444,iphone,56220
26445,laptop,51718
26446,pc,10420
26447,car,11796
26448,pc,5853
26449,phone,46382
26450,phone,75794
26451,book,81213
26452,laptop,41346
26453,phone,54863
26454,laptop,55322
26455,phone,57824
26456,car,75368
26457,iphone,39677
26458,iphone,51511
26459,book,95203
26460,laptop,27853
26461,pc,18587
26462,pc,91966
26463,laptop,26162
26464,iphone,89075
26465,laptop,37604
26466,iphone,15727
26467,laptop,1729
26468,chair,67330
26469,pc,81382
26470,chair,43824
26471,car,81022
26472,book,47936
26473,chair,52471
26474,book,78036
26475,iphone,29740
26476,phone,26804
26477,book,98532
26478,chair,60139
26479,book,33493
26480,chair,6480
26481,phone,77382
26482,laptop,27743
26483,laptop,48812
26484,chair,56335
26485,laptop,95063
26486,iphone,39103
26487,pc,
26488,pc,5712
26489,iphone,43595
26490,book,25061
26491,car,99259
26492,iphone,47169
26493,laptop,46764
26494,book,97066
26495,laptop,22656
26496,laptop,91030
26497,phone,51304
26498,laptop,28405
26499,phone,15477
26500,book,84658
26501,phone,26820
26502,pc,87894
26503,pc,46548
26504,pc,52024
26505,chair,35063
26506,car,81569
26507,chair,20455
26508,car,54843
26509,laptop,71489
26510,chair,13042
26511,car,38568
26512,phone,23296
26513,phone,64700
26514,pc,22676
26515,chair,71442
26516,car,33741
26517,laptop,26752
26518,laptop,76551
26519,book,60472
26520,pc,87056
26521,chair,26595
26522,car,9765
26523,iphone,24203
26524,laptop,92854
26525,iphone,91375
26526,phone,79252
26527,chair,
26528,iphone,23374
26529,chair,77656
26530,laptop,
26531,laptop,50334
26532,chair,38199
26533,phone,91167
26534,pc,94194
26535,book,73123
26536,laptop,59211
26537,laptop,26226
26538,phone,3649
26539,phone,14289
26540,pc,24753
26541,laptop,90957
26542,pc,
26543,book,58078
26544,laptop,3852
26545,iphone,86925
26546,laptop,70161
26547,pc,42980
26548,laptop,31294
26549,book,97785
26550,car,11563
26551,pc,89102
26552,laptop,63764
26553,book,44311
26554,chair,26965
26555,chair,78169
26556,chair,16686
26557,book,89488
26558,iphone,50641
26559,car,55847
26560,phone,12821
26561,pc,97045
26562,phone,90419
26563,book,26772
26564,book,43781
26565,laptop,15458
26566,iphone,10945
26567,laptop,93146
26568,laptop,97318
26569,pc,29797
26570,book,58318
26571,pc,97688
26572,car,69808
26573,book,46034
26574,phone,81909
26575,car,1800
26576,laptop,72779
26577,iphone,39980
26578,phone,2443
26579,phone,10310
26580,pc,65478
26581,book,
26582,pc,77186
26583,car,97788
26584,laptop,30381
26585,laptop,53207
26586,book,28216
26587,car,77403
26588,car,81480
26589,phone,91735
26590,pc,25733
26591,book,30161
26592,book,17998
26593,book,91528
26594,iphone,86145
26595,phone,33610
26596,car,93929
26597,iphone,1947
26598,car,15963
26599,iphone,71105
26600,phone,50533
26601,laptop,62235
26602,book,40707
26603,book,82736
26604,pc,54033
26605,laptop,37305
26606,book,17033
26607,phone,74181
26608,iphone,79204
26609,chair,
26610,chair,76985
26611,laptop,94840
26612,pc,40660
26613,iphone,21074
26614,book,71090
26615,book,
26616,car,96191
26617,car,33525
26618,phone,252
26619,book,26092
26620,chair,49415
26621,chair,18765
26622,laptop,71569
26623,pc,67652
26624,laptop,96118
26625,pc,
26626,chair,66457
26627,car,47328
26628,laptop,11995
26629,pc,79672
26630,book,21126
26631,chair,88381
26632,phone,98537
26633,iphone,58139
26634,laptop,
26635,car,30036
26636,phone,66021
26637,pc,61511
26638,chair,5534
26639,iphone,59395
26640,car,90182
26641,pc,49386
26642,car,14544
26643,iphone,
26644,chair,28704
26645,car,
26646,book,31488
26647,car,82527
26648,iphone,81152
26649,iphone,81585
26650,car,89405
26651,phone,92032
26652,laptop,34686
26653,chair,66378
26654,book,30535
26655,car,78033
26656,chair,74488
26657,iphone,67820
26658,laptop,46934
26659,pc,78678
26660,pc,63255
26661,car,47838
26662,iphone,72268
26663,laptop,41899
26664,laptop,17832
26665,pc,42126
26666,laptop,65796
26667,iphone,23303
26668,car,75736
26669,chair,66056
26670,iphone,89487
26671,book,31236
26672,pc,88625
26673,car,59762
26674,chair,56158
26675,iphone,27013
26676,chair,9735
26677,phone,96305
26678,laptop,
26679,laptop,62520
26680,car,17376
26681,book,85082
26682,car,54262
26683,pc,45604
26684,iphone,61964
26685,laptop,96867
26686,phone,37049
26687,car,31033
26688,iphone,54240
26689,phone,67700
26690,phone,7065
26691,pc,67024
26692,phone,89238
26693,phone,65882
26694,laptop,2603
26695,laptop,8749
26696,book,53288
26697,laptop,23919
26698,pc,83716
26699,phone,16141
26700,phone,35737
26701,phone,32231
26702,laptop,99949
26703,laptop,73007
26704,pc,59109
26705,chair,48892
26706,chair,77184
26707,book,98206
26708,iphone,33816
26709,laptop,2660
26710,book,55999
26711,laptop,33802
26712,chair,90722
26713,phone,9409
26714,iphone,41989
26715,pc,54790
26716,chair,43071
26717,iphone,34107
26718,iphone,18018
26719,phone,89072
26720,iphone,14882
26721,laptop,15010
26722,pc,67364
26723,iphone,77924
26724,laptop,9773
26725,car,81331
26726,laptop,16172
26727,laptop,19252
26728,car,
26729,pc,7179
26730,car,74022
26731,phone,62945
26732,car,97223
26733,car,50255
26734,phone,1586
26735,iphone,8065
26736,phone,56097
26737,chair,93965
26738,chair,37980
26739,chair,11548
26740,book,72308
26741,iphone,91454
26742,iphone,38524
26743,iphone,59550
26744,book,26495
26745,book,
26746,car,42110
26747,pc,24923
26748,iphone,38112
26749,phone,87759
26750,laptop,38050
26751,iphone,8745
26752,pc,10344
26753,laptop,13629
26754,pc,71980
26755,book,50419
26756,laptop,28723
26757,laptop,22871
26758,phone,26824
26759,car,
26760,iphone,
26761,phone,71588
26762,laptop,93830
26763,phone,
26764,book,99012
26765,phone,35891
26766,phone,79575
26767,car,10567
26768,book,74397
26769,iphone,43306
26770,book,82855
26771,pc,33147
26772,car,84969
26773,car,
26774,laptop,648
26775,phone,72482
26776,laptop,65826
26777,laptop,85330
26778,iphone,22103
26779,car,7648
26780,phone,62166
26781,chair,40577
26782,iphone,43235
26783,iphone,88488
26784,pc,1716
26785,car,9995
26786,book,53554
26787,car,8825
26788,chair,71674
26789,iphone,12753
26790,iphone,28709
26791,phone,14750
26792,chair,60167
26793,chair,84332
26794,laptop,33163
26795,laptop,30186
26796,car,
26797,iphone,53207
26798,phone,91018
26799,chair,43491
26800,chair,
26801,chair,35721
26802,laptop,89020
26803,car,46347
26804,car,17400
26805,chair,46753
26806,chair,56838
26807,pc,1435
26808,car,69876
26809,book,68298
26810,iphone,
26811,phone,39108
26812,iphone,40409
26813,pc,58366
26814,pc,66463
26815,laptop,56310
26816,car,95027
26817,iphone,99011
26818,laptop,46532
26819,laptop,9417
26820,iphone,64520
26821,pc,54550
26822,car,93255
26823,car,88508
26824,book,31043
26825,phone,
26826,phone,12767
26827,chair,41815
26828,iphone,59584
26829,iphone,76091
26830,pc,71276
26831,laptop,45475
26832,iphone,38751
26833,book,87073
26834,chair,56568
26835,car,17609
26836,pc,81631
26837,car,68384
26838,book,
26839,chair,66174
26840,pc,98101
26841,car,49516
26842,car,89347
26843,chair,75749
26844,laptop,70175
26845,iphone,89642
26846,phone,
26847,chair,48306
26848,pc,61405
26849,phone,53277
26850,phone,17167
26851,car,35549
26852,book,3945
26853,car,993
26854,pc,61544
26855,pc,
26856,car,16654
26857,pc,47286
26858,phone,20427
26859,chair,97011
26860,car,57129
26861,pc,88090
26862,phone,90214
26863,pc,34748
26864,pc,7698
26865,iphone,22299
26866,phone,96770
26867,iphone,51659
26868,car,85766
26869,iphone,86620
26870,phone,
26871,book,66370
26872,book,31354
26873,pc,10109
26874,iphone,97074
26875,pc,4136
26876,laptop,12445
26877,phone,27553
26878,laptop,
26879,book,54565
26880,laptop,98051
26881,chair,54354
26882,pc,40531
26883,iphone,85064
26884,laptop,
26885,chair,28275
26886,chair,86527
26887,iphone,50670
26888,car,12480
26889,phone,8179
26890,pc,76833
26891,chair,57760
26892,laptop,15304
26893,pc,5126
26894,phone,88216
26895,phone,88372
26896,car,90922
26897,car,42724
26898,phone,843
26899,car,73290
26900,iphone,82224
26901,phone,66440
26902,book,18445
26903,laptop,8129
26904,phone,2336
26905,car,90765
26906,phone,19121
26907,pc,78456
26908,phone,51318
26909,phone,81170
26910,laptop,68428
26911,iphone,
26912,phone,
26913,chair,93655
26914,chair,48705
26915,car,99465
26916,laptop,93310
26917,laptop,45894
26918,chair,65056
26919,car,22089
26920,chair,8540
26921,iphone,41960
26922,pc,63323
26923,chair,61647
26924,chair,56401
26925,book,91583
26926,iphone,62202
26927,pc,8873
26928,car,70946
26929,iphone,34028
26930,phone,28674
26931,pc,72605
26932,chair,92357
26933,phone,72663
26934,chair,4653
26935,laptop,31689
26936,phone,48758
26937,iphone,74332
26938,chair,32211
26939,iphone,78959
26940,car,1002
26941,laptop,10522
26942,book,49792
26943,pc,433
26944,laptop,49539
26945,chair,8331
26946,chair,89971
26947,iphone,45555
26948,iphone,8920
26949,car,69363
26950,book,19466
26951,book,56491
26952,laptop,56080
26953,phone,39182
26954,laptop,10073
26955,book,62859
26956,book,7460
26957,pc,39428
26958,car,50434
26959,iphone,44480
26960,chair,99337
26961,iphone,93937
26962,phone,68890
26963,book,17096
26964,laptop,93582
26965,pc,10580
26966,car,81929
26967,book,27830
26968,book,2252
26969,chair,5101
26970,car,20934
26971,car,66273
26972,book,90973
26973,laptop,29777
26974,phone,60505
26975,laptop,97253
26976,iphone,82624
26977,laptop,2835
26978,book,40373
26979,laptop,62752
26980,pc,
26981,laptop,35714
26982,iphone,64917
26983,phone,39178
26984,iphone,31016
26985,chair,67178
26986,car,33351
26987,iphone,20419
26988,iphone,49083
26989,laptop,81481
26990,iphone,16419
26991,pc,9318
26992,laptop,30808
26993,car,26561
26994,pc,41326
26995,book,14227
26996,pc,24874
26997,iphone,45585
26998,phone,82396
26999,pc,16232
27000,iphone,31998
27001,phone,27084
27002,iphone,
27003,car,93975
27004,iphone,67060
27005,pc,16345
27006,pc,48553
27007,iphone,96998
27008,pc,15360
27009,chair,76783
27010,chair,71994
27011,pc,6400
27012,book,74708
27013,pc,27080
27014,chair,8286
27015,pc,85087
27016,book,84519
27017,book,55412
27018,car,21197
27019,chair,66867
27020,pc,53348
27021,iphone,95980
27022,book,71512
27023,chair,26729
27024,car,84449
27025,car,
27026,book,71085
27027,pc,48399
27028,book,1096
27029,laptop,
27030,book,
27031,phone,77722
27032,phone,59936
27033,phone,74562
27034,chair,37186
27035,phone,20775
27036,pc,75350
27037,book,83064
27038,iphone,67406
27039,laptop,95101
27040,car,89966
27041,car,19036
27042,book,63513
27043,laptop,18992
27044,car,20047
27045,iphone,76394
27046,book,39475
27047,phone,75572
27048,book,27150
27049,car,84862
27050,iphone,14124
27051,laptop,51333
27052,laptop,49176
27053,phone,94427
27054,chair,32305
27055,car,33049
27056,laptop,
27057,laptop,59595
27058,book,24678
27059,iphone,54603
27060,pc,45165
27061,iphone,66426
27062,iphone,62121
27063,laptop,
27064,book,11387
27065,iphone,86499
27066,phone,68082
27067,iphone,76717
27068,chair,79508
27069,car,45924
27070,phone,63359
27071,chair,12571
27072,laptop,23055
27073,pc,83946
27074,laptop,77241
27075,phone,45974
27076,book,46125
27077,pc,99674
27078,book,47477
27079,chair,39439
27080,laptop,2435
27081,car,70003
27082,book,37712
27083,book,93476
27084,iphone,99927
27085,chair,64978
27086,laptop,98037
27087,laptop,68584
27088,pc,27997
27089,car,91499
27090,iphone,4758
27091,book,62446
27092,pc,6196
27093,pc,80717
27094,iphone,4592
27095,phone,55545
27096,phone,32871
27097,pc,850
27098,book,59833
27099,chair,44202
27100,car,91088
27101,iphone,27079
27102,pc,38139
27103,car,29798
27104,iphone,61594
27105,iphone,89690
27106,phone,81578
27107,phone,12661
27108,book,
27109,laptop,33728
27110,chair,51278
27111,chair,6368
27112,chair,68252
27113,car,19945
27114,phone,22180
27115,pc,6027
27116,phone,68181
27117,car,44096
27118,phone,90123
27119,book,18485
27120,chair,38060
27121,pc,91356
27122,chair,54986
27123,phone,22673
27124,phone,29734
27125,iphone,10430
27126,car,12041
27127,laptop,93936
27128,phone,14165
27129,book,65940
27130,iphone,60708
27131,chair,98070
27132,chair,98313
27133,chair,68906
27134,pc,73446
27135,car,54388
27136,iphone,27515
27137,car,56644
27138,pc,96176
27139,chair,90761
27140,car,83465
27141,book,41594
27142,laptop,30263
27143,car,43631
27144,phone,90749
27145,car,58759
27146,laptop,97527
27147,phone,26488
27148,chair,85267
27149,car,3389
27150,phone,32475
27151,pc,67209
27152,chair,94899
27153,chair,35435
27154,car,28760
27155,phone,89576
27156,book,87016
27157,iphone,35533
27158,iphone,91848
27159,laptop,70846
27160,book,10982
27161,pc,25514
27162,pc,73856
27163,car,4286
27164,phone,66288
27165,phone,99287
27166,laptop,94329
27167,book,2040
27168,laptop,494
27169,car,75604
27170,phone,68132
27171,book,53399
27172,iphone,88983
27173,book,54753
27174,iphone,
27175,iphone,26821
27176,car,97081
27177,pc,70449
27178,iphone,50936
27179,iphone,92286
27180,car,76227
27181,book,93661
27182,car,96466
27183,iphone,78539
27184,iphone,2146
27185,phone,95541
27186,book,30739
27187,iphone,9218
27188,chair,99239
27189,pc,17079
27190,laptop,97418
27191,pc,43817
27192,car,93776
27193,iphone,51807
27194,phone,33062
27195,laptop,25332
27196,iphone,23336
27197,pc,96348
27198,laptop,39994
27199,iphone,96546
27200,book,86583
27201,laptop,72847
27202,car,1508
27203,car,49064
27204,book,62803
27205,laptop,3728
27206,pc,74746
27207,iphone,39816
27208,car,
27209,iphone,12330
27210,laptop,92777
27211,laptop,65969
27212,iphone,16088
27213,pc,60459
27214,car,86507
27215,laptop,70181
27216,book,4173
27217,car,74941
27218,phone,54954
27219,laptop,69324
27220,iphone,30631
27221,iphone,14300
27222,pc,1561
27223,phone,41636
27224,car,71233
27225,iphone,43248
27226,phone,24103
27227,pc,85449
27228,chair,84002
27229,iphone,95560
27230,car,70054
27231,chair,70442
27232,laptop,90096
27233,phone,19453
27234,book,73448
27235,car,48001
27236,chair,76904
27237,pc,99656
27238,chair,92745
27239,iphone,86254
27240,pc,39295
27241,laptop,94178
27242,book,5179
27243,iphone,13240
27244,chair,41648
27245,iphone,7174
27246,laptop,24693
27247,phone,98724
27248,phone,12922
27249,laptop,16236
27250,book,22301
27251,laptop,87908
27252,iphone,97641
27253,iphone,8091
27254,chair,32074
27255,pc,96923
27256,pc,98769
27257,car,74591
27258,book,17792
27259,iphone,66490
27260,chair,24460
27261,phone,4747
27262,pc,93484
27263,laptop,80951
27264,chair,12202
27265,chair,11061
27266,book,76117
27267,laptop,18605
27268,chair,80043
27269,phone,38951
27270,iphone,86772
27271,book,38443
27272,iphone,83353
27273,laptop,93283
27274,iphone,39933
27275,iphone,81898
27276,car,79481
27277,car,11362
27278,phone,2824
27279,iphone,85913
27280,iphone,98472
27281,chair,36222
27282,car,95894
27283,chair,90552
27284,phone,
27285,chair,14376
27286,chair,39537
27287,iphone,
27288,car,17979
27289,car,34388
27290,iphone,19089
27291,iphone,82545
27292,chair,24696
27293,iphone,64852
27294,pc,48245
27295,pc,87597
27296,book,
27297,book,48922
27298,iphone,16550
27299,chair,83579
27300,laptop,54004
27301,iphone,81114
27302,iphone,99863
27303,phone,9402
27304,pc,80798
27305,laptop,92419
27306,chair,2848
27307,laptop,
27308,phone,26495
27309,pc,21637
27310,laptop,76455
27311,phone,60053
27312,iphone,51909
27313,book,71839
27314,book,72233
27315,car,15182
27316,book,7961
27317,iphone,17887
27318,car,71187
27319,iphone,5911
27320,laptop,52869
27321,car,51140
27322,car,
27323,iphone,89916
27324,chair,56596
27325,iphone,21753
27326,laptop,34327
27327,book,99141
27328,chair,38065
27329,laptop,98099
27330,book,92599
27331,phone,37119
27332,phone,
27333,laptop,56952
27334,laptop,60429
27335,iphone,63404
27336,pc,22315
27337,phone,12481
27338,laptop,29205
27339,laptop,
27340,laptop,71359
27341,laptop,2741
27342,book,54722
27343,book,66831
27344,iphone,15450
27345,chair,
27346,pc,6547
27347,book,20021
27348,chair,52441
27349,laptop,68628
27350,chair,
27351,laptop,44655
27352,book,57293
27353,laptop,47788
27354,chair,61710
27355,iphone,31941
27356,car,45308
27357,chair,38883
27358,car,87619
27359,iphone,92350
27360,iphone,18364
27361,car,77719
27362,laptop,47875
27363,laptop,11385
27364,pc,27624
27365,chair,59339
27366,iphone,37341
27367,book,35374
27368,pc,67326
27369,pc,83312
27370,book,65658
27371,phone,
27372,laptop,78598
27373,car,97179
27374,pc,36470
27375,book,84762
27376,laptop,39869
27377,phone,88339
27378,phone,8801
27379,phone,72487
27380,car,87861
27381,chair,94516
27382,laptop,73884
27383,car,13407
27384,pc,66053
27385,book,37006
27386,phone,13800
27387,chair,49283
27388,laptop,48344
27389,phone,82433
27390,phone,60
27391,chair,38719
27392,car,25343
27393,pc,5313
27394,chair,38708
27395,chair,82518
27396,laptop,99189
27397,laptop,74311
27398,laptop,34686
27399,phone,
27400,phone,
27401,laptop,19076
27402,iphone,94620
27403,iphone,50213
27404,car,98912
27405,phone,34347
27406,iphone,51515
27407,chair,55489
27408,car,90107
27409,phone,60691
27410,phone,52095
27411,pc,46866
27412,laptop,15015
27413,phone,7297
27414,phone,53580
27415,phone,78534
27416,pc,24074
27417,laptop,84225
27418,phone,29700
27419,laptop,55455
27420,book,65961
27421,laptop,54468
27422,pc,27027
27423,phone,37281
27424,phone,37971
27425,chair,28286
27426,pc,54356
27427,iphone,15174
27428,chair,
27429,book,62634
27430,phone,5914
27431,laptop,97846
27432,laptop,43021
27433,book,13083
27434,phone,86929
27435,iphone,40546
27436,book,70797
27437,iphone,7258
27438,iphone,14299
27439,book,50079
27440,laptop,64750
27441,phone,68552
27442,iphone,
27443,car,51280
27444,laptop,3361
27445,pc,26568
27446,iphone,37107
27447,pc,56497
27448,phone,65447
27449,chair,82230
27450,pc,29322
27451,phone,44122
27452,phone,30364
27453,book,89162
27454,car,64039
27455,pc,64856
27456,car,87329
27457,pc,93387
27458,phone,33927
27459,phone,53902
27460,laptop,97427
27461,phone,54614
27462,laptop,20502
27463,pc,93503
27464,iphone,16669
27465,car,76301
27466,iphone,44479
27467,iphone,34952
27468,iphone,11448
27469,phone,70519
27470,iphone,55402
27471,chair,68853
27472,iphone,75797
27473,book,44590
27474,iphone,9306
27475,book,68075
27476,iphone,64370
27477,chair,31326
27478,iphone,51609
27479,car,63347
27480,chair,32564
27481,iphone,
27482,iphone,43016
27483,chair,26116
27484,book,7537
27485,phone,90402
27486,pc,80980
27487,book,
27488,laptop,74973
27489,chair,25467
27490,chair,77110
27491,phone,69195
27492,phone,90793
27493,iphone,33890
27494,chair,35118
27495,chair,9748
27496,phone,84189
27497,iphone,468
27498,phone,37237
27499,book,75158
27500,phone,98585
27501,car,1687
27502,laptop,2603
27503,book,798
27504,laptop,62714
27505,laptop,
27506,iphone,92944
27507,iphone,69461
27508,iphone,
27509,car,7010
27510,pc,77317
27511,pc,8735
27512,car,78638
27513,book,60090
27514,book,44345
27515,iphone,34490
27516,iphone,70965
27517,iphone,80951
27518,chair,96285
27519,phone,26508
27520,iphone,16359
27521,book,42255
27522,pc,36339
27523,iphone,89071
27524,phone,22339
27525,car,96127
27526,iphone,29925
27527,phone,47017
27528,chair,10983
27529,phone,57391
27530,book,29960
27531,chair,
27532,pc,26038
27533,car,46146
27534,phone,32753
27535,phone,83148
27536,laptop,95897
27537,iphone,7858
27538,car,88691
27539,chair,31774
27540,laptop,56152
27541,pc,26366
27542,iphone,24141
27543,chair,34325
27544,car,48448
27545,phone,22678
27546,chair,42296
27547,phone,16878
27548,car,83877
27549,book,49793
27550,book,80129
27551,phone,87416
27552,iphone,4355
27553,pc,
27554,laptop,90124
27555,laptop,30574
27556,chair,6567
27557,phone,76617
27558,iphone,3893
27559,chair,88278
27560,book,71977
27561,book,40110
27562,laptop,42322
27563,car,29606
27564,laptop,85882
27565,phone,53279
27566,iphone,47537
27567,iphone,55797
27568,pc,2475
27569,phone,10630
27570,chair,88161
27571,chair,89808
27572,pc,23569
27573,pc,52307
27574,phone,66026
27575,laptop,5147
27576,book,77941
27577,chair,3755
27578,pc,35629
27579,pc,19110
27580,book,45012
27581,iphone,1159
27582,laptop,72676
27583,laptop,13067
27584,iphone,56466
27585,book,96288
27586,pc,9562
27587,car,40952
27588,car,49475
27589,phone,69218
27590,phone,97427
27591,iphone,
27592,phone,63238
27593,phone,52327
27594,book,27228
27595,chair,
27596,iphone,61845
27597,chair,66200
27598,phone,38094
27599,car,35226
27600,pc,44782
27601,chair,21898
27602,laptop,4013
27603,laptop,96332
27604,car,45663
27605,laptop,32208
27606,laptop,70692
27607,phone,22538
27608,chair,34931
27609,pc,5871
27610,laptop,89920
27611,car,77392
27612,iphone,97638
27613,book,30459
27614,chair,68293
27615,car,6492
27616,book,93781
27617,phone,93691
27618,pc,
27619,pc,95259
27620,book,47276
27621,car,99958
27622,car,
27623,car,3779
27624,car,33045
27625,pc,77329
27626,book,53896
27627,car,
27628,laptop,68885
27629,iphone,39296
27630,iphone,98444
27631,pc,67359
27632,iphone,
27633,iphone,53869
27634,pc,82640
27635,chair,90275
27636,phone,5337
27637,laptop,58203
27638,iphone,72626
27639,chair,89809
27640,car,32816
27641,laptop,76774
27642,pc,24429
27643,laptop,37618
27644,book,58738
27645,laptop,22662
27646,chair,75115
27647,pc,93348
27648,chair,62980
27649,phone,52402
27650,car,33683
27651,car,72061
27652,laptop,50354
27653,laptop,8196
27654,laptop,65401
27655,book,99999
27656,laptop,
27657,car,15515
27658,chair,53919
27659,pc,53944
27660,pc,55425
27661,pc,4178
27662,pc,44580
27663,car,83638
27664,phone,54334
27665,laptop,43937
27666,phone,54930
27667,phone,27976
27668,phone,3685
27669,pc,12642
27670,chair,93968
27671,pc,73625
27672,phone,36008
27673,phone,66477
27674,car,34799
27675,iphone,71409
27676,iphone,78386
27677,book,26665
27678,iphone,97248
27679,phone,69883
27680,book,66983
27681,pc,63566
27682,chair,77622
27683,phone,21548
27684,pc,79574
27685,book,58419
27686,iphone,
27687,pc,24047
27688,pc,91590
27689,car,41370
27690,book,94136
27691,chair,17560
27692,laptop,97586
27693,book,58487
27694,chair,9241
27695,chair,57900
27696,phone,15624
27697,phone,90162
27698,laptop,25999
27699,book,52632
27700,pc,60899
27701,book,14587
27702,chair,75201
27703,chair,73210
27704,pc,36765
27705,car,93323
27706,iphone,17118
27707,phone,5956
27708,iphone,29451
27709,laptop,96048
27710,book,60890
27711,laptop,27829
27712,laptop,7965
27713,car,66725
27714,car,71904
27715,laptop,186
27716,laptop,47500
27717,iphone,80837
27718,pc,50939
27719,phone,56817
27720,phone,98309
27721,book,73471
27722,book,44894
27723,iphone,77553
27724,car,40197
27725,car,26201
27726,iphone,64018
27727,pc,22701
27728,phone,6806
27729,book,83312
27730,laptop,73666
27731,book,
27732,car,
27733,chair,18412
27734,car,46731
27735,book,74935
27736,pc,62457
27737,iphone,33711
27738,iphone,69570
27739,car,73872
27740,phone,21984
27741,chair,41042
27742,pc,66915
27743,phone,15755
27744,book,20687
27745,laptop,98676
27746,laptop,8609
27747,iphone,16521
27748,car,53149
27749,pc,28691
27750,phone,20093
27751,car,20478
27752,iphone,
27753,chair,45918
27754,laptop,54336
27755,iphone,55121
27756,car,24856
27757,phone,
27758,phone,6694
27759,book,49114
27760,iphone,63383
27761,car,
27762,pc,69271
27763,iphone,44914
27764,car,72827
27765,laptop,60153
27766,chair,
27767,phone,9404
27768,car,72917
27769,laptop,91296
27770,iphone,14011
27771,iphone,94294
27772,phone,71629
27773,chair,63923
27774,car,66176
27775,car,72070
27776,book,69269
27777,iphone,18219
27778,pc,61144
27779,book,65989
27780,iphone,75375
27781,laptop,45179
27782,car,23176
27783,car,6403
27784,car,63855
27785,iphone,74878
27786,car,56913
27787,iphone,56795
27788,book,77557
27789,chair,25387
27790,phone,71031
27791,phone,
27792,chair,39660
27793,phone,77210
27794,chair,60278
27795,iphone,28473
27796,phone,66361
27797,pc,85046
27798,phone,31064
27799,chair,36052
27800,phone,12166
27801,pc,2359
27802,iphone,53332
27803,iphone,20565
27804,book,50817
27805,book,30646
27806,phone,12309
27807,pc,13333
27808,laptop,65444
27809,phone,19298
27810,iphone,51640
27811,pc,
27812,chair,2337
27813,pc,51200
27814,iphone,43227
27815,pc,9044
27816,pc,66135
27817,pc,32719
27818,phone,96167
27819,laptop,68585
27820,car,18547
27821,laptop,81219
27822,chair,65321
27823,book,28385
27824,pc,64432
27825,pc,17055
27826,book,84291
27827,car,23997
27828,iphone,59956
27829,laptop,26663
27830,book,48818
27831,laptop,36891
27832,chair,43969
27833,iphone,42331
27834,laptop,38660
27835,chair,55183
27836,car,62496
27837,chair,20728
27838,iphone,76529
27839,book,36362
27840,iphone,90447
27841,phone,61862
27842,car,67398
27843,book,98416
27844,laptop,90238
27845,phone,71
27846,laptop,41077
27847,car,
27848,laptop,36957
27849,pc,48461
27850,pc,59604
27851,pc,51968
27852,car,75431
27853,car,59115
27854,pc,35910
27855,book,94847
27856,chair,20841
27857,phone,41218
27858,chair,83510
27859,pc,21259
27860,chair,12635
27861,car,45340
27862,iphone,48987
27863,pc,97578
27864,chair,63500
27865,chair,75479
27866,laptop,92576
27867,book,57053
27868,iphone,10041
27869,pc,
27870,phone,75331
27871,phone,72971
27872,car,29180
27873,phone,16561
27874,laptop,823
27875,laptop,74903
27876,iphone,31936
27877,chair,3015
27878,laptop,63488
27879,book,3362
27880,laptop,96944
27881,iphone,13553
27882,laptop,79306
27883,chair,7955
27884,pc,55027
27885,iphone,21127
27886,phone,
27887,phone,86087
27888,laptop,78539
27889,chair,13749
27890,book,32064
27891,phone,12593
27892,phone,97793
27893,laptop,80635
27894,book,62054
27895,book,86086
27896,pc,89198
27897,iphone,96670
27898,car,98031
27899,chair,28122
27900,iphone,84016
27901,book,68097
27902,book,60534
27903,chair,59653
27904,laptop,72371
27905,book,17996
27906,car,93112
27907,phone,64165
27908,chair,71027
27909,book,24524
27910,iphone,25346
27911,chair,44693
27912,iphone,62044
27913,car,85225
27914,chair,72644
27915,laptop,25760
27916,car,95997
27917,car,21101
27918,pc,38312
27919,phone,55056
27920,iphone,22542
27921,book,
27922,pc,11127
27923,book,93514
27924,chair,3796
27925,pc,91940
27926,iphone,23272
27927,book,94612
27928,car,598
27929,pc,99298
27930,book,96554
27931,pc,73291
27932,chair,45414
27933,chair,21126
27934,pc,41342
27935,iphone,11159
27936,iphone,60652
27937,pc,84586
27938,iphone,61371
27939,book,30684
27940,phone,16704
27941,pc,90520
27942,pc,42902
27943,pc,5343
27944,chair,70705
27945,iphone,24266
27946,pc,62935
27947,pc,73592
27948,iphone,10021
27949,iphone,11443
27950,pc,26059
27951,iphone,89423
27952,car,45897
27953,pc,12469
27954,chair,58056
27955,car,43592
27956,pc,6173
27957,iphone,6714
27958,chair,75579
27959,chair,82396
27960,iphone,42147
27961,book,48690
27962,iphone,90929
27963,chair,42314
27964,chair,39686
27965,chair,21181
27966,iphone,7811
27967,car,21831
27968,book,43450
27969,chair,
27970,pc,5445
27971,pc,77204
27972,phone,1085
27973,phone,12412
27974,laptop,31537
27975,phone,14086
27976,book,36157
27977,laptop,16025
27978,laptop,70526
27979,book,15845
27980,car,98546
27981,phone,74189
27982,laptop,38777
27983,book,44474
27984,book,20865
27985,phone,29863
27986,phone,39475
27987,car,80958
27988,iphone,24012
27989,car,25285
27990,iphone,40352
27991,phone,99444
27992,car,9178
27993,phone,46668
27994,iphone,84762
27995,phone,35407
27996,car,82674
27997,iphone,69134
27998,laptop,9576
27999,chair,45905
28000,phone,61721
28001,chair,59154
28002,laptop,56807
28003,pc,
28004,phone,93021
28005,phone,4420
28006,laptop,99786
28007,chair,61966
28008,pc,96188
28009,laptop,51186
28010,book,65615
28011,chair,61198
28012,book,94522
28013,phone,85435
28014,car,15261
28015,phone,8139
28016,car,32161
28017,laptop,42895
28018,laptop,57511
28019,laptop,
28020,chair,40064
28021,pc,34361
28022,laptop,78927
28023,pc,22878
28024,phone,78232
28025,laptop,91303
28026,book,29916
28027,book,30568
28028,pc,91826
28029,car,39878
28030,chair,44194
28031,pc,80897
28032,pc,61733
28033,iphone,24931
28034,laptop,79269
28035,car,15385
28036,car,7660
28037,chair,15277
28038,pc,88236
28039,iphone,58311
28040,chair,70904
28041,phone,60452
28042,iphone,84024
28043,car,74923
28044,car,75269
28045,chair,59072
28046,phone,41884
28047,book,6790
28048,book,54348
28049,pc,3401
28050,book,
28051,laptop,50355
28052,iphone,43814
28053,car,67751
28054,book,23932
28055,car,48448
28056,iphone,66262
28057,book,78259
28058,phone,83651
28059,book,57924
28060,iphone,15078
28061,book,35158
28062,car,89013
28063,car,64987
28064,phone,
28065,pc,74722
28066,iphone,30026
28067,chair,1951
28068,laptop,25518
28069,car,88501
28070,book,16294
28071,car,56036
28072,laptop,33865
28073,book,41615
28074,chair,10797
28075,pc,98872
28076,car,92983
28077,laptop,15762
28078,car,49589
28079,laptop,62052
28080,chair,96564
28081,iphone,1398
28082,phone,67491
28083,pc,19524
28084,phone,7238
28085,chair,18934
28086,iphone,
28087,chair,18780
28088,phone,22745
28089,chair,89074
28090,car,61842
28091,book,64538
28092,laptop,13628
28093,iphone,56789
28094,book,58786
28095,pc,3555
28096,phone,61111
28097,pc,67463
28098,phone,84324
28099,iphone,77259
28100,iphone,86358
28101,pc,45435
28102,chair,82944
28103,book,64681
28104,book,29898
28105,laptop,9297
28106,book,90269
28107,pc,53719
28108,phone,63432
28109,phone,66486
28110,chair,66856
28111,car,60998
28112,car,2816
28113,phone,92076
28114,phone,46578
28115,laptop,59080
28116,laptop,75194
28117,pc,87828
28118,phone,
28119,pc,54920
28120,laptop,
28121,car,25850
28122,laptop,35808
28123,laptop,8051
28124,pc,68411
28125,laptop,40997
28126,book,11128
28127,chair,59315
28128,chair,57240
28129,phone,32374
28130,laptop,131
28131,car,97065
28132,book,55588
28133,car,21170
28134,chair,95754
28135,pc,89772
28136,phone,37993
28137,pc,13834
28138,chair,51596
28139,car,23425
28140,book,84956
28141,pc,74985
28142,phone,80060
28143,car,40670
28144,car,62161
28145,iphone,5718
28146,chair,2919
28147,iphone,56064
28148,pc,25862
28149,chair,41160
28150,car,71432
28151,pc,43988
28152,pc,59767
28153,chair,52750
28154,book,55464
28155,car,57182
28156,laptop,47995
28157,book,37153
28158,pc,75927
28159,chair,28183
28160,car,76428
28161,phone,39242
28162,laptop,9656
28163,pc,92113
28164,pc,72388
28165,iphone,56700
28166,iphone,9800
28167,laptop,97292
28168,car,15886
28169,iphone,8566
28170,iphone,
28171,chair,49610
28172,book,77448
28173,car,6271
28174,pc,65758
28175,pc,56756
28176,phone,23423
28177,car,11042
28178,car,10060
28179,pc,3632
28180,car,29820
28181,pc,68072
28182,car,37666
28183,car,79268
28184,pc,26944
28185,phone,36587
28186,laptop,22178
28187,laptop,14985
28188,book,47918
28189,laptop,57038
28190,book,20620
28191,phone,5567
28192,laptop,95822
28193,pc,12159
28194,phone,63706
28195,chair,76797
28196,book,
28197,car,40628
28198,pc,73530
28199,pc,27942
28200,car,64622
28201,chair,40668
28202,pc,86240
28203,laptop,
28204,iphone,61526
28205,chair,4773
28206,phone,11559
28207,phone,70356
28208,chair,73486
28209,pc,32143
28210,book,62126
28211,iphone,90895
28212,phone,
28213,pc,81791
28214,book,29101
28215,book,62969
28216,iphone,
28217,book,47520
28218,book,15350
28219,book,99281
28220,iphone,24038
28221,laptop,38737
28222,iphone,15110
28223,chair,68406
28224,chair,95079
28225,laptop,5984
28226,iphone,14034
28227,car,28146
28228,book,64279
28229,pc,3842
28230,car,32158
28231,phone,89748
28232,phone,73671
28233,laptop,16739
28234,pc,52383
28235,pc,45046
28236,laptop,80176
28237,book,
28238,book,14665
28239,phone,22350
28240,car,91533
28241,chair,47985
28242,laptop,77603
28243,iphone,58968
28244,book,12270
28245,pc,
28246,phone,96000
28247,laptop,68270
28248,phone,17715
28249,iphone,76838
28250,pc,20196
28251,car,88094
28252,chair,10529
28253,iphone,64267
28254,laptop,5934
28255,chair,33033
28256,pc,50680
28257,pc,95288
28258,iphone,21912
28259,pc,50390
28260,chair,
28261,iphone,41872
28262,phone,18165
28263,book,19073
28264,laptop,22575
28265,car,55548
28266,laptop,19560
28267,book,84105
28268,pc,97861
28269,pc,49646
28270,chair,89958
28271,iphone,17844
28272,pc,43295
28273,phone,85253
28274,laptop,40003
28275,iphone,9386
28276,car,3319
28277,book,66481
28278,car,10974
28279,iphone,98507
28280,chair,75275
28281,iphone,
28282,pc,86445
28283,pc,22355
28284,book,29677
28285,laptop,64523
28286,laptop,67207
28287,iphone,19523
28288,chair,28884
28289,book,34306
28290,book,3480
28291,car,23095
28292,book,58026
28293,phone,10877
28294,laptop,45039
28295,laptop,77867
28296,laptop,96098
28297,laptop,78703
28298,iphone,29162
28299,phone,73682
28300,pc,30295
28301,pc,
28302,laptop,26582
28303,phone,48747
28304,iphone,82916
28305,car,28689
28306,phone,12107
28307,pc,
28308,pc,
28309,chair,51038
28310,laptop,19016
28311,car,33065
28312,laptop,91054
28313,iphone,58302
28314,laptop,4577
28315,laptop,62760
28316,chair,84624
28317,chair,29242
28318,pc,29688
28319,pc,21875
28320,car,48748
28321,laptop,26976
28322,laptop,39988
28323,chair,7213
28324,iphone,95512
28325,laptop,30541
28326,phone,86753
28327,pc,86750
28328,iphone,17340
28329,chair,59649
28330,pc,
28331,book,
28332,car,56373
28333,car,
28334,car,51624
28335,iphone,
28336,book,84231
28337,phone,96
28338,car,81873
28339,book,
28340,car,70763
28341,phone,77980
28342,iphone,59376
28343,laptop,
28344,book,75519
28345,pc,99775
28346,laptop,10602
28347,chair,
28348,pc,68876
28349,laptop,27209
28350,book,41920
28351,chair,32089
28352,pc,48378
28353,pc,94240
28354,phone,65619
28355,iphone,90079
28356,iphone,91332
28357,chair,95123
28358,car,51947
28359,car,25845
28360,pc,78712
28361,iphone,
28362,car,
28363,chair,86686
28364,book,40515
28365,iphone,9686
28366,laptop,98143
28367,phone,91969
28368,car,33045
28369,phone,79306
28370,car,81504
28371,phone,77977
28372,phone,56692
28373,book,69080
28374,chair,59680
28375,chair,21005
28376,phone,1680
28377,car,69646
28378,laptop,86520
28379,pc,10599
28380,pc,35047
28381,book,15426
28382,car,47858
28383,pc,69332
28384,iphone,29052
28385,chair,81678
28386,iphone,96457
28387,laptop,18982
28388,pc,16324
28389,phone,11199
28390,chair,81460
28391,phone,73228
28392,book,27108
28393,iphone,8987
28394,pc,83891
28395,chair,47434
28396,car,54391
28397,chair,78578
28398,phone,39646
28399,book,3426
28400,laptop,83895
28401,pc,76233
28402,phone,60013
28403,car,55932
28404,iphone,13442
28405,chair,40626
28406,laptop,78227
28407,iphone,92910
28408,iphone,17624
28409,pc,97454
28410,car,61976
28411,chair,63123
28412,car,84368
28413,iphone,63157
28414,phone,25696
28415,pc,60075
28416,laptop,86786
28417,laptop,34011
28418,book,64955
28419,car,87286
28420,laptop,28067
28421,phone,9635
28422,phone,93694
28423,book,97720
28424,car,50262
28425,pc,63557
28426,pc,19922
28427,car,41434
28428,phone,34254
28429,book,27333
28430,book,4279
28431,chair,67284
28432,book,13352
28433,chair,42112
28434,car,68104
28435,pc,88139
28436,pc,30418
28437,iphone,
28438,car,44134
28439,book,28093
28440,laptop,
28441,pc,29844
28442,car,99816
28443,pc,39597
28444,chair,33887
28445,iphone,18496
28446,pc,47615
28447,phone,44232
28448,car,55205
28449,chair,52931
28450,chair,19832
28451,laptop,
28452,phone,39556
28453,pc,70968
28454,laptop,80895
28455,book,73784
28456,pc,74331
28457,chair,13143
28458,phone,34247
28459,phone,67775
28460,chair,19661
28461,car,87149
28462,car,62320
28463,laptop,45292
28464,chair,13465
28465,phone,55598
28466,iphone,
28467,iphone,15011
28468,pc,89671
28469,phone,72311
28470,laptop,76772
28471,phone,39598
28472,car,20657
28473,phone,88806
28474,iphone,
28475,pc,20978
28476,phone,59630
28477,iphone,80546
28478,car,93748
28479,book,93576
28480,laptop,61317
28481,phone,38654
28482,car,73202
28483,pc,14298
28484,pc,50643
28485,book,20870
28486,iphone,68450
28487,chair,16918
28488,iphone,98681
28489,chair,54989
28490,iphone,41034
28491,pc,64553
28492,iphone,44231
28493,car,62294
28494,pc,64876
28495,phone,25283
28496,chair,6223
28497,pc,6417
28498,pc,25017
28499,pc,63676
28500,phone,2325
28501,iphone,12067
28502,pc,47235
28503,pc,65879
28504,book,74714
28505,book,44371
28506,chair,56265
28507,car,16088
28508,book,50360
28509,pc,70057
28510,laptop,97757
28511,book,50985
28512,phone,49988
28513,laptop,56743
28514,pc,89601
28515,chair,93427
28516,phone,52301
28517,laptop,52594
28518,laptop,32777
28519,phone,63239
28520,chair,85229
28521,chair,15637
28522,laptop,72734
28523,phone,98426
28524,book,7793
28525,car,74382
28526,book,45336
28527,chair,78285
28528,pc,81984
28529,phone,87593
28530,pc,85841
28531,chair,42462
28532,car,84581
28533,pc,
28534,iphone,6118
28535,phone,27072
28536,phone,
28537,chair,5114
28538,iphone,58415
28539,pc,51852
28540,phone,5682
28541,pc,79814
28542,iphone,2128
28543,phone,1849
28544,laptop,84409
28545,phone,44124
28546,laptop,30993
28547,iphone,75930
28548,laptop,24662
28549,laptop,93011
28550,book,85310
28551,phone,80946
28552,chair,73324
28553,phone,73581
28554,pc,22656
28555,pc,44082
28556,laptop,39930
28557,car,34193
28558,iphone,83005
28559,car,83051
28560,book,50310
28561,chair,30531
28562,laptop,84563
28563,chair,49897
28564,chair,74153
28565,pc,25908
28566,pc,38205
28567,laptop,22619
28568,book,87286
28569,pc,97083
28570,car,36354
28571,laptop,66938
28572,chair,76687
28573,laptop,12574
28574,car,20721
28575,iphone,72296
28576,chair,80242
28577,chair,61122
28578,laptop,2387
28579,iphone,77020
28580,laptop,57523
28581,iphone,80024
28582,iphone,2151
28583,iphone,71132
28584,chair,57625
28585,car,4017
28586,pc,69596
28587,iphone,19384
28588,laptop,76611
28589,iphone,40904
28590,phone,53705
28591,phone,51453
28592,car,2396
28593,car,2475
28594,pc,89053
28595,book,81331
28596,phone,98922
28597,iphone,84566
28598,phone,40669
28599,iphone,86871
28600,chair,44732
28601,phone,40685
28602,phone,43547
28603,phone,
28604,laptop,48719
28605,chair,17758
28606,book,3855
28607,pc,14316
28608,car,36016
28609,pc,68926
28610,iphone,37618
28611,phone,68349
28612,laptop,27585
28613,phone,
28614,chair,70729
28615,chair,34940
28616,iphone,44123
28617,iphone,5112
28618,car,83608
28619,iphone,59005
28620,car,12263
28621,phone,16302
28622,chair,23665
28623,book,45435
28624,book,95595
28625,book,76478
28626,pc,
28627,iphone,22072
28628,phone,91267
28629,pc,29045
28630,iphone,33454
28631,phone,67126
28632,chair,20985
28633,book,16779
28634,chair,
28635,iphone,44899
28636,pc,80654
28637,pc,8586
28638,laptop,29462
28639,chair,40737
28640,phone,76286
28641,iphone,95558
28642,car,33762
28643,car,82058
28644,iphone,69914
28645,iphone,86122
28646,pc,93182
28647,pc,86644
28648,chair,30145
28649,book,40626
28650,pc,21879
28651,book,84457
28652,chair,78303
28653,iphone,27399
28654,book,68400
28655,book,10052
28656,chair,74960
28657,chair,69140
28658,phone,36845
28659,pc,592
28660,chair,6836
28661,car,69881
28662,book,7973
28663,car,78446
28664,iphone,25834
28665,pc,19368
28666,car,10436
28667,chair,66817
28668,chair,54456
28669,book,60860
28670,pc,
28671,book,75265
28672,phone,82038
28673,iphone,4194
28674,phone,9722
28675,book,72948
28676,book,
28677,phone,45902
28678,iphone,43808
28679,phone,48550
28680,pc,3013
28681,chair,57075
28682,iphone,10827
28683,phone,17669
28684,car,41616
28685,pc,74220
28686,laptop,27530
28687,iphone,82236
28688,iphone,12318
28689,car,53367
28690,book,36570
28691,car,22567
28692,iphone,66459
28693,laptop,74263
28694,pc,3266
28695,laptop,35980
28696,book,76256
28697,laptop,72287
28698,book,82467
28699,chair,53884
28700,car,70187
28701,laptop,97791
28702,chair,2665
28703,car,7848
28704,car,30266
28705,phone,91534
28706,phone,47057
28707,iphone,62042
28708,chair,43431
28709,phone,5613
28710,pc,85609
28711,pc,41096
28712,chair,65079
28713,iphone,86397
28714,iphone,85670
28715,iphone,62583
28716,pc,22323
28717,laptop,93606
28718,chair,25078
28719,laptop,28709
28720,chair,15368
28721,iphone,86856
28722,chair,78442
28723,book,81878
28724,car,23820
28725,iphone,68522
28726,phone,89665
28727,chair,24911
28728,laptop,3441
28729,phone,90148
28730,chair,77326
28731,chair,89856
28732,laptop,88112
28733,book,62356
28734,book,49363
28735,pc,39656
28736,laptop,95127
28737,laptop,71675
28738,chair,50366
28739,pc,94697
28740,iphone,24966
28741,car,51242
28742,pc,89394
28743,car,98665
28744,car,9143
28745,laptop,70530
28746,car,
28747,chair,59689
28748,phone,70889
28749,pc,55937
28750,book,8362
28751,laptop,93623
28752,laptop,46578
28753,laptop,29118
28754,chair,5756
28755,pc,
28756,car,73229
28757,book,40608
28758,car,62180
28759,laptop,9280
28760,laptop,8227
28761,pc,
28762,laptop,12806
28763,iphone,26573
28764,car,64957
28765,book,59174
28766,laptop,87413
28767,iphone,72262
28768,iphone,54667
28769,book,37034
28770,book,58276
28771,car,33570
28772,laptop,22180
28773,car,94875
28774,car,35963
28775,chair,18123
28776,pc,68347
28777,iphone,94505
28778,chair,97740
28779,book,80645
28780,phone,97912
28781,laptop,
28782,chair,88058
28783,pc,15223
28784,laptop,88181
28785,iphone,8090
28786,book,15932
28787,phone,95302
28788,laptop,12792
28789,book,66768
28790,pc,74220
28791,laptop,14656
28792,chair,55932
28793,iphone,59171
28794,chair,23216
28795,laptop,9603
28796,car,79825
28797,pc,94568
28798,phone,59375
28799,phone,79698
28800,phone,51021
28801,phone,259
28802,iphone,19254
28803,chair,96330
28804,phone,23016
28805,chair,91847
28806,iphone,63407
28807,book,93602
28808,car,97082
28809,book,51579
28810,laptop,65483
28811,pc,86686
28812,phone,25005
28813,iphone,
28814,book,60160
28815,pc,11196
28816,car,37792
28817,iphone,41091
28818,book,35928
28819,laptop,38117
28820,laptop,
28821,chair,70310
28822,chair,48960
28823,phone,55042
28824,book,30876
28825,iphone,81620
28826,iphone,38248
28827,phone,67817
28828,laptop,88003
28829,phone,
28830,chair,37719
28831,car,6011
28832,car,67339
28833,phone,79288
28834,phone,63980
28835,book,70872
28836,car,10657
28837,laptop,20935
28838,phone,13888
28839,chair,21249
28840,phone,1844
28841,phone,26798
28842,car,31311
28843,pc,7427
28844,car,52133
28845,car,21343
28846,car,50761
28847,pc,12522
28848,iphone,96513
28849,book,59822
28850,book,10429
28851,car,10755
28852,pc,30016
28853,phone,98750
28854,car,53073
28855,phone,75810
28856,phone,56569
28857,car,
28858,phone,49907
28859,pc,64181
28860,chair,8403
28861,phone,22770
28862,phone,47655
28863,book,7121
28864,phone,21180
28865,chair,
28866,pc,87527
28867,iphone,11166
28868,car,81400
28869,car,85303
28870,chair,52835
28871,car,28699
28872,chair,62240
28873,pc,74377
28874,book,33935
28875,pc,68103
28876,phone,58655
28877,book,1224
28878,laptop,45689
28879,iphone,2264
28880,phone,96518
28881,phone,62416
28882,pc,13944
28883,laptop,88765
28884,car,
28885,book,13269
28886,iphone,68991
28887,iphone,79678
28888,iphone,99530
28889,phone,12857
28890,iphone,46850
28891,book,28166
28892,iphone,
28893,iphone,77442
28894,phone,87217
28895,book,65730
28896,phone,34859
28897,pc,8871
28898,chair,17514
28899,iphone,8723
28900,chair,8680
28901,iphone,93295
28902,pc,41321
28903,phone,46058
28904,pc,73459
28905,iphone,64343
28906,phone,82318
28907,phone,20552
28908,phone,40254
28909,pc,54409
28910,car,27749
28911,chair,17427
28912,car,86321
28913,pc,80404
28914,iphone,37045
28915,chair,
28916,phone,97224
28917,iphone,95141
28918,phone,34001
28919,phone,91376
28920,laptop,3689
28921,iphone,32891
28922,chair,92838
28923,chair,51558
28924,car,20116
28925,book,65013
28926,pc,43718
28927,chair,95348
28928,laptop,839
28929,book,9982
28930,iphone,68200
28931,chair,9401
28932,chair,82135
28933,laptop,97651
28934,laptop,26739
28935,iphone,28499
28936,iphone,56356
28937,pc,
28938,phone,43952
28939,iphone,38523
28940,pc,24227
28941,iphone,20755
28942,phone,50997
28943,iphone,37124
28944,car,90211
28945,book,59234
28946,car,98193
28947,laptop,68855
28948,phone,7129
28949,car,98551
28950,chair,8541
28951,chair,49407
28952,laptop,2934
28953,phone,40041
28954,chair,50456
28955,phone,88260
28956,pc,2961
28957,iphone,91991
28958,laptop,41426
28959,car,84263
28960,laptop,
28961,chair,64470
28962,phone,75759
28963,phone,75010
28964,pc,72735
28965,car,51677
28966,laptop,36106
28967,iphone,37051
28968,car,47951
28969,laptop,10386
28970,book,
28971,iphone,55869
28972,chair,23209
28973,iphone,55969
28974,iphone,
28975,laptop,55310
28976,phone,81088
28977,pc,17618
28978,laptop,36441
28979,iphone,12745
28980,phone,86150
28981,chair,68535
28982,iphone,70410
28983,book,51020
28984,laptop,
28985,iphone,50065
28986,chair,80340
28987,pc,15269
28988,iphone,76364
28989,pc,49998
28990,book,47497
28991,phone,11822
28992,pc,93601
28993,book,63658
28994,chair,34999
28995,laptop,9310
28996,book,38872
28997,iphone,79007
28998,chair,70758
28999,chair,53454
29000,pc,68244
29001,car,30343
29002,laptop,42936
29003,iphone,36921
29004,pc,76898
29005,pc,78064
29006,chair,92415
29007,chair,85970
29008,book,30037
29009,laptop,17658
29010,iphone,
29011,chair,55581
29012,phone,23308
29013,iphone,73615
29014,laptop,99419
29015,car,98624
29016,book,19956
29017,book,39812
29018,chair,10111
29019,iphone,17252
29020,chair,4421
29021,pc,11789
29022,car,48425
29023,car,94426
29024,pc,90583
29025,phone,11944
29026,iphone,6788
29027,laptop,17877
29028,car,61829
29029,phone,56595
29030,book,2803
29031,car,81040
29032,chair,33060
29033,book,20476
29034,phone,92219
29035,chair,
29036,iphone,48367
29037,car,96922
29038,phone,12295
29039,car,19040
29040,car,14071
29041,chair,27379
29042,chair,73215
29043,book,30012
29044,phone,4346
29045,pc,48179
29046,laptop,45014
29047,car,
29048,book,97425
29049,car,78169
29050,phone,24145
29051,car,64097
29052,chair,45396
29053,phone,91711
29054,laptop,25277
29055,car,81490
29056,iphone,70935
29057,chair,55848
29058,chair,78039
29059,phone,89861
29060,pc,42798
29061,iphone,98087
29062,iphone,25527
29063,phone,13404
29064,chair,945
29065,pc,82262
29066,iphone,89917
29067,pc,19680
29068,chair,80593
29069,book,4769
29070,chair,65028
29071,phone,42979
29072,phone,47424
29073,laptop,43327
29074,phone,90474
29075,pc,37219
29076,phone,53548
29077,car,
29078,book,36963
29079,car,66876
29080,car,91644
29081,car,
29082,iphone,44076
29083,chair,72191
29084,car,41008
29085,book,8010
29086,laptop,28206
29087,car,53190
29088,car,95387
29089,iphone,12738
29090,chair,47737
29091,car,66739
29092,phone,31299
29093,pc,21263
29094,laptop,62968
29095,phone,97726
29096,phone,72738
29097,car,694
29098,phone,11766
29099,chair,81631
29100,iphone,1006
29101,phone,73834
29102,book,64943
29103,pc,69099
29104,laptop,44730
29105,car,4704
29106,pc,37119
29107,car,57551
29108,car,87030
29109,chair,85559
29110,iphone,
29111,car,82046
29112,chair,69984
29113,pc,84897
29114,car,77672
29115,laptop,63932
29116,laptop,7718
29117,phone,73204
29118,laptop,81727
29119,car,24127
29120,book,26871
29121,phone,85492
29122,iphone,30468
29123,laptop,
29124,chair,
29125,car,46669
29126,phone,13285
29127,iphone,6453
29128,phone,38909
29129,pc,3378
29130,laptop,98460
29131,iphone,55801
29132,laptop,67013
29133,pc,73141
29134,pc,44436
29135,phone,32305
29136,book,8185
29137,book,19384
29138,iphone,9514
29139,chair,15495
29140,laptop,25167
29141,phone,31736
29142,chair,38142
29143,pc,13656
29144,laptop,91058
29145,car,82066
29146,pc,97750
29147,book,55027
29148,chair,64918
29149,chair,80858
29150,book,13128
29151,pc,31532
29152,iphone,70588
29153,phone,68206
29154,car,43635
29155,book,18442
29156,pc,61912
29157,car,99427
29158,phone,32668
29159,phone,64154
29160,chair,33236
29161,pc,54208
29162,pc,47694
29163,chair,25997
29164,chair,81151
29165,chair,17346
29166,iphone,10332
29167,laptop,36158
29168,chair,62500
29169,iphone,44906
29170,laptop,23999
29171,pc,74468
29172,pc,65453
29173,chair,24022
29174,iphone,39666
29175,laptop,13833
29176,laptop,50447
29177,pc,87764
29178,iphone,24791
29179,pc,37446
29180,laptop,15127
29181,car,74995
29182,iphone,82271
29183,phone,7498
29184,car,1567
29185,iphone,98539
29186,chair,73047
29187,book,96303
29188,phone,58859
29189,chair,18985
29190,chair,
29191,iphone,34634
29192,iphone,61095
29193,car,5465
29194,chair,33233
29195,iphone,
29196,iphone,87929
29197,pc,93411
29198,car,76429
29199,pc,57967
29200,pc,40392
29201,car,88015
29202,laptop,29065
29203,book,27367
29204,laptop,85688
29205,laptop,
29206,book,93074
29207,pc,41831
29208,pc,62306
29209,iphone,23675
29210,pc,99451
29211,phone,37732
29212,book,99588
29213,laptop,47103
29214,laptop,53030
29215,pc,42317
29216,laptop,47612
29217,laptop,65558
29218,laptop,
29219,book,83371
29220,book,8180
29221,pc,61831
29222,phone,33036
29223,laptop,75660
29224,laptop,72727
29225,laptop,79648
29226,car,13751
29227,chair,9211
29228,pc,69849
29229,car,96535
29230,car,24425
29231,chair,55939
29232,chair,99757
29233,car,
29234,phone,46722
29235,chair,75321
29236,phone,88980
29237,chair,19399
29238,car,78788
29239,book,32572
29240,pc,
29241,pc,18518
29242,iphone,223
29243,chair,37150
29244,car,80047
29245,book,85650
29246,book,1253
29247,laptop,38235
29248,chair,32236
29249,car,72892
29250,chair,49877
29251,phone,68034
29252,iphone,27374
29253,book,49548
29254,pc,31670
29255,car,80544
29256,pc,56282
29257,book,74368
29258,iphone,47145
29259,iphone,73805
29260,car,47542
29261,laptop,68687
29262,laptop,27835
29263,pc,78799
29264,chair,86663
29265,iphone,7463
29266,car,62473
29267,pc,16860
29268,laptop,16953
29269,chair,85311
29270,phone,59258
29271,pc,4392
29272,phone,17732
29273,car,72065
29274,laptop,47886
29275,book,17082
29276,pc,89034
29277,laptop,77689
29278,book,8298
29279,phone,43825
29280,book,86708
29281,phone,6961
29282,laptop,51896
29283,phone,
29284,phone,1597
29285,iphone,63016
29286,iphone,57968
29287,book,62329
29288,car,5131
29289,pc,16058
29290,iphone,75592
29291,book,52972
29292,iphone,4328
29293,chair,44110
29294,phone,22853
29295,pc,35625
29296,book,4795
29297,book,6386
29298,phone,18451
29299,book,30352
29300,phone,9599
29301,laptop,62085
29302,car,83069
29303,laptop,95994
29304,book,65698
29305,book,67554
29306,car,71007
29307,book,68684
29308,iphone,76825
29309,car,2583
29310,phone,37372
29311,laptop,8524
29312,phone,46521
29313,pc,93002
29314,pc,8692
29315,iphone,46046
29316,laptop,42068
29317,chair,99503
29318,car,71315
29319,book,61082
29320,pc,
29321,phone,6646
29322,iphone,67942
29323,phone,26073
29324,car,14895
29325,car,65654
29326,car,52976
29327,pc,92595
29328,car,66965
29329,car,96291
29330,car,35568
29331,pc,
29332,phone,66041
29333,iphone,68242
29334,pc,18014
29335,iphone,85044
29336,chair,57511
29337,iphone,841
29338,phone,5208
29339,iphone,93619
29340,phone,
29341,chair,66984
29342,book,87637
29343,phone,84102
29344,iphone,30464
29345,chair,36111
29346,pc,58726
29347,pc,58554
29348,laptop,71865
29349,iphone,26780
29350,book,
29351,laptop,10034
29352,chair,97723
29353,phone,99281
29354,chair,59886
29355,car,81225
29356,chair,42651
29357,car,67157
29358,book,17105
29359,pc,8530
29360,phone,63252
29361,chair,13207
29362,laptop,
29363,chair,99796
29364,car,16758
29365,pc,27041
29366,book,88336
29367,pc,65373
29368,pc,4561
29369,pc,89123
29370,laptop,7741
29371,iphone,86898
29372,laptop,80143
29373,laptop,
29374,pc,38992
29375,laptop,78563
29376,chair,25955
29377,laptop,22156
29378,iphone,48049
29379,phone,4469
29380,car,76208
29381,iphone,86329
29382,pc,95183
29383,chair,26971
29384,chair,98749
29385,pc,8687
29386,car,34097
29387,pc,36101
29388,car,13237
29389,pc,46256
29390,iphone,79952
29391,book,16097
29392,car,24748
29393,pc,15384
29394,iphone,3802
29395,car,70693
29396,iphone,24247
29397,iphone,48735
29398,phone,88578
29399,chair,
29400,laptop,22292
29401,iphone,27505
29402,chair,
29403,car,37065
29404,chair,54103
29405,chair,64070
29406,book,22115
29407,car,67212
29408,book,17311
29409,pc,48899
29410,laptop,19129
29411,car,87727
29412,iphone,62582
29413,iphone,14391
29414,phone,14651
29415,iphone,20987
29416,phone,85385
29417,phone,2822
29418,phone,8855
29419,iphone,15819
29420,phone,41032
29421,chair,8410
29422,laptop,2991
29423,phone,15992
29424,car,9078
29425,chair,51082
29426,laptop,65978
29427,pc,89509
29428,book,8430
29429,iphone,35447
29430,laptop,49194
29431,chair,
29432,laptop,43597
29433,pc,320
29434,book,97716
29435,book,79698
29436,car,30736
29437,car,81948
29438,pc,96406
29439,car,49879
29440,phone,3215
29441,book,48578
29442,pc,19211
29443,laptop,8697
29444,phone,25185
29445,car,65613
29446,book,88912
29447,pc,49039
29448,car,17657
29449,laptop,81121
29450,pc,98505
29451,book,26747
29452,chair,52985
29453,chair,68522
29454,chair,98852
29455,car,92129
29456,pc,8584
29457,iphone,16069
29458,chair,91551
29459,iphone,90411
29460,chair,17935
29461,iphone,51102
29462,phone,54840
29463,car,61558
29464,phone,25396
29465,laptop,25478
29466,chair,30520
29467,iphone,28198
29468,iphone,71276
29469,pc,57894
29470,laptop,71018
29471,laptop,63911
29472,chair,14052
29473,laptop,38246
29474,book,49323
29475,laptop,19799
29476,iphone,51397
29477,book,14002
29478,car,83144
29479,chair,69856
29480,book,255
29481,book,92186
29482,iphone,50848
29483,pc,6819
29484,book,20640
29485,chair,67162
29486,pc,14604
29487,car,19044
29488,chair,27178
29489,book,8840
29490,iphone,80544
29491,phone,26961
29492,iphone,37318
29493,car,44863
29494,iphone,73015
29495,car,79593
29496,iphone,62335
29497,car,7915
29498,pc,50817
29499,book,23107
29500,car,70708
29501,car,48456
29502,iphone,32818
29503,chair,37895
29504,pc,2676
29505,car,46481
29506,iphone,27811
29507,laptop,99222
29508,book,57063
29509,iphone,89756
29510,book,62095
29511,chair,43218
29512,iphone,37592
29513,pc,17460
29514,iphone,5186
29515,book,
29516,iphone,49055
29517,phone,85398
29518,car,4559
29519,car,94410
29520,laptop,54396
29521,car,68784
29522,iphone,6841
29523,book,35834
29524,pc,93659
29525,car,71403
29526,pc,70703
29527,phone,59221
29528,iphone,74920
29529,laptop,33067
29530,iphone,9090
29531,laptop,273
29532,book,92088
29533,phone,58275
29534,pc,52444
29535,pc,53664
29536,iphone,19837
29537,phone,36507
29538,phone,74280
29539,book,
29540,phone,47797
29541,chair,56590
29542,pc,20335
29543,laptop,88619
29544,laptop,47777
29545,laptop,58210
29546,laptop,53445
29547,iphone,14534
29548,pc,1016
29549,chair,54968
29550,car,41488
29551,laptop,6375
29552,iphone,2674
29553,phone,36457
29554,pc,78063
29555,pc,20692
29556,iphone,1264
29557,phone,47376
29558,book,29783
29559,laptop,23082
29560,laptop,73212
29561,laptop,16973
29562,pc,71403
29563,book,97503
29564,phone,51973
29565,pc,9918
29566,iphone,16015
29567,book,77055
29568,car,27649
29569,book,95446
29570,laptop,25027
29571,laptop,65427
29572,iphone,17516
29573,car,7262
29574,car,66487
29575,laptop,48248
29576,book,60806
29577,car,80389
29578,iphone,
29579,chair,14934
29580,book,28726
29581,pc,25180
29582,laptop,43072
29583,chair,18404
29584,pc,39937
29585,laptop,47694
29586,car,74255
29587,car,94377
29588,iphone,72477
29589,iphone,30736
29590,pc,
29591,pc,68321
29592,phone,86284
29593,pc,68728
29594,chair,72018
29595,pc,76787
29596,book,44504
29597,book,8889
29598,laptop,
29599,book,80615
29600,laptop,44853
29601,phone,52870
29602,laptop,23977
29603,phone,4875
29604,phone,38408
29605,phone,68674
29606,phone,18419
29607,book,5878
29608,laptop,70893
29609,book,18468
29610,book,82501
29611,laptop,28112
29612,pc,59680
29613,phone,75009
29614,pc,33314
29615,car,5339
29616,chair,1157
29617,pc,
29618,phone,35436
29619,book,12857
29620,iphone,74062
29621,phone,43481
29622,phone,88396
29623,phone,2681
29624,book,22714
29625,phone,29893
29626,phone,23863
29627,laptop,68200
29628,laptop,73905
29629,chair,16825
29630,pc,28894
29631,car,66604
29632,phone,97768
29633,chair,56803
29634,car,61900
29635,chair,40436
29636,chair,76241
29637,laptop,
29638,phone,33128
29639,chair,73063
29640,laptop,86641
29641,iphone,91456
29642,car,51116
29643,book,
29644,iphone,5082
29645,laptop,40518
29646,chair,38522
29647,phone,74718
29648,pc,83923
29649,car,27807
29650,chair,8651
29651,car,95047
29652,book,30451
29653,laptop,46879
29654,chair,77301
29655,iphone,61521
29656,iphone,59601
29657,car,87036
29658,car,32642
29659,iphone,49207
29660,pc,75213
29661,book,57765
29662,car,3842
29663,iphone,23891
29664,phone,24380
29665,car,30767
29666,phone,91915
29667,pc,54211
29668,pc,69206
29669,phone,61317
29670,chair,8293
29671,pc,71888
29672,car,68881
29673,chair,66440
29674,chair,47044
29675,pc,42032
29676,chair,59460
29677,iphone,48029
29678,laptop,98403
29679,chair,26227
29680,iphone,44314
29681,phone,51765
29682,chair,34319
29683,laptop,43100
29684,phone,63916
29685,book,28912
29686,chair,22465
29687,pc,81513
29688,chair,88948
29689,phone,46006
29690,laptop,53194
29691,laptop,31023
29692,chair,887
29693,chair,98169
29694,phone,85410
29695,pc,6612
29696,laptop,2904
29697,iphone,19413
29698,laptop,1258
29699,laptop,38813
29700,book,
29701,chair,
29702,pc,18062
29703,laptop,73481
29704,book,94661
29705,chair,69191
29706,laptop,90348
29707,book,58026
29708,laptop,74644
29709,pc,79424
29710,laptop,49152
29711,laptop,2571
29712,pc,96829
29713,pc,64143
29714,phone,68109
29715,pc,64610
29716,chair,61628
29717,book,17826
29718,chair,77952
29719,pc,75612
29720,phone,32866
29721,book,74747
29722,laptop,64537
29723,laptop,65901
29724,book,58638
29725,laptop,61091
29726,phone,59170
29727,car,28892
29728,iphone,54813
29729,iphone,98592
29730,book,59994
29731,pc,40768
29732,iphone,79828
29733,iphone,875
29734,chair,2478
29735,pc,69480
29736,iphone,92017
29737,book,7544
29738,iphone,53204
29739,laptop,
29740,laptop,37857
29741,chair,72920
29742,book,1408
29743,pc,21305
29744,chair,75147
29745,pc,12041
29746,book,68155
29747,iphone,17369
29748,book,2245
29749,iphone,55034
29750,pc,72140
29751,phone,72153
29752,laptop,22013
29753,chair,51280
29754,pc,38871
29755,pc,
29756,iphone,66034
29757,pc,16826
29758,car,12516
29759,laptop,62035
29760,laptop,92268
29761,pc,79523
29762,book,42649
29763,car,41015
29764,pc,69367
29765,pc,57092
29766,laptop,33091
29767,chair,75341
29768,car,61793
29769,iphone,32936
29770,pc,63567
29771,book,345
29772,pc,17920
29773,pc,18939
29774,pc,59352
29775,iphone,30111
29776,pc,85266
29777,iphone,65736
29778,book,62116
29779,car,23721
29780,iphone,3976
29781,chair,18211
29782,chair,99718
29783,chair,68714
29784,laptop,3168
29785,car,99749
29786,book,90608
29787,phone,84248
29788,phone,18284
29789,pc,25125
29790,iphone,61673
29791,pc,95835
29792,laptop,57965
29793,book,86621
29794,phone,22187
29795,book,2530
29796,car,92299
29797,iphone,78908
29798,chair,97172
29799,laptop,
29800,pc,72660
29801,chair,85071
29802,book,11643
29803,book,
29804,book,70635
29805,chair,39244
29806,laptop,17161
29807,iphone,41949
29808,iphone,1279
29809,chair,14531
29810,chair,26279
29811,pc,20989
29812,book,10321
29813,chair,79160
29814,pc,85452
29815,chair,72329
29816,book,94508
29817,chair,91309
29818,iphone,56016
29819,iphone,2708
29820,car,93313
29821,laptop,55500
29822,book,64144
29823,pc,29036
29824,chair,9880
29825,chair,71066
29826,laptop,
29827,laptop,99310
29828,phone,37548
29829,book,2994
29830,pc,11250
29831,iphone,12780
29832,phone,63381
29833,laptop,2920
29834,car,62154
29835,book,18685
29836,book,30763
29837,phone,19190
29838,pc,43358
29839,car,19783
29840,car,92143
29841,car,50577
29842,phone,79082
29843,pc,69878
29844,iphone,65631
29845,car,92180
29846,iphone,68297
29847,phone,29059
29848,book,51108
29849,pc,89071
29850,book,24363
29851,pc,95498
29852,laptop,77340
29853,car,26333
29854,car,50614
29855,car,20486
29856,phone,40251
29857,laptop,27563
29858,chair,2384
29859,car,40406
29860,laptop,69440
29861,book,9197
29862,book,59437
29863,phone,22161
29864,book,65436
29865,laptop,56884
29866,phone,3092
29867,car,40579
29868,laptop,97645
29869,phone,3055
29870,phone,67215
29871,chair,46088
29872,laptop,22541
29873,phone,17585
29874,pc,34266
29875,phone,20218
29876,chair,58457
29877,phone,63883
29878,book,51732
29879,car,68445
29880,chair,39246
29881,pc,90854
29882,laptop,57912
29883,car,97885
29884,pc,92552
29885,iphone,53462
29886,iphone,72038
29887,phone,685
29888,car,46331
29889,book,53745
29890,phone,84124
29891,car,33103
29892,book,3995
29893,phone,84227
29894,book,11151
29895,iphone,87314
29896,chair,86544
29897,laptop,23262
29898,book,59655
29899,iphone,82604
29900,pc,33869
29901,iphone,92686
29902,laptop,61549
29903,book,26090
29904,book,44521
29905,car,19787
29906,iphone,73452
29907,phone,
29908,pc,50501
29909,pc,14180
29910,laptop,29951
29911,laptop,4462
29912,pc,79377
29913,phone,41077
29914,chair,9294
29915,pc,8765
29916,chair,3199
29917,phone,63760
29918,pc,71370
29919,laptop,30867
29920,phone,84153
29921,laptop,60844
29922,phone,43808
29923,laptop,37096
29924,book,
29925,car,25017
29926,book,1273
29927,chair,9827
29928,car,18506
29929,chair,2732
29930,iphone,55458
29931,iphone,68530
29932,phone,13293
29933,book,99676
29934,phone,26427
29935,pc,59740
29936,pc,5990
29937,car,82478
29938,car,52417
29939,chair,
29940,chair,58139
29941,phone,48165
29942,pc,53667
29943,laptop,40474
29944,chair,99909
29945,laptop,74554
29946,book,22989
29947,phone,7485
29948,book,89706
29949,pc,47748
29950,chair,81023
29951,book,46965
29952,laptop,97915
29953,phone,94133
29954,chair,62211
29955,laptop,60235
29956,chair,12995
29957,pc,68002
29958,chair,
29959,phone,35949
29960,chair,15781
29961,phone,54894
29962,chair,1165
29963,book,13541
29964,laptop,98627
29965,iphone,58843
29966,book,95272
29967,laptop,4908
29968,book,25259
29969,car,86501
29970,car,78790
29971,phone,71364
29972,laptop,78490
29973,laptop,36907
29974,phone,94724
29975,laptop,21801
29976,pc,95918
29977,chair,25921
29978,book,54437
29979,iphone,45123
29980,pc,30402
29981,pc,16519
29982,iphone,79727
29983,laptop,72739
29984,phone,71290
29985,iphone,23534
29986,phone,81100
29987,car,47960
29988,phone,94717
29989,car,90932
29990,phone,60969
29991,iphone,80350
29992,laptop,68241
29993,car,67869
29994,laptop,78399
29995,iphone,
29996,phone,15525
29997,phone,28615
29998,iphone,39860
29999,book,49625
