id,Title
0,Machine Learning Specialization
1,Introduction to Data Science Specialization
2,Data Science Fundamentals with Python and SQL Specialization
3,Key Technologies for Business Specialization
4,Deep Learning Specialization
5,IBM & Darden Digital Strategy Specialization
6,IBM AI Foundations for Business Specialization
7,Data Analysis and Visualization Foundations Specialization
8,Applied Data Science Specialization
9,Data Engineering Foundations Specialization
10,IT Fundamentals for Cybersecurity Specialization
11,Applied Software Engineering Fundamentals Specialization
12,"DevOps, Cloud, and Agile Foundations Specialization"
13,Cloud Application Development Foundations Specialization
14,Python for Everybody Specialization
15,Information Technology (IT) and Cloud Fundamentals Specialization
16,"BI Foundations with SQL, ETL and Data Warehousing Specialization"
17,Natural Language Processing Specialization
18,Business Foundations Specialization
19,Meta React Native Specialization
20,Mathematics for Machine Learning and Data Science Specialization
21,Introduction to Finance and Accounting Specialization
22,AI Foundations for Everyone Specialization
23,Finance & Quantitative Modeling for Analysts Specialization
24,Machine Learning Engineering for Production (MLOps) Specialization
25,Business and Financial Modeling Specialization
26,Business Analytics Specialization
27,Excel Skills for Business Specialization
28,Learn SQL Basics for Data Science Specialization
29,The Materiality of ESG Factors Specialization
30,AI For Business Specialization
31,Digital Product Management Specialization
32,Leading the Modern Day Business Specialization
33,Graphic Design Specialization
34,Security Analyst Fundamentals Specialization
35,Improve Your English Communication Skills Specialization
36,Entrepreneurship Specialization
37,Foundations of Positive Psychology  Specialization
38,Data Science Specialization
39,Supply Chain Management Specialization
40,Fintech: Foundations & Applications of Financial Technology Specialization
41,Microsoft 365 Fundamentals Specialization
42,Search Engine Optimization (SEO) Specialization
43,AI Product Management Specialization
44,Introduction to Programming with Python and Java Specialization
45,Construction Management Specialization
46,IBM Introduction to Machine Learning Specialization
47,Data Analysis and Presentation Skills: the PwC Approach Specialization
48,AWS Fundamentals Specialization
49,Data Science: Foundations using R Specialization
50,Python 3 Programming Specialization
51,Reinforcement Learning Specialization
52,Accelerated Computer Science Fundamentals Specialization
53,Digital Marketing Specialization
54,DevOps on AWS Specialization
55,Generative Adversarial Networks (GANs) Specialization
56,Data Visualization with Tableau Specialization
57,Certified in Cybersecurity Specialization
58,Business Strategy Specialization
59,Applied Data Science with Python Specialization
60,Human Resource Management: HR for People Managers Specialization
61,Achieving Personal and Professional Success Specialization
62,Regulatory Compliance Specialization
63,"TESOL Certificate, Part 1: Teach English Now! Specialization"
64,Financial Engineering and Risk Management Specialization
65,UI / UX Design Specialization
66,"Product Ideation, Design, and Management Specialization"
67,Financial Analysis - Skills for Success Specialization
68,Creative Writing Specialization
69,Data Structures and Algorithms Specialization
70,Software Product Management Specialization
71,Foundations of Management Specialization
72,Genomic Data Science Specialization
73,Methods and Statistics in Social Sciences Specialization
74,"NoSQL, Big Data, and Spark Foundations Specialization"
75,Think like a CFO Specialization
76,TensorFlow: Advanced Techniques Specialization
77,"Data Engineering, Big Data, and Machine Learning on GCP Specialization"
78,Mathematics for Machine Learning Specialization
79,Modern and Contemporary Art and Design Specialization
80,Agile Development Specialization
81,Career Success Specialization
82,U.S. Federal Taxation Specialization
83,The Business of Music Production Specialization
84,The Business of Health Care Specialization
85,Practical Data Science on the AWS Cloud Specialization
86,Risk Management Specialization
87,Music Production Specialization
88,Google Cloud Database Engineer Specialization
89,Architecting with Google Compute Engine Specialization
90,Global Procurement and Sourcing Specialization
91,Entrepreneurship: Growing Your Business Specialization
92,Six Sigma Yellow Belt Specialization
93,The DIY Musician Specialization
94,Algorithms Specialization
95,"Influencing: Storytelling, Change Management and Governance Specialization"
96,Applied Data Science with R Specialization
97,Geographic Information Systems  (GIS) Specialization
98,Decentralized Finance (DeFi): The Future of Finance Specialization
99,Project Management & Other Tools for Career Development Specialization
100,Project Management Principles and Practices Specialization
101,Java Programming and Software Engineering Fundamentals Specialization
102,MATLAB Programming for Engineers and Scientists Specialization
103,Design Thinking Specialization
104,Architecting with Google Kubernetes Engine Specialization
105,Security in Google Cloud Specialization
106,Leading People and Teams Specialization
107,Coding for Everyone: C and C++ Specialization
108,Developing Applications with Google Cloud Specialization
109,Real-World Product Management Specialization
110,Pricing Strategy Optimization Specialization
111,Networking in Google Cloud Specialization
112,Academic English: Writing Specialization
113,Introduction to Cyber Security Specialization
114,Business Data Management and Communication Specialization
115,Intellectual Property Law Specialization
116,The Singer Songwriter Specialization
117,AI for Medicine Specialization
118,Mergers and Acquisitions  Specialization
119,Dynamic Public Speaking Specialization
120,Supply Chain Analytics Specialization
121,Six Sigma Black Belt Specialization
122,Strategic Leadership and Management Specialization
123,Music Education for Teachers Specialization
124,Project Management Specialization
125,User Experience Research and Design Specialization
126,Good with Words: Writing and Editing Specialization
127,Drug Development Product Management Specialization
128,Excel Skills for Data Analytics and Visualization Specialization
129,"Food Sustainability, Mindful Eating, and Healthy Cooking Specialization"
130,Web Design for Everybody: Basics of Web Development & Coding Specialization
131,Microsoft Azure Fundamentals AZ-900 Exam Prep Specialization
132,Business Value and Project Management Specialization
133,Clinical Trials Operations Specialization
134,Investment Management with Python and Machine Learning Specialization
135,Data Analysis with R Specialization
136,Excel to MySQL: Analytic Techniques for Business Specialization
137,Bayesian Statistics Specialization
138,Data Science Foundations: Data Structures and Algorithms Specialization
139,Biostatistics in Public Health  Specialization
140,Algorithms for Battery Management Systems Specialization
141,"Effective Communication: Writing, Design, and Presentation Specialization"
142,Financial Management Specialization
143,Game Design: Art and Concepts Specialization
144,Neuroscience and Neuroimaging Specialization
145,Electronic Music Production Specialization
146,Branding: The Creative Journey Specialization
147,Six Sigma Green Belt Specialization
148,Excel/VBA for Creative Problem Solving Specialization
149,Business Statistics and Analysis Specialization
150,People and Soft Skills for Professional and Personal Success Specialization
151,"Songwriting: Writing, Arranging, and Producing Music Specialization"
152,Culture-Driven Team Building Specialization
153,Investment Management Specialization
154,Object Oriented Programming in Java Specialization
155,Fundamentals of Accounting  Specialization
156,Databases for Data Scientists Specialization
157,PostgreSQL for Everybody Specialization
158,Medical Terminology Specialization
159,Advanced Data Science with IBM Specialization
160,Probabilistic Graphical Models  Specialization
161,FPGA Design for Embedded Systems Specialization
162,School Health for Children and Adolescents Specialization
163,Statistical Analysis with R for Public Health Specialization
164,Music Business  Specialization
165,Healthcare IT Support Specialization
166,Practical Guide to Trading Specialization
167,Introduction to Logic and Critical Thinking Specialization
168,Blockchain Specialization
169,Software Design and Architecture Specialization
170,Climate Change and Sustainable Investing Specialization
171,Functional Programming in Scala Specialization
172,Microsoft Azure Data Fundamentals DP-900 Exam Prep Specialization
173,Financial Technology (Fintech) Innovations Specialization
174,Business Strategies for A Better World Specialization
175,Machine Learning on Google Cloud Specialization
176,Integrative Health and Medicine Specialization
177,Futures Thinking Specialization
178,Finance for Technical Managers Specialization
179,"TESOL Certificate, Part 2: Teach English Now! Specialization"
180,Introduction to Discrete Mathematics for Computer Science Specialization
181,Core Java Specialization
182,Engineering Project Management Specialization
183,Bioinformatics Specialization
184,Cybersecurity Attack and Defense Fundamentals Specialization
185,Organizational Leadership Specialization
186,Inspirational Leadership: Leading with Sense Specialization
187,Photography Basics and Beyond: From Smartphone to DSLR Specialization
188,Omnichannel Retail Strategy Specialization
189,Renewable Energy Specialization
190,Become an EMT Specialization
191,Market Research Specialization
192,Transforming the Fashion Business Specialization
193,"GIS, Mapping, and Spatial Analysis Specialization"
194,Trading Strategies in Emerging Markets Specialization
195,Healthcare Law Specialization
196,Web Applications for Everybody Specialization
197,Inspired Leadership Specialization
198,Marketing Strategy Specialization
199,Health Informatics Specialization
200,Robotics Specialization
201,Management Consulting Specialization
202,Machine Learning Specialization
203,Professional Skills for the Workplace Specialization
204,Introduction to Computer Science and Programming Specialization
205,C# Programming for Unity Game Development Specialization
206,Artificial Intelligence: an Overview Specialization
207,Embedding Sensors and Motors Specialization
208,Expressway to Data Science: Essential Math Specialization
209,Everyday Excel Specialization
210,C Programming with Linux Specialization
211,Blockchain Revolution in Financial Services Specialization
212,The Pronunciation of American English Specialization
213,Managing Cybersecurity Specialization
214,Digital Manufacturing & Design Technology  Specialization
215,Epidemiology in Public Health Practice Specialization
216,Social Media Marketing Specialization
217,Managerial Economics and Business Analysis  Specialization
218,Sustainability Analyst Fundamentals Specialization
219,Interaction Design Specialization
220,Introductory C Programming Specialization
221,Learn English: Intermediate Grammar Specialization
222,How to Play Guitar Specialization
223,Spring Framework Specialization
224,Investment and Portfolio Management Specialization
225,Coaching Skills for Managers Specialization
226,Data Visualization & Dashboarding with R Specialization
227,Business Analytics Specialization
228,An Introduction to Programming the Internet of Things (IOT) Specialization
229,Software Testing and Automation Specialization
230,Linux and Private Cloud Administration on IBM Power Systems Specialization
231,Power Electronics Specialization
232,Microsoft Azure AI Fundamentals AI-900 Exam Prep Specialization
233,Cybersecurity Specialization
234,Cancer Biology Specialization
235,"Strategic Leadership: Impact, Change, and Decision-Making Specialization"
236,Learn Chinese: HSK Test Preparation Specialization
237,Abnormal Psychology Specialization
238,Business English Communication Skills Specialization
239,Statistics with Python Specialization
240,Conflict Management Specialization
241,Big Data Specialization
242,Robotic Process Automation (RPA) Specialization
243,Healthcare Organization Operations Specialization
244,Data Mining  Specialization
245,"Python, Bash and SQL Essentials for Data Engineering Specialization"
246,Supply Chain Finance and Blockchain Technology Specialization
247,Oracle SQL Databases Specialization
248,Machine Learning for Trading Specialization
249,Software Development Lifecycle Specialization
250,Autodesk CAD/CAM/CAE for Mechanical Engineering Specialization
251,Design of Experiments Specialization
252,Creativity and AI Specialization
253,Strategic Management and Innovation Specialization
254,"Hotel Management: Distribution, Revenue and Demand Management Specialization"
255,Introduction to Business Specialization
256,Entrepreneurial Finance: Strategy and Innovation Specialization
257,Learning Linux for LFCA Certification Specialization
258,Getting started with Google Workspace Specialization
259,First Principles of Computer Vision Specialization
260,Machine Learning and Reinforcement Learning in Finance Specialization
261,"Negotiation, Mediation and Conflict Resolution Specialization"
262,Fundamentals of Computing Specialization
263,Executive Data Science Specialization
264,Django for Everybody Specialization
265,Social Media Marketing in Practice Specialization
266,Agile Leadership Specialization
267,Palliative Care Always Specialization
268,Fundamentals of Flight mechanics Specialization
269,Leading: Human Resource Management and Leadership Specialization
270,Data Warehousing for Business Intelligence Specialization
271,FinTech: Finance Industry Transformation and Regulation Specialization
272,Digital Signal Processing Specialization
273,Data Science: Statistics and Machine Learning Specialization
274,"Introduction to Biology: Ecology, Evolution, & Biodiversity Specialization"
275,Introduction to Financial Accounting: The Accounting Cycle Specialization
276,Good with Words: Speaking and Presenting Specialization
277,Fundamentals of Immunology Specialization
278,Gender Analytics: Gender Equity through Inclusive Design Specialization
279,Data Science Foundations: Statistical Inference Specialization
280,Real-World Engineering Management Specialization
281,Hands-on Internet of Things Specialization
282,International Business Essentials Specialization
283,Qualitative Research Design and Methods for Public Health Specialization
284,"Organizational Leadership in Diversity, Equity & Inclusion Specialization"
285,Survey Data Collection and Analytics  Specialization
286,The Fundamentals of Personal Finance Specialization
287,Financial Reporting Specialization
288,Salesforce Fundamentals Specialization
289,Advanced Statistics for Data Science Specialization
290,How to Start Your Own Business Specialization
291,Patient Safety Specialization
292,Uncommon Sense Teaching Specialization
293,Advanced Business Analytics Specialization
294,Digital Fashion Innovation Specialization
295,Competitive Strategy and Organization Design Specialization
296,Computer Security and Systems Management Specialization
297,Business English for Non-Native Speakers Specialization
298,Cloud Computing Law Specialization
299,"Project Management: Tools, Approaches, Behavioural Skills  Specialization"
300,Optical Engineering Specialization
301,Android App Development Specialization
302,Introduction to Public Relations and the Media Specialization
303,Cloud-Native Development with OpenShift and Kubernetes Specialization
304,Developing Your Musicianship Specialization
305,Innovation: From Creativity to Entrepreneurship Specialization
306,C++ Programming for Unreal Game Development Specialization
307,Mathematics for Engineers Specialization
308,Marketing Mix Implementation Specialization
309,TensorFlow: Data and Deployment Specialization
310,Content Strategy for Professionals Specialization
311,Digital Marketing Strategy and Planning Specialization
312,Organizational Change and Culture for Adopting Google Cloud Specialization
313,Foundations of Global Health Specialization
314,Essentials of Corporate Finance Specialization
315,Python for Cybersecurity Specialization
316,Object Oriented Java Programming: Data Structures and Beyond Specialization
317,Integrative Nursing Specialization
318,Accounting Data Analytics Specialization
319,Habilidades Gerenciales  Specialization
320,Become a Journalist: Report the News! Specialization
321,Introduction to Electricity and Magnetism Specialization
322,Modern Big Data Analysis with SQL Specialization
323,Clinical Data Science Specialization
324,Diseño y Gestión de Proyectos de Desarrollo Specialization
325,Memoir and Personal Essay: Write About Yourself Specialization
326,Improving Leadership & Governance in Nonprofit Organizations Specialization
327,Game Design and Development with Unity 2020 Specialization
328,Health Information Literacy for Data Analytics Specialization
329,Systems Biology and Biotechnology Specialization
330,TensorFlow 2 for Deep Learning Specialization
331,Digital Transformation in Financial Services Specialization
332,Digital Transformation Using AI/ML with Google Cloud Specialization
333,Data Science with Databricks for Data Analysts Specialization
334,Healthcare Marketplace Specialization
335,Online Learning  Design for Educators Specialization
336,Statistical Thermodynamics Specialization
337,User Interface Design Specialization
338,JavaScript for Beginners Specialization
339,Immunology: The Immune System and its Failures Specialization
340,Image Processing for Engineering and Science Specialization
341,Autodesk CAD/CAM for Manufacturing Specialization
342,"Data Engineering, Big Data and ML on Google Cloud 日本語版 Specialization"
343,Adapting: Career Development Specialization
344,Claves de la Dirección de Empresas Specialization
345,European Business Law  Specialization
346,Information​ ​Systems Specialization
347,IBM AI Enterprise Workflow Specialization
348,Programming in C++: A Hands-on Introduction Specialization
349,The Teacher and Social and Emotional Learning (SEL) Specialization
350,Business English Specialization
351,Value-Based Care Specialization
352,Marketing with TikTok Specialization
353,Vital Skills for Data Science Specialization
354,Building Cloud Computing Solutions at Scale Specialization
355,International Marketing & Cross Industry Growth  Specialization
356,Building No-Code Apps with AppSheet Specialization
357,CAD and Digital Manufacturing Specialization
358,Palliative Care: It's Not Just Hospice Anymore Specialization
359,Plant Bioinformatic Methods Specialization
360,3D Printing and Additive Manufacturing Specialization
361,Implementación del Marketing Mix Specialization
362,Learn English: Advanced Grammar and Punctuation Specialization
363,Leverage Data Science for a More Agile Supply Chain Specialization
364,Art for Games  Specialization
365,Getting Started with Google Workspace en Español Specialization
366,Career Self-Management Training and Certification Specialization
367,Introduction to Scripting in Python Specialization
368,Market Research Specialization
369,Administración de Proyectos: Principios Básicos Specialization
370,AI in Healthcare Specialization
371,The Art of Sales: Mastering the Selling Process Specialization
372,Self-Driving Cars Specialization
373,Anatomy Specialization
374,Learn English: Beginning Grammar Specialization
375,IELTS Preparation Specialization
376,"Modern Robotics:  Mechanics, Planning, and Control Specialization"
377,Extended Reality for Everybody Specialization
378,Algebra: Elementary to Advanced Specialization
379,Business and Marketing Strategies Specialization
380,Digital Technologies and the Future of Manufacturing  Specialization
381,Web3 and Blockchain in Global Commerce Specialization
382,Fundraising and Development Specialization
383,Become a Sustainable Business Change Agent Specialization
384,Interviewing and Resume Writing in English Specialization
385,Learn Mandarin Chinese Specialization
386,Newborn Baby Care Specialization
387,商务基础 (中文版) Specialization
388,Scrum Master Certification Specialization
389,Programming with Google Go Specialization
390,Sports Performance Analytics Specialization
391,Learn Spanish: Basic Spanish Vocabulary Specialization
392,Blockchain Revolution Specialization
393,Creating Business Value with Data and Looker Specialization
394,TOEFL Preparation Specialization
395,Foundations of Public Health Practice Specialization
396,Computational Social Science Specialization
397,"Energy Production, Distribution & Safety Specialization"
398,Digitalisation in Aeronautics and Space Specialization
399,Introducción a la inteligencia artificial Specialization
400,Digital Health Specialization
401,Sales Operations/Management Specialization
402,The Art of Visual Storytelling Specialization
403,Advanced Leadership Skills for the 21st Century Specialization
404,Advanced Embedded Linux Development Specialization
405,Strategic Thinking for Everyone Specialization
406,Professional Selling: 3 Steps to High-Performance Specialization
407,GPU Programming Specialization
408,Healthy and Sustainable Foods and Products Specialization
409,Communication For Everyone  Specialization
410,Principles of Leadership: Leading Technical Teams Specialization
411,"Diversity, Equity, and Inclusion for Organizational Leaders Specialization"
412,Home-Based Child Care Specialization
413,Deep Learning for Healthcare Specialization
414,Google Data Analytics Professional Certificate
415,Google Project Management: Professional Certificate
416,IBM Data Science Professional Certificate
417,Google UX Design Professional Certificate
418,Google IT Support Professional Certificate
419,IBM Data Analyst Professional Certificate
420,Google Digital Marketing & E-commerce Professional Certificate
421,IBM DevOps and Software Engineering Professional Certificate
422,IBM Full Stack Software Developer Professional Certificate
423,IBM Data Engineering Professional Certificate
424,IBM Data Analytics with Excel and R Professional Certificate
425,IBM Cybersecurity Analyst Professional Certificate
426,Google Advanced Data Analytics Professional Certificate
427,IBM Back-End Development Professional Certificate
428,IBM Applied AI Professional Certificate
429,Meta Front-End Developer Professional Certificate
430,IBM IT Support  Professional Certificate
431,Google IT Automation with Python Professional Certificate
432,IBM Data Warehouse Engineer Professional Certificate
433,IBM AI Engineering Professional Certificate
434,IBM Applied DevOps Engineering Professional Certificate
435,Meta Social Media Marketing Professional Certificate
436,Intuit Academy Bookkeeping Professional Certificate
437,DeepLearning.AI TensorFlow Developer Professional Certificate
438,Meta Back-End Developer Professional Certificate
439,Meta iOS Developer Professional Certificate
440,Google Business Intelligence Professional Certificate
441,Meta Android Developer Professional Certificate
442,Meta Database Engineer Professional Certificate
443,Análisis de Datos de Google Professional Certificate
444,SAP Technology Consultant  Professional Certificate
445,Gestión de Proyectos de Google Professional Certificate
446,AWS Cloud Solutions Architect  Professional Certificate
447,Arizona State University TESOL Professional Certificate
448,Salesforce Sales Operations Professional Certificate
449,Diseño de Experiencia del Usuario (UX) de Google Professional Certificate
450,Preparing for Google Cloud Certification: Machine Learning Engineer Professional Certificate
451,Preparing for Google Cloud Certification: Cloud Data Engineer Professional Certificate
452,Preparing for Google Cloud Certification: Cloud Architect Professional Certificate
453,Google Data Analytics (PT) Professional Certificate
454,Preparing for Google Cloud Certification: Cloud Engineer Professional Certificate
455,Análise de marketing da Meta Professional Certificate
456,Preparing for Google Cloud Certification: Cloud DevOps Engineer Professional Certificate
457,Preparing for Google Cloud Certification: Cloud Developer Professional Certificate
458,Preparing for Google Cloud Certification: Cloud Security Engineer Professional Certificate
459,Preparing for Google Cloud Certification: Cloud Network Engineer Professional Certificate
460,PwC GST Taxation Executive  Professional Certificate
461,Salesforce Sales Development Representative Professional Certificate
462,SAS Programmer Professional Certificate
463,Google UX Design (PT) Professional Certificate
464,Google Project Management (PT) Professional Certificate
465,Microsoft Azure Data Scientist Associate (DP-100)  Professional Certificate
466,Google Data Analytics Professional Certificate
467,Google Project Management Professional Certificate
468,Google データアナリティクス Professional Certificate
469,Tally Bookkeeper Professional Certificate
470,تحليلات البيانات من Google Professional Certificate
471,SAS Visual Business Analytics Professional Certificate
472,Google UX Design Professional Certificate
473,Palo Alto Networks Cybersecurity Professional Certificate
474,Google IT Support (Deutsch)  Professional Certificate
475,Google IT Support Professional Certificate
476,Google Project Management (DE) Professional Certificate
477,Marketing en redes sociales de Meta Professional Certificate
478,Preparing for Google Cloud Certification: Cloud Data Engineer Professional Certificate 日本語版 Professional Certificate
479,Analitik Data Google Professional Certificate
480,Google Data Analytics (DE) Professional Certificate
481,IBM Machine Learning Professional Certificate
482,Microsoft Azure Data Engineering Associate (DP-203) Professional Certificate
483,IBM Mainframe Developer Professional Certificate
484,Google Cloud Digital Leader Training Professional Certificate
485,IBM z/OS Mainframe Practitioner Professional Certificate
486,Soporte de Tecnologías de la Información de Google Professional Certificate
487,Suporte em TI do Google Professional Certificate
488,Meta AR Developer  Professional Certificate
489,Google Professional Workspace Administrator Professional Certificate
490,SAS Advanced Programmer Professional Certificate
491,Goodwill® Career Coach and Navigator Professional Certificate
492,Bases de Inteligencia Artificial para Todos Professional Certificate
493,Desarrollador back-end de Meta Professional Certificate
494,UCI Project Management Professional Certificate
495,Pre-MBA Statistics
496,Automation Business Analysis - Concepts and Principles
497,Probability & Statistics for Machine Learning & Data Science
498,Excellence in Online Teaching
499,Diversité et inclusion sur le lieu de travail 
500,A Blueprint for Success – Your Video Pre-Production
501,Design Thinking: Insights to Inspiration 
502,Become a CBRS Certified Professional Installer by Google
503,Introduction to Statistics
504,Diversity and inclusion in the workplace
505,Instructional Design Foundations and Applications
506,Project Practicum with Multiple Projects
507,The Science of Well-Being for Teens
508,Introduction to Systematic Review and Meta-Analysis
509,Impact Measurement & Management for the SDGs
510,Introduction to Healthcare
511,Project Execution
512,Fundamentals of Finance
513,Social Psychology
514,Primeros Auxilios Psicológicos (PAP)
515,AI Fundamentals for Non-Data Scientists
516,Wine Tasting: Sensory Techniques for Wine Analysis
517,"Cybersecurity Roles, Processes & Operating System Security"
518,Introduction to Cybersecurity Foundations
519,Managing Emotions in Times of Uncertainty & Stress
520,Object-Oriented Data Structures in C++
521,Cybersecurity for Everyone
522,ESG Risks and Opportunities
523,AI & Law 
524,Removing Barriers to Change
525,Corporate Strategy 
526,Managerial Accounting Fundamentals
527,Emotional Intelligence: Cultivating Immensely Human Interactions
528,"Advanced Valuation and Strategy - M&A, Private Equity, and Venture Capital"
529,Antibiotic Stewardship 
530,Introduction to Dental Medicine
531,Driving business towards the Sustainable Development Goals
532,Positive Psychiatry and Mental Health 
533,Global Diplomacy: the United Nations in the World
534,Étudier en France: French Intermediate course B1-B2
535,Everyday Parenting: The ABCs of Child Rearing
536,Introduction to Electronics
537,AI For Everyone （すべての人のためのAIリテラシー講座）
538,Economics of Money and Banking
539,Introduction to Scrum Master Training
540,Kotlin for Java Developers
541,Site Reliability Engineering: Measuring and Managing Reliability
542,Electric Industry Operations and Markets
543,Moral Foundations of Politics 
544,Principles of Sustainable Finance 
545,Cybersecurity Compliance Framework & System Administration
546,Spanish for Successful Communication in Healthcare Settings
547,Nuts and Bolts of U.S. Immigration Law
548,Introduction to Philosophy
549,"FinTech: Foundations, Payments, and Regulations"
550,"The Sustainable Development Goals – A global, transdisciplinary vision for the future"
551,American Contract Law I
552,Gender and Sexuality: Diversity and Inclusion in the Workplace
553,Weight Management: Beyond Balancing Calories
554,Understanding Einstein: The Special Theory of Relativity
555,Understanding Research Methods
556,Fundamentals of Engineering Exam Review
557,Introduction to Engineering Mechanics
558,Getting Started with Go
559,Leading Diverse Teams & Organizations
560,Corporate Sustainability. Understanding and Seizing the Strategic Opportunity 
561,Industrial Biotechnology
562,Suicide Prevention
563,FinTech Law and Policy
564,U.S. Taxation of International Transactions
565,Introduction to Sustainability
566,International Security Management
567,Introduction to Chemistry:  Reactions and Ratios
568,Strategy and Sustainability
569,Python Basics
570,L'excellence opérationnelle en pratique 
571,AI Applications in Marketing and Finance
572,Reporting extra-financier et stratégie RSE
573,Développement psychologique de l'enfant
574,Business Sustainability in the Circular Economy
575,Introduction to Systems Engineering
576,African development – from the past to the present
577,Corporate & Commercial Law I: Contracts & Employment Law
578,Auditing I: Conceptual Foundations of Auditing
579,"Innovation Through Design: Think, Make, Break, Repeat"
580,International Law in Action: the Arbitration of International Disputes
581,Blockchain: Foundations and Use Cases
582,Precision Medicine
583,Introduction to Forensic Science
584,Customer Segmentation and Prospecting
585,Fundamentals of Machine Learning for Healthcare
586,Introduction to English Common Law
587,A Law Student's Toolkit
588,Essentials of Global Health
589,ESG and Climate Change
590,International Organizations Management 
591,Ordered Data Structures
592,Transgender Medicine for General Medical Providers
593,Malware Analysis and Introduction to Assembly Language
594,21st Century Energy Transition: how do we make it work?
595,Entrepreneurship Strategy: From Ideation to Exit
596,Big History: Connecting Knowledge
597,"AI, Business & the Future of Work"
598,Sports Marketing
599,Curanderismo: Traditional Healing Using Plants
600,Financial Acumen for Non-Financial Managers
601,Making Architecture
602,Equine Welfare and Management
603,Machine Learning for All
604,Introduction to Quantum Information
605,Foundations for Assisting in Home Care
606,Engineering Health: Introduction to Yoga and Physiology
607,Queering Identities: LGBTQ+ Sexuality and Gender Identity
608,Aboriginal Worldviews and Education
609,Scrum Master Certification: Scrum Methodologies
610,Sustainable Fashion
611,Medical Terminology I
612,Banking and Financial Institutions
613,Introduction to Back-End Development
614,Politics and Economics of International Energy
615,Finding Purpose and Meaning In Life: Living for What Matters Most
616,Central Banks and Monetary Policy
617,Leading Healthcare Quality and Safety
618,"Computers, Waves, Simulations: A Practical Introduction to Numerical Methods using Python"
619,Introduction to Clinical Data
620,"The Modern World, Part Two: Global History since 1910"
621,Word Forms and Simple Present Tense
622,ESG Impact: Investor Perspective
623,"Federal Taxation I: Individuals, Employees, and Sole Proprietors"
624,Machine Translation
625,Feminism and Social Justice
626,Introduction to Portfolio Construction and Analysis with Python
627,Introduction to Comparative Indo-European Linguistics
628,Linear Circuits 1: DC Analysis
629,Deep Neural Networks with PyTorch
630,Introduction to Economic Theories
631,Security & Safety Challenges in a Globalized World
632,AI Strategy and Governance
633,The Science of Stem Cells
634,Nutrition and Lifestyle in Pregnancy
635,Introduction to Self-Driving Cars
636,Business Models For Sustainability
637,"Leading for Equity, Diversity and Inclusion in Higher Education"
638,Introduction to Chemistry:  Structures and Solutions
639,Building AI Powered Chatbots Without Programming
640,Leading transformations: Manage change
641,Cyber Security Fundamentals
642,Diversity and Inclusion in Education
643,Teach English Now! Foundational Principles
644,Formal Financial Accounting
645,Marketing Digital en Acción
646,Storytelling and influencing: Communicate with impact
647,Influencer Marketing Strategy
648,AI For Everyone
649,Supervised Machine Learning: Regression and Classification 
650,"Foundations: Data, Data, Everywhere"
651,Foundations of Project Management
652,Leadership Skills
653,Technical Support Fundamentals
654,Foundations of User Experience (UX) Design
655,Ask Questions to Make Data-Driven Decisions
656,Indigenous Canada
657,Financial Markets
658,Advanced Learning Algorithms
659,The Science of Well-Being
660,Foundations of Digital Marketing and E-commerce
661,Project Initiation: Starting a Successful Project
662,Neural Networks and Deep Learning
663,The Bits and Bytes of Computer Networking
664,Prepare Data for Exploration
665,Introduction to Psychology 
666,Introduction to Cybersecurity Tools & Cyber Attacks
667,What is Data Science? 
668,Fundamentals of Project Planning and Management
669,"Start the UX Design Process: Empathize, Define, and Ideate"
670,Linear Algebra for Machine Learning and Data Science
671,"HTML, CSS, and Javascript for Web Developers"
672,Introduction to Data Analytics
673,Writing in the Sciences
674,"Unsupervised Learning, Recommenders, Reinforcement Learning"
675,Process Data from Dirty to Clean
676,OKR Certification: Leadership and Goal Setting
677,Psychological First Aid
678,Foundations of Data Science
679,Stanford Introduction to Food and Health
680,Successful Negotiation: Essential Strategies and Skills
681,Project Planning: Putting It All Together
682,Tools for Data Science
683,"Python for Data Science, AI & Development"
684,Foundations of Business Intelligence
685,Private Equity and Venture Capital
686,Operating Systems and You: Becoming a Power User
687,Programming for Everybody (Getting Started with Python)
688,Attract and Engage Customers with Digital Marketing
689,Analyze Data to Answer Questions
690,Natural Language Processing with Classification and Vector Spaces
691,"Improving Deep Neural Networks: Hyperparameter Tuning, Regularization and Optimization"
692,Bookkeeping Basics
693,Agile Project Management
694,Agile with Atlassian Jira
695,Crash Course on Python
696,Organizational Analysis 
697,Business Analytics with Excel: Elementary to Advanced
698,SQL for Data Science
699,"Brand Management: Aligning Business, Brand and Behaviour"
700,Introduction to Artificial Intelligence (AI)
701,Get Started with Python
702,Game Theory
703, System Administration and IT Infrastructure Services
704,Artificial Intelligence in Marketing
705,Project Execution: Running the Project
706,Excel Basics for Data Analysis
707,AWS Cloud Practitioner Essentials
708,Share Data Through the Art of Visualization
709,Introduction to Negotiation: A Strategic Playbook for Becoming a Principled and Persuasive Negotiator
710,Introduction to Cloud Computing
711,Introduction to Machine Learning in Production
712,The Strategy of Content Marketing
713,"Introduction to TensorFlow for Artificial Intelligence, Machine Learning, and Deep Learning"
714,Connected Leadership
715,Management of Fashion and Luxury Companies
716,Child Nutrition and Cooking
717,Data Analysis with R Programming
718,Learning How to Learn: Powerful mental tools to help you master tough subjects
719,Overcoming Dyslexia
720,Viral Marketing and How to Craft Contagious Content
721,Convolutional Neural Networks
722,SQL: A Practical Introduction for Querying Databases
723,Reducing Gun Violence in America: Evidence for Change
724,Structuring Machine Learning Projects
725, IT Security: Defense against the digital dark arts 
726,Build Wireframes and Low-Fidelity Prototypes
727,First Step Korean
728,Human Resources Analytics
729,Fundamentals of Quantitative Modeling
730,Understanding the Brain: The Neurobiology of Everyday Life
731,ITIL 4 Exam Preparation
732,Introduction to User Experience Design 
733,Introduction to Social Media Marketing
734,Medical Neuroscience
735,Databases and SQL for Data Science with Python
736,Data Science Methodology
737,Excel Skills for Business: Essentials
738,Machine Learning with Python
739,Sequence Models
740,Global Diplomacy – Diplomacy in the Modern World
741,Introduction to Financial Accounting
742,Introduction to Front-End Development
743,Principles of Management
744,Food & Beverage Management
745,Google Data Analytics Capstone: Complete a Case Study
746,From Likes to Leads: Interact with Customers Online
747,Python Project for Data Science
748,Cryptography I
749,An Introduction to American Law
750,Marketing Analytics
751,Introductory Human Physiology
752,International Women's Health and Human Rights
753,Machine Learning Foundations for Product Managers
754,Introduction to Psychology
755,Capstone: Applying Project Management in the Real World
756,Write Professional Emails in English
757,Introduction to Marketing
758,Narrative Economics
759,Data Analysis with Python
760,Gamification
761,Digital Product Management: Modern Fundamentals
762,The Path to Insights: Data Models and Pipelines
763,Learn to Program: The Fundamentals
764,Python Data Structures
765,Behavioral Finance
766,Calculus for Machine Learning and Data Science
767,Introduction to Data Engineering
768,Finance for Non-Finance Professionals
769,Essentials in Clinical Simulations Across the Health Professions
770,Microeconomics Principles
771,Forensic Accounting and Fraud Examination
772,Design and Interpretation of Clinical Trials
773,Customer Analytics
774,"Introduction to Financial Analysis - The ""Why?"""
775,AWS Cloud Technical Essentials
776,Conduct UX Research and Test Early Concepts
777,Customer Service Fundamentals
778,Data Management for Clinical Research
779,Fundamentals of Graphic Design
780,Build Basic Generative Adversarial Networks (GANs)
781,English for Career Development
782,Project Launch
783,Introduction to Calculus
784,Natural Language Processing with Probabilistic Models
785,Computational Thinking for Problem Solving
786,Data Visualization and Dashboards with Excel and Cognos
787,Introduction to Python Programming
788,Assets in Accounting
789,Doing more with Google Sheets
790,Contabilidad para no contadores 
791,Convolutional Neural Networks in TensorFlow
792,Go Beyond the Numbers: Translate Data into Insights
793,Animal Behaviour and Welfare
794,Understanding Clinical Research: Behind the Statistics
795,Introduction to Mathematical Thinking
796,Circular Economy - Sustainable Materials Management
797,Addiction Treatment: Clinical Skills for Healthcare Providers
798,Machine Learning Data Lifecycle in Production 
799,"Information Systems Auditing, Controls and Assurance"
800,Python and Statistics for Financial Analysis
801,Build a Modern Computer from First Principles: From Nand to Tetris (Project-Centered Course)
802,Introduction to DevOps
803,International Humanitarian Law in Theory and Practice 
804,Think Outside the Inbox: Email Marketing
805,Introduction to Software Engineering
806,Introduction to Medical Software
807,Introduction to Finance: The Basics
808,Natural Language Processing with Attention Models
809,Introduction to Technical Support 
810,Entrepreneurship 1: Developing the Opportunity
811,Vital Signs: Understanding What the Body Is Telling Us
812,International Leadership and Organizational Behavior
813,An Introduction to Consumer Neuroscience & Neuromarketing 
814,Create High-Fidelity Designs and Prototypes in Figma
815,Improving Communication Skills
816,The Manager's Toolkit: A Practical Guide to Managing People at Work
817,Health Behavior Change: From Evidence to Action
818,Programming with JavaScript
819,Clinical Terminology for International and U.S. Students
820,Réussir le Changement
821,Positive Psychology: Martin E. P. Seligman’s Visionary Science
822,"Aspectos básicos: Datos, datos, en todas partes"
823,Fundamentals of Reinforcement Learning
824,Dino 101: Dinosaur Paleobiology
825,Fundamentos de la gestión de proyectos
826,Introducción a la programación en Python I: Aprendiendo a programar con Python
827,Fundamentals of Music Theory
828,Oil & Gas Industry Operations and Markets 
829,Data Visualization with Python
830,Sales and CRM Overview
831,Mathematics for Machine Learning: Linear Algebra
832,Introduction to Corporate Finance
833,How to Manage a Remote Team
834,Construction Project Management
835,Science of Exercise
836,"Sequences, Time Series and Prediction"
837,Supply Chain Principles
838,SAP Professional Fundamentals
839,Visualizing the Living Body: Diagnostic Imaging
840,A Crash Course in Causality:  Inferring Causal Effects from Observational Data
841,Excel Skills for Business: Intermediate I
842,Natural Language Processing in TensorFlow
843,Write A Feature Length Screenplay For Film Or Television
844,ADHD: Everyday Strategies for Elementary Students
845,Financial Accounting Fundamentals
846,Introduction to Programming with MATLAB
847,Using Python to Access Web Data
848,Dog Emotion and Cognition
849,"Introduction to Web Development with HTML, CSS, JavaScript"
850,Analyze Datasets and Train ML Models using AutoML
851,Terrorism and Counterterrorism: Comparing Theory and Practice
852,"Speak English Professionally: In Person, Online & On the Phone"
853,Assess for Success: Marketing Analytics and Measurement
854,English for Journalism
855,The Power of Statistics
856,Visual Elements of User Interface Design
857,Work Smarter with Microsoft Excel
858,Supply Chain Logistics
859,Teamwork Skills: Communicating Effectively in Groups
860,Exploratory Data Analysis for Machine Learning
861,"Penetration Testing, Incident Response and Forensics"
862,Version Control
863,Work Smarter with Microsoft Word
864,Arts and Heritage Management
865,Innovation Management
866,Introduction to Spreadsheets and Models
867,Wind Energy
868,AI for Medical Diagnosis
869,Accounting: Principles of Financial Accounting
870,Write Your First Novel
871,Social Media Management 
872,"Decisions, Decisions: Dashboards and Reports"
873,COVID-19 Contact Tracing
874,Camino a la Excelencia en Gestión de Proyectos
875,Introduction to Hardware and Operating Systems
876,Introduction to Embedded Systems Software and Development Environments
877,Introduction to Financial Engineering and Risk Management
878,English for Business and Entrepreneurship
879,Natural Language Processing with Sequence Models
880,Design Thinking for the Greater Good: Innovation in the Social Sector
881,What is Compliance?
882,Hands-on Introduction to Linux Commands and Shell Scripting
883,Getting Started with AI using IBM Watson
884,Microsoft Power Platform Fundamentals
885,Machine Learning Introduction for Everyone
886,Financing and Investing in Infrastructure
887,"Divide and Conquer, Sorting and Searching, and Randomized Algorithms"
888,Modern Art & Ideas
889,Fundamentals of Technology Sales
890,Creative Writing: The Craft of Plot
891,Miracles of Human Language: An Introduction to Linguistics
892,Liabilities and Equity in Accounting
893,Biology Meets Programming: Bioinformatics for Beginners
894,The Business of Product Management I
895,Autodesk Certified Professional: AutoCAD for Design and Drafting Exam Prep
896,Solar Energy Basics
897,Learning to Teach Online
898,Introduction to Deep Learning & Neural Networks with Keras
899,Network Security & Database Vulnerabilities 
900,Digital Transformation
901,Project Management: Foundations and Initiation
902,Responsive Web Design in Adobe XD
903,Marketing Digital
904,Using Python to Interact with the Operating System
905,The Arts and Science of Relationships: Understanding Human Needs
906,"Make the Sale: Build, Launch, and Manage E-commerce Stores"
907,Diversity and Inclusion for HR Professionals
908,Instructional Methods in Health Professions Education
909,Schizophrenia
910,Inclusive Leadership: The Power of Workplace Diversity
911,Managing the Company of the Future
912,Foundations of Business Strategy
913,Introduction to Google SEO
914,Implant Dentistry
915,Healing with the Arts
916,Introduction to Data Science in Python
917,People Analytics
918,Six Sigma Principles 
919,"Excel/VBA for Creative Problem Solving, Part 1"
920,Fundamentals of Visualization with Tableau
921,Operational Research for Humanitarians
922,Introduction to Probability and Data with R
923,Business Model Innovation
924,Data-Driven Decisions with Power BI
925,Greek and Roman Mythology
926,Getting Started with Git and GitHub
927,Agile Meets Design Thinking
928,Google SEO Fundamentals
929,Introduction to Cyber Attacks
930,Introduction to Agile Development and Scrum
931,Excel Fundamentals for Data Analysis
932,Creative Thinking: Techniques and Tools for Success
933,Mastering Final Cut Pro
934,Introduction to Public Speaking
935,Children's Human Rights - An Interdisciplinary Introduction
936,Data-driven Decision Making
937,Cost and Economics in Pricing Strategy
938,Aspectos básicos del diseño de la experiencia del usuario
939,Nutrición y obesidad: control de sobrepeso
940,Positive Psychology 
941,Security Principles
942,Understanding Plants - Part I: What a Plant Knows
943,Science Literacy 
944,Machine Learning Modeling Pipelines in Production
945,Design a User Experience for Social Good & Prepare for Jobs
946,Social Impact Strategy: Tools for Entrepreneurs and Innovators
947,The Art of Music Production
948,Introduction to Risk Management
949,Initiating and Planning Projects
950,"Custom Models, Layers, and Loss Functions with TensorFlow"
951,Algorithmic Toolbox
952,Introduction to Computer Vision and Image Processing
953,Preparing to Manage Human Resources
954,Deploying Machine Learning Models in Production
955,Introduction to Genetics and Evolution
956,Rebuilding Our Relationship with Food
957,Introduction to Web Development
958,Cyber Threat Intelligence
959,Google Cloud Fundamentals: Core Infrastructure
960,Regression Analysis: Simplify Complex Data Relationships
961,Fundamentals of GIS
962,The Horse Course: Introduction to Basic Care and Management
963,Foundations of Health Equity Research
964,CompTIA Exam Prep
965,In the Studio: Postwar Abstract Painting
966,Bases de la planification et de la gestion de projet
967,Satisfaction Guaranteed: Develop Customer Loyalty Online
968,Computational Neuroscience
969,Using Databases with Python
970,Astronomy: Exploring Time and Space
971,Financial Planning for Young Adults
972,Process Mining: Data science in Action
973,Bugs 101: Insect-Human Interactions
974,Applied Data Science Capstone
975,Introduction to Environmental Law and Policy
976,Writing and Editing: Word Choice and Word Order
977,Code Yourself! An Introduction to Programming
978,Introduction to Machine Learning
979,The Cycle: Management of Successful Arts and Cultural Organizations
980,Getting Started with SAS Programming
981,Earth Economics
982,Product Management Essentials
983,"Algorithms for Searching, Sorting, and Indexing"
984,Econometrics: Methods and Applications
985,Operations Analytics
986,Containerized Applications on AWS
987,Data Science Math Skills
988,Global Financing Solutions  (by EDHEC and Société Générale)
989,React Basics
990,Probabilistic Graphical Models 1: Representation
991,Introduction to Enterprise Computing
992,ChatGPT for Beginners: Using AI For Market Research
993,Getting Started with Power BI Desktop
994,Coding for Beginners: An Easy Introduction
995,ChatGPT for Beginners: SciFi Writing with Dall-e
996,Curso Completo de Power BI Desktop
997,Excel for Beginners: Pivot Tables
998,Cloud SQL for MySQL: Qwik Start
999,Migrating to Cloud SQL from Amazon RDS for MySQL Using Database Migration Service
1000,Cloud Spanner - Defining Schemas and Understanding Query Plans
1001,Configure Replication and Enable Point-in-Time-Recovery for Cloud SQL for PostgreSQL
1002,Migrate to Cloud SQL for PostgreSQL using Database Migration Service
1003,Connect an App to a Cloud SQL for PostgreSQL Instance
1004,Cloud Spanner - Loading Data and Performing Backups
1005,Deploy a Modern Web App connected to a Cloud Spanner Instance
1006,A Tour of Google Cloud Hands-on Labs
1007,Migrating On-premises MySQL Using a Continuous Database Migration Service Job
1008,Securing a Cloud SQL for PostgreSQL Instance
1009,Visual Perception for Self-Driving Cars
1010,Introduction to Data Analytics for Business
1011,Writing Winning Resumes and Cover Letters
1012,Fundamentals of Investing
1013,Verb Tenses and Passives
1014,Spanish Vocabulary: Careers and Social Events
1015,"Introduction to CAD, CAM, and Practical CNC Machining"
1016,AI For Medical Treatment
1017,Introduction to Corporate Finance
1018,Algorithmic Toolbox
1019,Fundamentals of Machine Learning for Healthcare
1020,Regression Models
1021,EMT Foundations
1022,Culminating Project in Health Informatics
1023,Managing Network Security
1024,Digital Transformation
1025,Programming for the Internet of Things Project
1026,"Twitter, LinkedIn, and YouTube Marketing"
1027,Capstone - Managing Board Change for Higher Levels of Leadership and Governance Effectiveness 
1028,Statistics for Genomic Data Science
1029,Getting Started with Go
1030,Exploratory Data Analysis for Machine Learning
1031,Introduction to Typography
1032,The Measure Phase for the 6 σ Black Belt
1033,Taxation of Business Entities I: Corporations
1034,Gestión con enfoque en riesgos en proyectos de desarrollo
1035,Roadmap to Success in Digital Manufacturing & Design 
1036,Economics and Policies of Climate Change
1037,Medical Terminology III
1038,IELTS Listening and Speaking Sections Skills Mastery
1039,Advanced Styling with Responsive Design
1040,Design and Build a Data Warehouse for Business Intelligence Implementation
1041,Building High-Performing Teams
1042,Supply Chain Optimization
1043,The Data Science of Health Informatics
1044,Statistics for International Business
1045,Business Transformation with Google Cloud
1046,Introduction to Big Data
1047,Financing for Startup Businesses
1048,Value-Based Care: Quality Improvement in Organizations
1049,Artificial Intelligence and legal issues
1050,"Work Smarter, Not Harder: Time Management for Personal & Professional Productivity"
1051,Evaluating User Interfaces
1052,Decentralized Finance (DeFi) Infrastructure
1053,Machine Learning Algorithms with R in Business Analytics
1054,FinTech Risk Management
1055,Google Docs
1056,Startup Valuation Methods
1057,Research Instruments and Research Hypotheses
1058,C Programming: Getting Started - 1
1059,Algebra: Elementary to Advanced - Functions & Applications
1060,Build personal resilience
1061,Google Drive
1062,Supply Chain Planning
1063,Cyber Attack Countermeasures
1064,Foundations of Business Strategy
1065,Intermediate Grammar Project
1066,Data Structures
1067,JSON and Natural Language Processing in PostgreSQL
1068,Positive Psychology: Applications and Interventions
1069,Data Science in Real Life
1070,Simple Regression Analysis in Public Health 
1071,Managing Cybersecurity Incidents and Disasters
1072,Digital Fashion Industry
1073,Salesforce Capstone: Organization Integration
1074,Advanced Application Management with Red Hat OpenShift
1075,International Marketing & Cross Industry Growth Capstone Project  
1076,Project Planning and Execution
1077,Value-Based Care: Introduction to Value-Based Care and the U.S. Healthcare System
1078,Patent Law
1079,Meeting Investors' Goals
1080,Fundraising and Development Foundations
1081,Clinical Data Models and Data Quality Assessments
1082,Combinatorics and Probability
1083,Graph Analytics for Big Data
1084,La gestión de los riesgos y la administración de los cambios en el proyecto
1085,Natural Language Processing with Probabilistic Models
1086,Robotics: Aerial Robotics
1087,Introduction to Java and Object-Oriented Programming
1088,"Credential Access, discovery, lateral movement & collection"
1089,SQL for Data Science Capstone Project
1090,"Comparing Genes, Proteins, and Genomes (Bioinformatics III)"
1091,Introduction to Systems Biology
1092,Linux Server Management and Security
1093,A Blueprint for Success – Your Video Pre-Production
1094,Leading Organizations
1095,Applied Text Mining in Python
1096,Launch Strategy: 5 Steps to Capstone Experience
1097,Google Cloud Fundamentals: Core Infrastructure
1098,3D Printing Hardware
1099,Design Thinking: Ideas to Action
1100,Construction Scheduling
1101,Introduction to User Experience Principles and Processes
1102,Explore Core Data Concepts in Microsoft Azure
1103,Computational Methods in Pricing and Model Calibration
1104,Google Meet
1105,Fundamentals of Finance
1106,"Sustainable Business: Big Issues, Big Changes"
1107,Software Product Management Capstone
1108,Strategic Procurement and Sourcing Conclusions
1109,Data Visualization with Advanced Excel
1110,Object-Oriented Hierarchies in Java
1111,Developing Cloud Native Applications
1112,History of Mental Illness
1113,Moneyball and Beyond
1114,European Business Law: Competing in Europe
1115,Digital Forensics Essentials (DFE)
1116,Convolutional Neural Networks
1117,Management Fundamentals
1118,Advanced Writing
1119,Fundamentals of International Business
1120,Strategic Career Self-Management
1121,FPGA Capstone:  Building FPGA Projects
1122,Hypothesis Testing in Public Health 
1123,Project: Writing a Research Paper
1124,Magnetics for Power Electronic Converters
1125,Google Sheets - Advanced Topics
1126,Scripting with Python and SQL for Data Engineering
1127,Advanced Manufacturing Enterprise
1128,Project Management: The Basics for Success
1129,Speaking to inform:  Discussing complex ideas with clear explanations and dynamic slides
1130,The Roles and Responsibilities of Nonprofit Boards of Directors within the Governance Process
1131,Copyright Law in the Music Business
1132,Advanced Grammar & Punctuation Project
1133,Principles of Computing (Part 2)
1134,Marketing Mix Implementation Capstone 
1135,Wharton Entrepreneurship Capstone
1136,Modern Data Warehouse Analytics in Microsoft Azure
1137,Optimize ML Models and Deploy Human-in-the-Loop Pipelines
1138,Inteligencia artificial: proyecto final
1139,Artificial Creativity
1140,Forex - Trading Around the World
1141,Building Your Leadership Skills
1142,AWS Cloud Technical Essentials
1143,"Modern Robotics, Course 4:  Robot Motion Planning and Control"
1144,"Divide and Conquer, Sorting and Searching, and Randomized Algorithms"
1145,Aromatherapy: Clinical Use of Essential Oils
1146,Diseño de Proyectos de Desarrollo
1147,"Career planning: Your career, your life"
1148,Solución de problemas y toma de decisiones
1149,Tools for Data Science
1150,The Control Phase for the 6 σ Black Belt
1151,Linux System Administration with IBM Power Systems
1152,Google Cloud Fundamentals: Core Infrastructure
1153,Design Patterns
1154,Human Resources Management Capstone: HR for People Managers
1155,Principles of Photo Composition and Digital Image Post-Production
1156,Google Sheets - Advanced Topics en español
1157,Sensor Manufacturing and Process Control
1158,Machine Learning: Regression
1159,Inclusive Analytic Techniques
1160,Autodesk Fusion 360 Integrated CAD/CAM/CAE
1161,Introduction to Clinical Data Science
1162,"Data Wrangling, Analysis and AB Testing with SQL"
1163,"Execution, persistence, privilege escalation and evasion"
1164,Understanding Financial Statements: Company Position
1165,Excel Power Tools for Data Analysis
1166,"Functions, Methods, and Interfaces in Go"
1167,Introduction to Software Testing
1168,"Everyday Excel, Part 1"
1169,Ordered Data Structures
1170,Training and Learning Programs for Volunteer Community Health Workers
1171,Designing the Organization
1172,Cloud Data Engineering
1173,Developing a Google SRE Culture
1174,Project Management Project
1175,Entrepreneurship 4: Financing and Profitability
1176,"Custom Models, Layers, and Loss Functions with TensorFlow"
1177,Factorial and Fractional Factorial Designs
1178,Applied AI with DeepLearning
1179,A Technical Leader's Qualities and Effectiveness
1180,Mathematical Biostatistics Boot Camp 2
1181,Managerial Economics and Business Analysis Capstone
1182,International Marketing Entry and Execution
1183,Build Better Generative Adversarial Networks (GANs)
1184,Noun Clauses and Conditionals
1185,Machine Learning: Classification
1186,Leading Teams: Building Effective Team Cultures
1187,"Intro to AR/VR/MR/XR: Technologies, Applications & Issues"
1188,Career Self-Management Advanced Certification
1189,Brand New Brand
1190,Writing Stories About Ourselves
1191,Managing the Organization
1192,Cryptocurrency and Blockchain: An Introduction to Digital Currencies
1193,Critical Thinking Skills for the Professional
1194,Social Media and Digital Marketing Fundamentals
1195,Functional Programming Principles in Scala
1196,Introduction to Cloud Computing
1197,Planned Giving
1198,Measuring the Success of a Patient Safety or Quality Improvement Project (Patient Safety VI)
1199,Financial Accounting: Advanced Topics
1200,Immunology: Immune System and Infectious Diseases
1201,Public Speaking and Presentations 
1202,"Medical Emergencies: CPR, Toxicology, and Wilderness"
1203,Design Thinking for Innovation
1204, Supervised Machine Learning: Classification
1205,Effective Business Presentations with Powerpoint
1206,Python Project for Data Science
1207,Introduction to Management Consulting
1208,Firm Level Economics: Consumer and Producer Behavior
1209,Designing the Organization
1210,Intermediate Object-Oriented Programming for Unity Games
1211,Introduction to Python Programming
1212,Healthcare Data Models
1213,Storytelling and influencing: Communicate with impact
1214,"Image Segmentation, Filtering, and Region Analysis"
1215,"Defining Diversity, Equity and Inclusion in Organizations"
1216,Building a Data Science Team
1217,"Excel/VBA for Creative Problem Solving, Part 1"
1218,The Art of Negotiation
1219,Positive Psychology Specialization Project: Design Your Life for Well-being
1220,Managing Project Risks and Changes
1221,Renewable Energy Projects
1222,Multiple Regression Analysis in Public Health 
1223,Exploratory Data Analysis
1224,Decision-Making: Blending Art & Science
1225,Building Web Applications in Django
1226,Operations Analytics
1227,Java Programming: Build a Recommendation System
1228,Healthcare Organizations and the Health System
1229,Introduction to Supply Chain Finance & Blockchain Technology
1230,RPA Basics and Introduction to UiPath
1231,Symptom Management in Palliative Care
1232,User Experience: Research & Prototyping
1233,C for Everyone: Programming Fundamentals
1234,Executive Data Science Capstone
1235,Data Science Methodology
1236,Risk Management in Personal Finance
1237,Fashion Retail Transformation
1238,Leading Change in Health Informatics
1239,Apache Spark (TM) SQL for Data Analysts
1240,Financial Forecasting and Reporting
1241,Oracle Database Platform
1242,Building Resilient Streaming Analytics Systems on Google Cloud
1243,Web3 and Blockchain Transformations in Global Supply Chains
1244,Inventory Management
1245,Strategic Organization Design
1246,Accounting for Business Decision Making: Measurement and Operational Decisions
1247,Principles of Computing (Part 1)
1248,Reinforcement Learning for Trading Strategies
1249,Strategic Management
1250,Sustainable Consumption and Health
1251,Engineering Design Process with Autodesk Fusion 360
1252,"Photography Techniques: Light, Content, and Sharing"
1253,Algebra: Elementary to Advanced - Equations & Inequalities
1254,Introduction to Early Childhood
1255,Python Data Structures
1256,Construction Project Management
1257,Machine Learning Data Lifecycle in Production 
1258,Data Mining Project
1259,"Smart Analytics, Machine Learning, and AI on GCP 日本語版"
1260,Business English: Making Presentations
1261,High-Impact Business Writing
1262,Introduction to Power Electronics
1263,Advanced Portfolio Construction and Analysis with Python
1264,Mandarin Chinese 1: Chinese for Beginners
1265,What is Financial Accounting?
1266,Marketing Strategy Capstone Project
1267,Managing the Organization
1268,IoT Cloud
1269,"Forecasting, Budgeting, Territories, Evaluation and Legal/Ethical Issues"
1270,Hardware Description Languages for FPGA Design
1271,Hardware Security
1272,Business English: Final Project
1273,Online teaching: Using Zoom to connect with learners 
1274,Understanding User Needs
1275,More on Change and Sustainability
1276,Speaking and Presenting: Pitches and Persuasion
1277,Gestión del talento humano
1278,DFSS for the 6 σ Black Belt
1279,Spatial Analysis and Satellite Imagery in a GIS
1280,Product Management Essentials
1281,Take Your English Communication Skills to the Next Level
1282,Value-Based Care: Capstone Project
1283,Software Processes and Agile Practices
1284,Interview Research and Preparation
1285,Ready to Roll – The Video Production Process
1286,Operations and Patient Safety for Healthcare IT Staff
1287,Speaking and Presenting: Conversation Starters
1288,FinTech Disruptive Innovation: Implications for Society
1289,Six Sigma Principles 
1290,"Anatomy: Gastrointestinal, Reproductive and Endocrine Systems"
1291,Positioning: What you need for a successful Marketing Strategy
1292,Data Visualization with Tableau Project
1293,European Business Law: Understanding the Fundamentals
1294,"Positive Psychology: Character, Grit and Research Methods"
1295,Career Success Project
1296,Six Sigma Advanced Analyze Phase
1297,Questionnaire Design for Social Surveys
1298,Cybersecurity Compliance Framework & System Administration
1299,Introduction to Integrative Nursing
1300,Cloud Computing Law: Data Protection and Cybersecurity
1301, Advanced Topics in Derivative Pricing
1302,Molecular Evolution (Bioinformatics IV)
1303,Introduction to Mobile Development
1304,World Design for Video Games
1305,Physics 102 - Electric Potential and DC Circuits
1306,Why Smart Executives Fail: Common Mistakes & Warning Signs
1307,"FinTech: Foundations, Payments, and Regulations"
1308,Taking Safety and Quality Improvement Work to the Next Level (Patient Safety VII)
1309,Managing Change when Moving to Google Cloud
1310,Implementación del Marketing Mix Proyecto Capstone
1311,Guitar for Beginners
1312,Algebra: Elementary to Advanced - Polynomials and Roots
1313,Essential Google Cloud Infrastructure: Core Services
1314,Differential Equations for Engineers
1315,Natural Creativity
1316,Coaching Practices
1317,Digital Marketing Capstone
1318,Fundamentals of Graphic Design
1319,Working with Data
1320,The Growth Mindset
1321,"Surveillance Systems: Analysis, Dissemination, and Special Systems"
1322,Applied Data Science Capstone
1323,Introduction to R Programming for Data Science
1324,Creating Toolpaths for a CNC Lathe
1325,Retail Digital Supply Chain
1326,Foundations of Public Health Practice: The Public Health Approach
1327,Country Level Economics: Macroeconomic Variables and Markets
1328,Introduction to Biology: Ecology
1329,Guitar for Beginners
1330,Healthcare Marketplace Capstone
1331,Programming with JavaScript
1332,Object Oriented Programming in Java
1333,The Art of Music Production
1334,Wharton Business Foundations Capstone
1335,Major and Principal Gifts
1336,Six Sigma and the Organization (Advanced)
1337,Annual Campaigns: Building a Case for Support
1338,Google Cloud Fundamentals: Core Infrastructure
1339,Introduction to Corporate Finance
1340,Marketing: Customer Needs and Wants
1341,Finance of Mergers and Acquisitions: Designing an M&A Deal
1342,International B2B (Business to Business) Marketing
1343,Google Slides en Español
1344,Federal Taxation II: Property Transactions of Business Owners and Shareholders
1345,Genomic Data Science and Clustering (Bioinformatics V)
1346,Songwriting: Writing the Music
1347,Supply Chain Operations
1348,Six Sigma Advanced Improve and Control Phases
1349,Architecting with Google Kubernetes Engine: Workloads
1350,Data Science as a Field
1351,Network Analysis in Systems Biology
1352,Advanced Interviewing Techniques
1353,Bring Your Story to Life – Video Post-Production
1354,IoT Networking
1355,Agile Planning for Software Products
1356,Healthcare Data Literacy
1357,Understanding Financial Markets
1358,Applying Data Analytics in Marketing
1359,Statistics for Data Science with Python
1360,Managing an Agile Team
1361,"Excel/VBA for Creative Problem Solving, Part 2"
1362,Developing Data Models with LookML
1363,Teach English Now! Capstone Project 2
1364,Human Factors in AI
1365,Input and Interaction
1366,Six Sigma Advanced Define and Measure Phases
1367,Robotics: Estimation and Learning
1368,Networking in Google Cloud: Hybrid Connectivity and Network Management
1369,Intro to International Marketing
1370,Artificial Intelligence: An Overview
1371,Getting Started with Git and GitHub
1372,Understanding TikTok and Its Users
1373,Essential Design Principles for Tableau
1374,Effective Compliance Programs
1375,Customising your models with TensorFlow 2
1376,Healthcare Marketplace
1377,"Excel/VBA for Creative Problem Solving, Part 3 (Projects)"
1378,Supply Chain Management Strategy
1379,Accounting Analysis I: The Role of Accounting as an Information System
1380,Teaching Popular Music in the Classroom
1381,Managing Employee Performance
1382,Design your own trading strategy – Culminating Project
1383,Digital Media and Marketing Principles
1384,Introduction to Game Design
1385,Finding Mutations in DNA and Proteins (Bioinformatics VI)
1386,Experimental Methods in Systems Biology
1387,Supporting Families and Caregivers
1388,Introduction to Hardware and Operating Systems
1389,Introduction to Business Analytics with R
1390,Probability Theory: Foundation for Data Science
1391,Data Analysis with Python
1392,ESG Impact: Investor Perspective
1393,Prediction Models with Sports Data
1394,Planning your Client's Wealth over a 5-year Horizon
1395,Market Risk Management: Frameworks & Strategies
1396,Ethical Issues in Data Science
1397,Easing Physical Symptoms: It's Not Just Hospice Anymore
1398,Arranging for Songwriters
1399,Web Application Technologies and Django
1400,Solving Problems with Creative and Critical Thinking
1401,Sales Force Management
1402,"Professional development: Improve yourself, always"
1403,Financial Accounting Fundamentals
1404,Business Transformation with Google Cloud
1405,Lessons on Wisdom: Personal Leadership for Your Life
1406,Robotics: Computational Motion Planning
1407,The Role of Global Capital Markets
1408,Marketing on TikTok
1409,Identifying Patient Populations
1410,Fitting Statistical Models to Data with Python
1411,Positive Psychology: Martin E. P. Seligman’s Visionary Science
1412,Digitalisation in Space Research
1413,Perspective-Taking
1414,Drug Discovery 
1415,Battery Pack Balancing and Power Estimation
1416,Social Marketing Capstone Project
1417,"Musicianship: Chord Charts, Diatonic Chords, and Minor Keys"
1418,The Define Phase for the 6 σ Black Belt
1419,Capstone: Your Story
1420,SEL for Students: A Path to Social Emotional Well-Being
1421,Applied Machine Learning in Python
1422,Overview of Advanced Methods of Reinforcement Learning in Finance
1423,Teach English Now! Foundational Principles
1424,Statistical Inference for Estimation in Data Science
1425,Statistical Inference and Hypothesis Testing in Data Science Applications
1426,Cryptography
1427,Information Design
1428,Fashion Systems
1429,"Data Warehouse Concepts, Design, and Data Integration"
1430,"Developing AR/VR/MR/XR Apps with WebXR, Unity & Unreal"
1431,Brand Identity and Strategy
1432,"Conjunctions, Connectives, and Adverb Clauses"
1433,Introduction to CSS3
1434,Software Development Processes and Methodologies
1435,Introduction to Machine Learning in Sports Analytics
1436,Understanding and Visualizing Data with Python
1437,Managing Talent
1438,Analyzing and Visualizing Data in Looker
1439,Excel Fundamentals for Data Analysis
1440,"ETL and Data Pipelines with Shell, Airflow and Kafka"
1441,Analysis and Interpretation of Data
1442,Agile Leadership: Introduction to Change
1443,"Create video, audio and infographics for online learning "
1444,Singing Popular Music
1445,Investments I: Fundamentals of Performance Evaluation
1446,The Business of Product Management I
1447,Agile Software Development
1448,Applied Data Science for Data Analysts
1449,Financial Analysis of Scenarios and Decisions
1450,Functional Programming in Scala Capstone
1451,Understanding and Strengthening Health Systems
1452,Understanding Financial Statements: Company Performance
1453,Types of Conflict
1454,Content Strategy for Professionals: Engaging Audiences
1455,Big Data - Capstone Project
1456,Inferential Statistics
1457,Fundamentals of Scalable Data Science
1458,Uncommon Sense Teaching
1459,Delivery Problem
1460,Creating Behavioral Change
1461,Decentralized Applications (Dapps)
1462,Agile Meets Design Thinking
1463,Flight Mechanics - Anemobarometry
1464,Improving Communication Skills
1465,AI Workflow: Data Analysis and Hypothesis Testing
1466,Design Thinking: Discovery Tools
1467,Cognición encarnada
1468,Foundations of Red Hat Cloud-native Development
1469,Introduction to Artificial Intelligence (AI)
1470,Creating a Team Culture of Continuous Learning
1471,"Healthy Practices: Nutrition, Physical Activity, and Community and Family Participation"
1472,Financial Acumen for Non-Financial Managers
1473,"High Performance Collaboration: Leadership, Teamwork, and Negotiation"
1474,Linux System Programming and Introduction to Buildroot
1475,Fundamentals of Management
1476,"Engineering Project Management: Risk, Quality, Teams, and Procurement"
1477,Introduction to Corporate Finance
1478,Statistical Inference
1479,Financial Analysis of Organizations
1480,Game Design and Development 3: 3D Shooter
1481,Life Cycle Assessment
1482,Generative Deep Learning with TensorFlow
1483,Value-Based Care: Organizational Competencies
1484,AI Strategy and Governance
1485,Digital Product Management: Modern Fundamentals
1486,Negotiation skills: Negotiate and resolve conflict
1487,Managing Big Data with MySQL
1488,"Journalism, the future, and you!"
1489,Experiencing Design: Deepening Your Design Thinking Practice
1490,Successful Presentation
1491,Getting Started with Data Visualization in R
1492,Java Programming: Solving Problems with Software
1493,Simple Past Tense
1494,"Big Data, Artificial Intelligence, and Ethics"
1495,Supply Chain Analytics
1496,"Smart Analytics, Machine Learning, and AI on Google Cloud"
1497,Blockchain and Business
1498,Leading Positive Change through Appreciative Inquiry
1499,"Negotiation, Mediation, and Conflict Resolution - Capstone Project"
1500,Strategy Formulation
1501,Recording in Journals & Posting in Ledgers
1502,Competitive Strategy and Organization Design Project
1503,Enterprise Systems
1504,Success
1505,Bayesian Statistics: From Concept to Data Analysis
1506,Access Control Concepts
1507,Advanced Data Structures in Java
1508,Qualitative Data Collection Methods
1509,"Unsupervised Learning, Recommenders, Reinforcement Learning"
1510,Introduction to Business Analytics: Communicating with Data 
1511,Network Defense Essentials (NDE)
1512,Mastering the Software Engineering Interview
1513,SQL for Data Science
1514,Derivatives - Options & Futures
1515,Digital Signal Processing 1: Basic Concepts and Algorithms
1516,Finance for Managers
1517,Mandarin Chinese 3: Chinese for Beginners
1518,Innovating with Data and Google Cloud
1519,Creating Sounds for Electronic Music
1520,Qualitative Research
1521,Quantitative Foundations for International Business
1522,Project Management: Beyond planning and control
1523,"Imagery, Automation, and Applications"
1524,3D Printing Software
1525,Business English: Basics
1526,Python Basics
1527,"Conversations That Inspire: Coaching Learning, Leadership and Change"
1528,Corporate Strategy
1529,Introduction to Python for Cybersecurity 
1530,Preparing for AI-900: Microsoft Azure AI Fundamentals exam
1531,"Cloud Virtualization, Containers and APIs"
1532,Tools for Exploratory Data Analysis in Business
1533,Feature Engineering
1534,Leading People and Teams Capstone
1535,Developing a Leadership Framework
1536,Converter Control
1537,Copyright Law
1538,Version Control
1539,Inheritance and Data Structures in Java
1540,Business Strategies for Social Impact
1541,Command Line Tools for Genomic Data Science
1542,Build Basic Generative Adversarial Networks (GANs)
1543,Supply Chain Analytics Essentials
1544,"Modern Robotics, Course 2:  Robot Kinematics"
1545,Python for Active Defense
1546,Essentials of Palliative Care
1547,Mindfulness in Integrative Healthcare
1548,Python and Machine Learning for Asset Management 
1549,Essential Epidemiologic Tools for Public Health Practice
1550,La gestión de personas y equipos
1551,Digital Transformation of Financial Services - Capstone Project
1552,Transformational Leadership for Inclusive Innovation
1553,Getting Started With Application Development
1554,Managing an Agile Team
1555,Organisational behaviour: Know your people
1556,What is Data Science? 
1557,Managing Debt
1558,Concept Art for Video Games
1559,Optimizing Diversity on Teams
1560,Object-Oriented Data Structures in C++
1561,Animation with JavaScript and jQuery
1562,Summary Statistics in Public Health 
1563,Bayesian Statistics: Mixture Models
1564,"Introduction to Data, Signal, and Image Analysis with MATLAB"
1565,CUDA Advanced Libraries
1566,Project Execution and Control
1567,Gestión del canal de distribución y retailing    
1568,Advanced Data Visualization with R
1569,Apply Generative Adversarial Networks (GANs)
1570,Leading transformations: Manage change
1571,Excel Skills for Business: Advanced
1572,Competitive Strategy
1573,Introduction to Financial Engineering and Risk Management
1574,Integral Calculus and Numerical Analysis for Data Science
1575,Term-Structure and Credit Derivatives 
1576,Administración de Proyectos Project
1577,Computational Social Science Capstone Project
1578,Think Again III: How to Reason Inductively
1579,"Writing, Running, and Fixing Code in C"
1580,Cybersecurity Capstone Project
1581,Finance of Mergers and Acquisitions: Valuation and Pricing
1582,Intelligent Machining
1583,Developing an Agile Team
1584,Plant Bioinformatics Capstone
1585,Brand and Product Management
1586,Ethical Hacking Essentials (EHE)
1587,"Response Surfaces, Mixtures, and Model Building"
1588,"Python Project: pillow, tesseract, and opencv"
1589,Infonomics II: Business Information Management and Measurement
1590,Data Science with R - Capstone Project
1591,Credit Risk Management: Frameworks and Strategies
1592,Introduction to Genomic Technologies
1593,A Complete Reinforcement Learning System (Capstone)
1594,Engineering Project Management: Initiating and Planning
1595,Engineering Practices for Building Quality Software
1596,Capstone: Build a Winning Investment Portfolio
1597,Safety in the Utility Industry 
1598,AI Workflow: Feature Engineering and Bias Detection
1599,Database Management Essentials
1600,Jazz Improvisation
1601,"Providing Social, Emotional, Behavioral, and Special Education Services in School"
1602,Practical Machine Learning
1603,Salesforce Basics
1604,Design and Implementation of Digital Health Interventions 
1605,"Healthcare Data Security, Privacy, and Compliance"
1606,FinTech Security and Regulation (RegTech)
1607,3D Reconstruction - Multiple Viewpoints
1608,Manufacturing Process with Autodesk Fusion 360
1609,Business Analytics Capstone
1610,Organization Planning and Development for the 6 σ Black Belt
1611,Framework for Data Collection and Analysis
1612,Foundations for Big Data Analysis with SQL
1613,Grammar and Punctuation
1614,"Anatomy: Cardiovascular, Respiratory and Urinary Systems"
1615,Introduction to Cyber Attacks
1616,Business Metrics for Data-Driven Companies
1617,"Teach English Now! Second Language Reading, Writing, and Grammar "
1618,Product Cost and Investment Cash Flow Analysis 
1619,Intellectual Property in the Healthcare Industry
1620,"Java Programming: Arrays, Lists, and Structured Data"
1621,Marketing estratégico: claves para competir con éxito
1622,Channel Management and Retailing 
1623,Design Thinking: Insights to Inspiration 
1624,Accounting: Principles of Financial Accounting
1625,Databases and SQL for Data Science with Python
1626,Innovating with the Business Model Canvas
1627,Structuring Machine Learning Projects
1628,Developing An Entrepreneurial Mindset: First Step Towards Success 
1629,Python Classes and Inheritance
1630,"Engineering Project Management: Scope, Time and Cost Management"
1631,User Experience & Interaction Design for AR/VR/MR/XR
1632,"Cybersecurity Roles, Processes & Operating System Security"
1633,"Diversity, Equity, and Inclusion Best Practices for Managers"
1634,Microsoft Azure Machine Learning
1635,International Entertainment and Sports Marketing
1636,Data Manipulation in JavaScript
1637,Marketing Mix Fundamentals
1638,The Importance of Listening
1639,DevOps on AWS: Operate and Monitor
1640,Corruption
1641,Getting Started with Essay Writing
1642,Introduction to Neurohacking In R
1643,Oracle Database Foundations
1644,Managing Machine Learning Projects
1645,Digital Twins
1646,The Outcomes and Interventions of Health Informatics
1647,First Steps in Making the Business Case for Sustainability
1648,Building No-Code Apps with AppSheet: Foundations
1649,State Estimation and Localization for Self-Driving Cars
1650,Content Strategy for Professionals: Managing Content
1651,Features and Boundaries
1652,"Content, Advertising & Social IMC"
1653,"Everyday Excel, Part 2"
1654,Optical Efficiency and Resolution
1655,Healthcare Data Quality and Governance
1656,Relational Database Design
1657,Introduction to Data Science in Python
1658,Understanding Cancer Metastasis
1659,Interfacing with the Raspberry Pi
1660,Strategic Self-Marketing and Personal Branding
1661,Blockchain Opportunity Analysis
1662,"Python for Data Science, AI & Development"
1663,Object Oriented Programming in Java
1664,Project Initiation and Planning
1665,Accounting for Mergers and Acquisitions: Advanced Topics
1666,Work Smarter with Microsoft Excel
1667,Lean Software Development
1668,Linear Algebra for Machine Learning and Data Science
1669,Building Your Career in Music: Developing A Brand and Funding Your Music
1670,Ethics of Artificial Intelligence
1671,Innovation: From Creativity to Entrepreneurship Capstone
1672,Numerical Methods for Engineers
1673,Análisis de situaciones de negocio
1674,Camera and Imaging
1675,Strategic Management - Capstone Project
1676,A Crash Course in Data Science
1677,Digital Strategy and Business Opportunity
1678,Arranging for Songwriters
1679,Market Research and Consumer Behavior
1680,Entrepreneurship 2: Launching your Start-Up
1681,Data Collection and Processing with Python
1682,Introduction to Portfolio Construction and Analysis with Python
1683,Developing Data Products
1684,Capstone (React App)
1685,"Managing Asthma, Allergies, Diabetes, and Seizures in School"
1686,Sales Operations: Final Project
1687,Collaborate Effectively for Professional Success
1688,Setting the Stage for Success: An Eye on Safety Culture and Teamwork (Patient Safety II)
1689,Creative Writing: The Craft of Style
1690,Best Practices in Planning DE&I Interventions
1691,Wearable Technologies and Sports Analytics
1692,Organizational Behavior: How to Manage People
1693,Introduction to Object-Oriented Programming with Java
1694,Investment Banking: Financial Analysis and Valuation
1695,Advanced Content and Social Tactics to Optimize SEO
1696,CUDA at Scale for the Enterprise
1697,Predictive Modeling and Analytics 
1698,Robotics: Mobility
1699,Software Architecture
1700,Information Gathering and Vetting
1701,Women in Leadership: Inspiring Positive Change
1702,Creating Dashboards and Storytelling with Tableau
1703,Customer Value in Pricing Strategy
1704,Content Strategy for Professionals: Expanding Your Content’s Reach
1705,Management Skills for International Business
1706,Quality Improvement in Healthcare Organizations
1707,Cómputo evolutivo
1708,Game Design and Development 4: 3D Platformer
1709,Consonants of American English Pronunciation
1710,Introduction to Agile Development and Scrum
1711,Introduction to Blockchain Technologies
1712,Advanced Machine Learning and Signal Processing
1713,DevOps on AWS: Release and Deploy
1714,Elastic Google Cloud Infrastructure: Scaling and Automation
1715,Capstone: Analyzing (Social) Network Data
1716,Mathematics for Machine Learning: Multivariate Calculus
1717,Accounting: Principles of Financial Accounting
1718,Immunology: Adaptive Immune System
1719,Black-box and White-box Testing
1720,Mathematics for Machine Learning: PCA
1721,Machine Learning Foundations: A Case Study Approach
1722,Probability & Statistics for Machine Learning & Data Science
1723,Security Best Practices in Google Cloud
1724,Neural Networks and Deep Learning
1725,Intermediate Object-Oriented Programming for Unreal Games
1726,Getting Started with Data Warehousing and BI Analytics
1727,Linux Embedded System Topics and Projects
1728,Chinese for HSK 3 PART I
1729,Architecting with Google Kubernetes Engine: Production
1730,"Python for Data Science, AI & Development"
1731,Managing Security in Google Cloud
1732,Cloud Computing Law: Transactions
1733,"Graph Search, Shortest Paths, and Data Structures"
1734,Guided Tour of Machine Learning in Finance
1735,Databases and SQL for Data Science with Python
1736,Designing for Sustainment: Keeping Improvement Work on Track (Patient Safety IV)
1737,English for Effective  Business Writing
1738,Digital Marketing Analytics in Theory
1739,Introduction to UI Design
1740,Human-Centered Design for Inclusive Innovation
1741,Physics 102 - AC Circuits and Maxwell's Equations
1742,User Research and Design
1743,Tricky English Grammar
1744,Getting started with TensorFlow 2
1745,Supply Chain Sourcing
1746,The Power of Team Culture
1747,Introduction to the Internet of Things and Embedded Systems
1748,Foundations of Public Health Practice: Behaviour & Behaviour Change
1749,Investment Banking: M&A and Initial Public Offerings
1750,Inspiring Leadership through Emotional Intelligence
1751,Saving Money for the Future
1752,Advanced Learning Algorithms
1753,"Lending, Crowdfunding, and Modern Investing"
1754,Entrepreneurship II: Preparing for Launch
1755,Introduction to GIS Mapping
1756,Data Visualization and Communication with Tableau
1757,Combining Scrum with Other Agile Methodologies
1758,Chinese for HSK 1
1759,Introduction to Structured Query Language (SQL)
1760,Machine Learning Modeling Pipelines in Production
1761,Creative Writing: The Craft of Character
1762,SQL for Data Science with R
1763,Java Programming: Solving Problems with Software
1764,Evaluations of AI Applications in Healthcare
1765,Building Batch Data Pipelines on GCP 日本語版
1766,Infrastructure and Application Modernization with Google Cloud
1767,3D Model Creation with Autodesk Fusion 360
1768,Natural Language Processing with Sequence Models
1769,IoT Devices
1770,Digital Product Management: Modern Fundamentals
1771,Pro Tools Basics
1772,GIS Data Acquisition and Map Design
1773,Challenges of Leading Technical Teams
1774,Word Forms and Simple Present Tense
1775,Smart Contracts
1776,Writing and Editing: Structure and Organization
1777,Linux Basics: The Command Line Interface - 6
1778,Consulting Presentations and Storytelling
1779,Spanish Vocabulary Project
1780,Music Business Foundations
1781,Introduction to Food and Our Environment
1782,CAPSTONE: Your Leadership Challenge
1783,"Everyday Excel, Part 3 (Projects)"
1784,Razonamiento artificial
1785,Portfolio Selection and Risk Management
1786,Medical Terminology II
1787,Custom and Distributed Training with TensorFlow
1788,Advanced Data Science Capstone
1789,Reinforcement Learning in Finance
1790,Business English: Networking
1791,AI Workflow: AI in Production
1792,Web3 and Blockchain Leadership for Transformation
1793,Fundamentals of Immunology: Death by Friendly Fire
1794,Coaching Conversations
1795,Machine Learning: an overview
1796,Trading Basics
1797,Seeing Through Photographs
1798,Computational Social Science Methods
1799,Natural Language Processing with Classification and Vector Spaces
1800,Advanced Algorithms and Complexity
1801,Introduction to Programming with MATLAB
1802,Introduction to Spreadsheets and Models
1803,Launching into Machine Learning
1804,"Modern Robotics, Course 3:  Robot Dynamics"
1805,An Introduction to Interactive Programming in Python (Part 2)
1806,Algorithmic Thinking (Part 2)
1807,Reproducible Research
1808,Key Concepts in Organizational DE&I
1809,Introduction to Microsoft Azure Cloud Services
1810,Cost and Economics in Pricing Strategy
1811,Mathematics for Engineers: The Capstone Course
1812,市场营销概论 (中文版）
1813,Procurement & Sourcing Introduction
1814,"Improving Deep Neural Networks: Hyperparameter Tuning, Regularization and Optimization"
1815,Web and Mobile Testing with Selenium
1816,Introduction to HTML5
1817,Fundamental Neuroscience for Neuroimaging
1818,C Programming: Modular Programming and Memory Management - 3
1819,C for Everyone: Structured Programming
1820,Supervised Machine Learning: Regression
1821,Digital Signal Processing 2: Filtering
1822,Planning a Patient Safety or Quality Improvement Project (Patient Safety III)
1823,Investment Strategies and Portfolio Analysis
1824,Key Success Factors in Supply Chain Finance
1825,Learn Mandarin Chinese: Capstone Project
1826,"Spanish Vocabulary: Sports, Travel, and the Home"
1827,The Art of Negotiation
1828,Advanced Deep Learning Methods for Healthcare
1829,Ethical Leadership Through Giving Voice to Values
1830,Game Design and Development 2: 2D Platformer
1831,Battery State-of-Health (SOH) Estimation
1832,沃顿商务基础毕业项目 (中文版)
1833,Entrepreneurship I: Laying the Foundation
1834,Memoir and Personal Essay: Managing Your Relationship with the Reader
1835,Gestión de marca y producto
1836,Careers in Sustainability
1837,Exploratory Data Analysis
1838,Principles of fMRI 1
1839,Enterprise Database Migration
1840,Survey Data Collection and Analytics Project (Capstone)
1841,Writing and Editing: Word Choice and Word Order
1842,Professional Selling: Step 3 - Become a High-Performer
1843,"AI Workflow: Machine Learning, Visual Recognition and NLP"
1844,Finding Hidden Messages in DNA (Bioinformatics I)
1845,Speaking and Presenting: Poise
1846,Value-Based Care: Reimbursement Models
1847,"Questions, Present Progressive and Future Tenses"
1848,More C++ Programming and Unreal
1849,UX (User Experience) Capstone
1850,"Medical Emergencies: Airway, Breathing, and Circulation"
1851,"GIS, Mapping, and Spatial Analysis Capstone"
1852,Accounting for Business Decision Making: Strategy Assessment and Control
1853,Building a Toolkit for Your Sales Process
1854,Introduction to Integrative Therapies and Healing Practices
1855,Introduction to Cybersecurity Essentials
1856,Privacy Law and HIPAA
1857,Introducción a la Contabilidad Financiera
1858,Sequence Models
1859,Health and Safety of a Home-Based Childcare Center
1860,Introduction to Ableton Live
1861,The Arduino Platform and C Programming
1862,Positive Psychology: Resilience Skills
1863,Introduction to Public Speaking
1864,Hands-on Introduction to Linux Commands and Shell Scripting
1865,Procurement Negotiation
1866,Network Security & Database Vulnerabilities 
1867,Financial Accounting: Foundations
1868,Social Media and Social Content Strategy
1869,What is Data Science? 
1870,Business Strategy in Practice (Project-centered Course)
1871,Qualitative Research Design
1872,Machine Learning With Big Data
1873,U.S. Federal Taxation Capstone
1874,Data Structures and Performance
1875,Essentials of Management and Strategic Planning
1876,Natural Language Processing in Microsoft Azure
1877,Interacting with the System and Managing Memory
1878,Bioinformatic Methods I
1879,Introduction to Artificial Intelligence (AI)
1880,The Fundamentals of Revenue Management: The Cornerstone of Revenue Strategy
1881,The Newborn Assessment
1882,Medical Technology and Evaluation
1883,Present with Purpose: Create/Deliver Effective Presentations
1884,Foundations of Public Health Practice: Health Protection
1885,Service-Oriented Architecture
1886,Sample-based Learning Methods
1887,"Diversity, Equity, and Inclusion Applications for Executives"
1888,Guided Imagery
1889,What is Compliance?
1890,International Hospitality & Healthcare Services Marketing
1891,Inferential Statistical Analysis with Python
1892,Business English: Finance and Economics
1893,Leadership Communication for Maximum Impact: Storytelling
1894,Data-driven Decision Making
1895,Digital Fashion Mindset
1896,Value-Based Care: Population Health
1897,Pain Management: Easing Pain in Palliative Care
1898,Databases and SQL for Data Science with Python
1899,Methods and Statistics in Social Science - Final Research Project
1900,Strategic Leadership and Management Capstone
1901,UX Design Fundamentals
1902,Public Health in Humanitarian Crises 1
1903,"Spring MVC, Spring Boot  and Rest Controllers"
1904,Modern Art & Ideas
1905,Machine Learning for Accounting with Python
1906,Pharmaceutical and Medical Device Innovations
1907,Initiating and Planning Projects
1908,Psychosocial and Spiritual Aspects of Palliative Care
1909,UX Design: From Concept to Prototype
1910,U.S. Bond Investing Basics
1911,Fundamentals of Red Hat Enterprise Linux
1912,The Fundamentals of Computing Capstone Exam
1913,Preparing for the AZ-900 Microsoft Azure Fundamentals Exam
1914,Data Analytics in Accounting Capstone
1915,The Future of Payment Technologies
1916,Automation Techniques in RPA
1917,The Digital Marketing Revolution
1918,Hypothesis-Driven Development
1919,Music Production Capstone
1920,"Immunology: Autoimmunity, Allergy, and Transplants"
1921,Chinese for HSK 2
1922,Linear Regression in R for Public Health 
1923,R Programming
1924,"Java Programming: Arrays, Lists, and Structured Data"
1925,Applying Data Analytics in Accounting
1926,Motion Planning for Self-Driving Cars
1927,Electric Power Systems
1928,Comparative Health Systems
1929,What is news? 
1930,The Art of Music Production
1931,Enterprise System Management and Security 
1932,Google Calendar en Español
1933,Introduction to battery-management systems
1934,"Cloud Computing Law: Law Enforcement, Competition, & Tax"
1935,"Pressure, Force, Motion, and Humidity Sensors "
1936,Strategic Planning and Execution
1937,"C++ For C Programmers, Part B"
1938,Drug Development
1939,Introduction to Software Engineering
1940,CAM and Design Manufacturing for Mechanical Engineers with Autodesk Fusion 360
1941,The Construction Industry: The Way Forward
1942,The Structured Query Language (SQL)
1943,Leading Teams: Developing as a Leader
1944,"Be a Leader, Develop a Leader"
1945,Python for Genomic Data Science
1946,Interactivity with JavaScript
1947,International Business Environment
1948,Data Science Fundamentals for Data Analysts
1949,Low Poly Art For Video Games
1950,Sustainability Challenges for the Planet and Employers
1951,Data Science Capstone
1952,Algorithmic Thinking (Part 1)
1953,Science and Engineering of Climate Change
1954,Effective Problem-Solving and Decision-Making
1955,"Capstone MOOC for ""Android App Development"""
1956,Data Visualization in R with ggplot2
1957,Building Your Career in Music: Developing A Brand and Funding Your Music
1958,Supply Chain Logistics
1959,Programación y presupuesto del proyecto
1960,Habilidades gerenciales: Proyecto final
1961,Introduction to NoSQL Databases
1962,Google Chat
1963,Future Development in Supply Chain Finance and Blockchain Technology
1964,Quantitative Research
1965,Pro Tools Basics
1966,3-Axis Machining with Autodesk Fusion 360
1967,Natural Gas
1968,Infonomics I: Business Information Economics and Data Monetization
1969,Introduction to Mechanical Engineering Design and Manufacturing with Fusion 360
1970,"Emergency Care: Pregnancy, Infants, and Children"
1971,Probabilistic Graphical Models 2: Inference
1972,Fundamentals of Reinforcement Learning
1973,"Applied Plotting, Charting & Data Representation in Python"
1974,Songwriting: Writing the Lyrics
1975,Six Sigma Tools for Analyze
1976,Python Data Visualization
1977,Copyright Law in the Music Business
1978,Health Impacts of Chemicals in Consumer Products
1979,"App Deployment, Debugging, and Performance"
1980,Six Sigma Tools for Improve and Control
1981,Decentralized Finance (DeFi) Opportunities and Risks
1982,Business Analytics for Decision Making
1983,Additive Manufacturing
1984,What is Palliative Care?
1985,Write Professional Emails in English
1986," Build, Train, and Deploy ML Pipelines using BERT"
1987,Data Visualization with R
1988,Road to the CISO – Culminating Project Course
1989,Organizational Leadership Capstone
1990,Introduction to Ableton Live
1991,Think Again IV: How to Avoid Fallacies
1992,"Data Collection: Online, Telephone and Face-to-face"
1993,Conflict Management Project
1994,Value-Based Care: Managing Processes to Improve Outcomes
1995,Developing Innovative Ideas for Product Leaders
1996,Operational Risk Management: Frameworks & Strategies
1997,Branding and Customer Experience
1998,Guitar Performance Techniques
1999,Business English: Marketing and Sales
2000,财务会计概论（中文版）
2001,ESG and Climate Change
2002,"Capstone: Retrieving, Processing, and Visualizing Data with Python"
2003,Demand Analytics
2004,Getting a Consulting Job
2005,Hôtel “De l'étoile” - a hotel in crisis? 
2006,Agile Meets Design Thinking
2007,Financial Accounting: Advanced Topics
2008,Using Databases with Python
2009,Windows Server Management and Security
2010,Introduction to Parallel Programming with CUDA
2011,Digital Leadership and Digital Strategy Execution
2012,Client Needs and Software Requirements 
2013,Portfolio and Risk Management
2014,Creative Writing: The Craft of Setting and Description
2015,Digital Thread: Components
2016,Google Cloud Big Data and Machine Learning Fundamentals 日本語版
2017,Text Retrieval and Search Engines
2018,Using Machine Learning in Trading and Finance
2019,Global Trends for Business and Society
2020,Leading the Life You Want
2021,Machine Learning in the Enterprise
2022,The Search for Great Ideas: Harnessing creativity to empower innovation. 
2023,Text Mining and Analytics
2024,"Designing, Running, and Analyzing Experiments"
2025,Flight mechanics - Propulsive balance and energy
2026,Blockchain and Cryptocurrency Explained
2027,Device-based Models with TensorFlow Lite
2028,AI for Medical Prognosis 
2029,Organisational design: Know your organisation
2030,"Penetration Testing, Incident Response and Forensics"
2031,Surveillance Systems: The Building Blocks
2032,Clinical Trials Management and Advanced Operations
2033,Creating a Portfolio 
2034,C++ Basics: Selection and Iteration
2035,Decentralized Finance (DeFi) Deep Dive
2036,Machine Learning Foundations for Product Managers
2037, Unsupervised Machine Learning
2038,Data Science Capstone
2039,Strategy Implementation
2040,Modeling Risk and Realities
2041,Immunology: Innate Immune System
2042,Introduction to Graph Theory
2043,Interaction Design Capstone Project
2044,Advanced Linear Models for Data Science 2: Statistical Linear Models
2045,Story and Narrative Development for Video Games
2046,Securing and Integrating Components of your Application
2047,Algorithms on Strings
2048,Strategic Thinking
2049,Ideal Gases
2050,TOEFL Test-Taking Strategies
2051,Developing Your Musicianship
2052,C++ Class Development
2053,Bioinformatics Capstone: Big Data in Biology
2054,Music Business Foundations
2055,Business Intelligence and Competitive Analysis
2056,What Is Contemporary Art?
2057,Influencing People
2058,Creativity And Entrepreneurship 
2059,Object-Oriented Design
2060,Advanced Manufacturing Process Analysis
2061,Palliative Care Capstone Projects
2062,"Modern Robotics, Course 6:  Capstone Project, Mobile Manipulation"
2063,C Programming: Language Foundations - 2
2064,Deploying Machine Learning Models in Production
2065,Artificial Intelligence on Microsoft Azure
2066,Data Visualization in Excel
2067,Web Design for Everybody Capstone
2068,Think Again II: How to Reason Deductively
2069,Pro Tools Basics
2070,How To Land the Job You Want (Capstone Project)
2071,Mastering Data Analysis in Excel
2072,Consulting Approach to Problem Solving
2073,Linux Kernel Programming and Introduction to Yocto Project
2074,Battery State-of-Charge (SOC) Estimation
2075,Vowels of American English Pronunciation
2076,Adjectives and Adjective Clauses
2077,Interactivity with JavaScript and jQuery
2078,"Country Level Economics: Policies, Institutions, and Macroeconomic Performance"
2079,Transacting on the Blockchain
2080,Mindfulness in Integrative Healthcare
2081,Trading Algorithms
2082,Supply Chain Finance Market and Fintech Ecosystem
2083,Perfect Tenses and Modals
2084,"Introduction to Financial Analysis - The ""Why?"""
2085,Supporting Parents of a Newborn Baby
2086,The Analyze Phase for the 6 σ Black Belt
2087,"UX Research at Scale: Surveys, Analytics, Online Testing"
2088,Communication in the 21st Century Workplace
2089,International and Cross-Cultural Negotiation
2090,The Economics of Health Care Delivery
2091,Principles of UX/UI Design
2092,Electronic Music Performance Techniques
2093,Basic Statistics
2094,Visual Perception
2095,Introduction to Data Engineering
2096,Capstone - Launch Your Own Business!
2097,Fashion Design
2098,Software Security 
2099,Java Class Library
2100,Introduction to Data Analytics
2101,"C++ For C Programmers, Part A"
2102,Usable Security
2103,Introduction to Business Analytics: Communicating with Data 
2104,Prepare for the EMT Certification Test
2105,Assessing Cultural Climate
2106,Cloud Computing Foundations
2107,Google Drive en Español
2108,Interfacing with the Arduino
2109,Building Products at Global Scale
2110,Advanced Clinical Data Science
2111,Fundamentals of Immunology: Innate Immunity and B-Cell Function
2112,Business English for Cross-cultural Communication
2113,Mathematics for Machine Learning: Linear Algebra
2114,Probabilistic Graphical Models 1: Representation
2115,Account Management & Sales Force Design
2116,Introduction to Cloud Computing
2117,Reviews & Metrics for Software Improvements
2118,Building No-Code Apps with AppSheet: Automation
2119,Alternative Approaches to Valuation and Investment
2120,Programming Fundamentals
2121,Business Applications of Hypothesis Testing and Confidence Interval Estimation 
2122,Online education: The foundations of online teaching
2123,Advanced Computer Vision with TensorFlow
2124,Inspiring and Motivating Individuals
2125,Managing Project Risks and Changes
2126,Evaluation of Digital Health Interventions
2127,Rebuilding Our Relationship with Food
2128,Professional Skills for International Business
2129,Resolución de problemas por búsqueda
2130,Introduction to Market Research
2131,Social Entrepreneurship
2132,C Programming: Advanced Data Types - 5
2133,Pricing Strategy in Practice
2134,Object-Oriented C++: Inheritance and Encapsulation
2135,Applied Social Network Analysis in Python
2136,Collaborative Foresight: How to Game the Future
2137,Introduction to Software Product Management
2138,Pattern Discovery in Data Mining
2139,Introduction to Statistics & Data Analysis in Public Health
2140,Developing Cloud Apps with Node.js and React
2141,Global Financial Markets and Instruments
2142,Setting Expectations & Assessing Performance Issues
2143,Managing Cloud-native Applications with Kubernetes
2144,Character Design for Video Games
2145,Python Project for Data Science
2146,AWS Fundamentals: Migrating to the Cloud
2147,Spanish Vocabulary: Cultural Experience
2148,"Recruiting, Hiring, and Onboarding Employees"
2149,Excel Skills for Business: Intermediate I
2150,Number Theory and Cryptography
2151,Analysis for Business Systems
2152,Forecasting Skills: See the Future Before it Happens
2153,Managing Machine Learning Projects with Google Cloud
2154,Exploring and Producing Data for Business Decision Making
2155,"Application of AI, InsurTech, and Real Estate Technology"
2156,Simulation Skills: This is Your Brain on the Future
2157,Automating Image Processing
2158,Plant Bioinformatics
2159,Initiating and Planning Projects
2160,Teach English Now! Technology Enriched Teaching
2161,AI Workflow: Business Priorities and Data Ingestion
2162,"Random Models, Nested and Split-plot Designs"
2163,Analytical Solutions to Common Healthcare Problems
2164,Introduction to Relational Databases (RDBMS)
2165,Algorithms on Graphs
2166,AI in Healthcare Capstone
2167,More Introduction to Financial Accounting
2168,Building Resilient Streaming Analytics Systems on GCP 日本語版
2169,"Introduction to Trading, Machine Learning & GCP"
2170,Introduction to Data Analytics
2171,Physics 102 - Electric Charges and Fields
2172,"Greedy Algorithms, Minimum Spanning Trees, and Dynamic Programming"
2173,Problem Solving with Excel 
2174,FinTech Foundations and Overview
2175,"Database Architecture, Scale, and NoSQL with Elasticsearch"
2176,Google SEO Capstone Project
2177,企业金融概论（中文版）
2178,Oracle SQL Proficiency
2179,Mathematics for Computer Science
2180,English for Effective Business Speaking
2181,"Python for Data Science, AI & Development"
2182,Estrategia de precios
2183,From Brand to Image: Creating High Impact Campaigns That Tell Brand Stories
2184,Cultural intelligence: Become a global citizen
2185,"Federal Taxation I: Individuals, Employees, and Sole Proprietors"
2186,Introduction to Intellectual Property
2187,Guidance to Keep Newborn Babies Safe and Healthy
2188,Teach English Now! Theories of Second Language Acquisition
2189,The GRC Approach to Managing Cybersecurity
2190,"GIS Data Formats, Design and Quality"
2191,Successful Interviewing
2192,Increasing Real Estate Management Profits: Harnessing Data Analytics
2193,"Ready, Set, Future! Introduction to Futures Thinking"
2194,More C# Programming and Unity
2195,Design of High-Performance Optical Systems
2196,The 3D Printing Revolution
2197,Corporate Finance Essentials
2198,Web Design: Wireframes to Prototypes
2199,Introduction to Risk Management
2200,Innovation Strategy: Developing Your Fintech strategy
2201,The Critical Role of IT Support Staff in Healthcare
2202,Getting Started with AI using IBM Watson
2203,Introduction to Blockchain for Financial Services
2204,Microsoft Azure Cosmos DB
2205,Programming for Everybody (Getting Started with Python)
2206,Health Care Delivery in Healthcare Organizations
2207,Data Visualization with Python
2208,Wharton Business and Financial Modeling Capstone
2209,Big Data Integration and Processing
2210,The Language and Tools of Financial Analysis
2211,AWS Fundamentals: Addressing Security Risk
2212,"Creative Design, Prototyping, and Testing"
2213,Modernizing Data Lakes and Data Warehouses with Google Cloud
2214,Proyecto Final: Diseño y Gestión de Proyectos de Desarrollo
2215,Challenges of Leading Individuals in the Tech Industry
2216,Introduction to Computer Programming 
2217,Salesforce Reporting
2218,Unordered Data Structures
2219,Working with the Media
2220,Mitigating Security Vulnerabilities on Google Cloud
2221,Decision-Making and Scenarios
2222,Building Web Applications in PHP
2223,Supervised Machine Learning: Regression and Classification 
2224,Firm Level Economics: Markets and Allocations
2225,Research Methodologies
2226,"C++ Object Basics: Functions, Recursion, and Objects"
2227,Cybersecurity for Data Science
2228,Reliable Google Cloud Infrastructure: Design and Process
2229,Acing the Product Management Interview
2230,Sensors and Sensor Circuit Design
2231,Principles of fMRI 2
2232,Leadership Principles for Software Engineers
2233,Google Cloud Big Data and Machine Learning Fundamentals
2234,Google Calendar
2235,Finance for Managers
2236,"Integrated Marketing Communications: Advertising, Public Relations, Digital Marketing and more"
2237,Technologies and platforms for Artificial Intelligence
2238,Implementing a Patient Safety or Quality Improvement Project (Patient Safety V)
2239,Google Sheets en Español
2240,Design and Conduct of Clinical Trials
2241,Equivalent Circuit Cell Model Simulation
2242,Google SEO Fundamentals
2243,Corporate Finance II: Financing Investments and Managing Risk
2244,Data Analysis and Presentation Skills: the PwC Approach Final Project
2245,Quantitative Methods
2246,Gmail en Español
2247,Biases and Portfolio Selection
2248,Blockchain Transformations of Financial Services
2249,First Order Optical System Design
2250,Business Process Management in Healthcare Organizations
2251,Simulation Analysis for Mechanical Engineers with Autodesk Fusion 360
2252,TOEFL Reading and Listening Sections Skills Mastery
2253,Health Care Innovation
2254,Completing the Accounting Cycle
2255,Dealing With Missing Data
2256,Game Design and Development 1: 2D Shooter
2257,Work Smarter with Microsoft Word
2258,Trademark Law
2259,Customer Segmentation and Prospecting
2260,Data Pipelines with TensorFlow Data Services
2261,Blockchain Basics
2262,Essential Linear Algebra for Data Science
2263,Digital Manufacturing & Design
2264,Linux and Bash for Data Engineering
2265,Risk governance: Manage the risks
2266,The Technology of Music Production
2267,Business Strategy
2268,AI Applications in Marketing and Finance
2269,Predictive Modeling and Transforming Clinical Practice
2270,Data Engineering and Machine Learning using Spark
2271,Financial Management Capstone
2272,IELTS Reading Section Skills Mastery
2273,Creative Artifacts
2274,The Foundations of Cybersecurity
2275,"Cameras, Exposure, and Photography"
2276,Introduction to Concurrent Programming with GPUs
2277,Content Strategy for Professionals: Ensuring Your Content's Impact
2278,Machine Learning: Clustering & Retrieval
2279,Creativity Toolkit II: Creative Collaboration
2280,Foundational Sustainability Skills & Competencies
2281,Distributed Computing with Spark SQL
2282,Quantum Mechanics
2283,Photography Capstone Project
2284,Strategic Sourcing
2285,Survival Analysis in R for Public Health
2286,Blockchain Platforms
2287,Trauma Emergencies and Care
2288,Supplier Management
2289,Communicating In Groups and Teams 
2290,Clinical Natural Language Processing
2291,Adapt your leadership style
2292,The Social and Technical Context of Health Informatics
2293,Introduction to Scrum Master Training
2294,The Finance of Climate Change
2295,Securing Linux Systems
2296,Graphic Design
2297,Motors and Motor Control Circuits
2298,Guitar Scales and Chord Progressions
2299,Communicating Business Analytics Results
2300,Practical Machine Learning
2301,运营管理概论（中文版）
2302,Transitions in Care from Survivorship to Hospice
2303,The Marketing Plan
2304,Preventative Healthcare for the Newborn Baby 
2305,Guided Imagery
2306,Health Data Science Foundation
2307,Introduction to Cloud Computing
2308,Supply Chain Planning
2309,"Compensation, Expenses and Quotas"
2310,What is Data Science? 
2311,Writing and Editing: Drafting
2312,Regression Models
2313,React Basics
2314,Financial Acumen for Non-Financial Managers
2315,Real-Time Cyber Threat Detection and Mitigation
2316,Accounting Analysis I: Measurement and Disclosure of Assets
2317,Sales Pitch and Closing
2318,New Models of Business in Society
2319,AWS Cloud Technical Essentials
2320,Financial Accounting: Foundations
2321,Leadership Through Social Influence
2322,Google Sheets
2323,Palliative Care Always Capstone Course
2324, Physics 102  - Magnetic Fields and Faraday's Law
2325,Introduction to FPGA Design for Embedded Systems
2326,Introduction to Spreadsheets and Models
2327,Business Writing
2328,How Computers Work
2329,The Art of Music Production
2330,Customer Analytics
2331,Publishing Visualizations in R with Shiny and flexdashboard
2332,"Planning, Auditing and Maintaining Enterprise Systems"
2333,TensorFlow on Google Cloud
2334,Browser-based Models with TensorFlow.js
2335,Introduction to Abnormal Psychology
2336,Systems Biology and Biotechnology Capstone
2337,Databases and SQL for Data Science with Python
2338,3D Printing Applications
2339,FinTech and the Transformation in Financial Services
2340,Bioinformatic Methods II
2341,Fundamentals of Visualization with Tableau
2342,"Dense Gases, Liquids and Solids"
2343,Social Computing
2344,Private Cloud Management on IBM Power Systems
2345,Scrum Master Certification: Scrum Methodologies
2346,The Data Scientist’s Toolbox
2347,3D Printing Capstone
2348,Superbosses: Managing Talent & Leadership
2349,Python Project for AI & Application Development 
2350,Creativity Toolkit I: Changing Perspectives
2351,Network Security
2352,Design Principles: an Introduction
2353,Corporate Finance Essentials II
2354,What is Social?
2355,Preparing to Manage Human Resources
2356,Digital Marketing Analytics in Practice
2357,Accounting Data Analytics with Python
2358,Vector Calculus for Engineers
2359,Control Flow in RPA
2360,Cloud Machine Learning Engineering and MLOps
2361,Data Visualization Capstone
2362,Human-Centered Design: an Introduction
2363,Introduction to Biology: Biodiversity
2364,"Foundations of Diversity, Equity, and Inclusion"
2365,Structure: Building the Frame for Business Growth
2366,Introduction to Artificial Intelligence (AI)
2367,Digital Fashion Reality
2368,"Shortest Paths Revisited, NP-Complete Problems and What To Do About Them"
2369,Construction Cost Estimating and Cost Control
2370,Sesenta años de inteligencia artificial
2371,Securing Investment Returns in the Long Run
2372,Introduction to Networking and Storage
2373,Supply Market Analysis
2374,"Clinical Trials Analysis, Monitoring, and Presentation"
2375,Corporate Finance I: Measuring and Promoting Value Creation
2376,"DevOps on AWS: Code, Build, and Test"
2377,Cluster Analysis in Data Mining
2378,Entrepreneurship 3: Growth Strategies
2379,Mediation and Conflict Resolution
2380,Writing and Editing: Revising
2381,Game Design and Development 5: Capstone Project
2382,Introduction to Financial Accounting
2383,Infrastructure and Application Modernization with Google Cloud
2384,Introduction to Data Analysis Using Excel
2385,Build Your Professional ePortfolio in English
2386,Prediction and Control with Function Approximation
2387,Inferential and Predictive Statistics for Business
2388,Six Sigma Tools for Define and Measure
2389,Genome Assembly Programming Challenge
2390,Songwriting: Writing the Lyrics
2391,The Business of Social
2392,Managing Big Data in Clusters and Cloud Storage
2393,"Sampling People, Networks and Records"
2394,Advanced Competitive Strategy
2395,Digital Thread: Implementation
2396,Enterprise and Infrastructure Security
2397,Guitar Chord Voicings: Playing Up The Neck
2398,Professional Selling: Step 2 - Prepare Like a High-Performer
2399,Robotics: Capstone
2400,"Planning: Principled, Proposing, Proofing, and Practicing to a Success Plan"
2401,Project Valuation and the Capital Budgeting Process
2402,Scrum Master Certification: Scaling Agile and the Team-of-Teams
2403,The fundamentals of hotel distribution
2404,Visual Elements of User Interface Design
2405,Intercultural Communication and Conflict Resolution
2406,Effective Communication Capstone Project
2407,"Python for Data Science, AI & Development"
2408,Cybersecurity Capstone:  Breach Response Case Studies
2409,Pixel Art for Video Games
2410,AI Fundamentals for Non-Data Scientists
2411,Introduction to Marketing
2412,Accounting Analytics
2413,Python and Machine-Learning for Asset Management with Alternative Data Sets
2414,Introduction to Cybersecurity Tools & Cyber Attacks
2415,Evaluating Designs with Users
2416,Geospatial and Environmental Analysis
2417,Using Python to Access Web Data
2418,Cyber Threat Intelligence
2419,Agile Analytics
2420,Business English: Meetings
2421,Hands-on Introduction to Linux Commands and Shell Scripting
2422,Immunology: Immune Failures and Cancer Immunology
2423,Conflict Resolution Skills
2424,The Strategist's Challenge
2425,Gmail
2426,"Basic Data Descriptors, Statistical Distributions, and Application to Business Decisions"
2427,Clinical Trials Data Management and Quality Assurance
2428,Advertising and E-commerce on TikTok
2429,Introduction to Biology: Evolution
2430,IELTS Writing Section Skills Mastery
2431,Fundamentals of Data Visualization
2432,"Introduction to Software, Programming, and Databases "
2433,Developing Interpersonal Skills 
2434,Blockchain Business Models
2435,Business English: Capstone Project
2436,Web Design: Strategy and Information Architecture
2437,Herramientas de gestión de proyectos de desarrollo
2438,Inventory Analytics
2439,Probabilistic Graphical Models 3: Learning
2440,Introduction to Clinical Data
2441,Patient Safety and Quality Improvement: Developing a Systems View (Patient Safety I)
2442,C Programming: Pointers and Memory Management - 4
2443, Accounting for Mergers and Acquisitions: Foundations
2444,Non-Equilibrium Applications of Statistical Thermodynamics
2445,Google Meet and Google Chat en Español
2446,Administración para obtener resultados
2447,Strategic Innovation: Building and Sustaining Innovative Organizations
2448,Modeling and Design for Mechanical Engineers with Autodesk Fusion 360
2449,Building and Managing Superior Skills
2450,Excel Skills for Business: Essentials
2451,Agile Leader Training
2452,Java for Android
2453,IS/IT Governance
2454,Leading and Developing Top Talent 
2455,Advanced Topics and Future Trends in Database Technologies
2456,Medical Terminology I
2457,Introduction to Cloud Computing
2458,Data Manipulation in RPA
2459,Natural Language Processing with Attention Models
2460,Digitalisation in Aeronautics
2461,Essentials of Corporate Finance Capstone
2462,The Nuts and Bolts of Public Relations
2463,Digital Media and Marketing Strategies
2464,UiPath Orchestrator and Capstone Projects
2465,Agile Organization
2466,Speaking and Presenting: Tact
2467,"Using JavaScript, JQuery, and JSON in Django"
2468,Leadership Through Marketing
2469,Introduction to Machine Learning in Production
2470,Fundamentals of Macroscopic and Microscopic Thermodynamics
2471,Hypothesis-Driven Development
2472,Investments II: Lessons and Applications for Investors
2473,Data Visualization
2474,UI Automation and Selectors
2475,Project Management: Life cycle and project planning
2476,Deep Learning Methods for Healthcare
2477,Marketing in a Digital World
2478,Database Design and Basic SQL in PostgreSQL
2479,"Python Functions, Files, and Dictionaries"
2480,"Modern Robotics, Course 1:  Foundations of Robot Motion"
2481,Introduction to Financial Accounting
2482,Capstone: Creating A Sustainability Proposal
2483,AI for Medical Diagnosis
2484,Uncommon Sense Teaching: Teaching Online
2485,Digital Signal Processing 4: Applications
2486,"Programming Foundations with JavaScript, HTML and CSS"
2487,Data Visualization and Dashboards with Excel and Cognos
2488,Creative Writing: The Craft of Plot
2489,Advanced Trading Algorithms
2490,Corporate Financial Decision-Making for Value Creation
2491,Acupressure
2492,Python Data Analysis
2493,Introduction to Digital Marketing
2494,Fundamentals of Immunology: T Cells and Signaling
2495,Blockchain Opportunity Analysis for Global Commerce
2496,Getting and Cleaning Data
2497,Finance for Non-Financial Professionals
2498,Data Analysis Using Python
2499,Financial Risk Management with R
2500,An Introduction to Interactive Programming in Python (Part 1)
2501,Market and Competition in Pricing Strategy
2502,"Android App Components - Intents, Activities, and Broadcast Receivers"
2503,Procurement Basics
2504,Fundamentals of Marketing Strategy
2505,Computer Simulations
2506,Introduction to Ableton Live
2507,Leading Through Effective Communication 
2508,Data Structures and Performance
2509,Managing Social and Human Capital
2510,Community Change in Public Health
2511,Big Data Analysis with Scala and Spark
2512,Energy: The Enterprise
2513,Capstone: Create your own professional journalistic portfolio
2514,Mastering Programming with MATLAB
2515,Getting and Cleaning Data
2516,Accounting Analysis II: Accounting for Liabilities and Equity
2517,Spring Data Repositories
2518,"Introduction to Web Development with HTML, CSS, JavaScript"
2519,Data Analysis with R
2520,Preparing for DP-900: Microsoft Azure Data Fundamentals Exam
2521,The Music of American English Pronunciation
2522,The Data Scientist’s Toolbox
2523,Qualitative Research Methods
2524,Advanced Business Analytics Capstone
2525,Fundamentals of Immunology: Dueling with the Dark Side
2526,Comportamiento adaptativo
2527,Digital Competition in Financial Services
2528,The Art & Science of Product Management
2529,TOEFL Speaking and Writing Sections Skills Mastery
2530,Construction Finance
2531,SEL Capstone
2532,Adaptability and Resiliency
2533,Introduction to C# Programming and Unity
2534,Experimental Design Basics
2535,Spring - Cloud Overview
2536,Herbal Medicine
2537,Google Cloud Fundamentals: Core Infrastructure
2538,"Autoridad, dirección y liderazgo"
2539,The Art of Music Production
2540,"Uncommon Sense Teaching: Part 2, Building Community and Habits of Learning"
2541,International Business Capstone
2542,How Google does Machine Learning
2543,C Programming: Using Linux Tools and Libraries - 7
2544,Customer-Centric IT Strategy
2545,Building AI Powered Chatbots Without Programming
2546,Work Smarter with Microsoft PowerPoint
2547,Algorithms for DNA Sequencing
2548,Financial Reporting Capstone
2549,Fundamentals of Quantitative Modeling
2550,The Teacher's Social and Emotional Learning
2551,Visual Analytics with Tableau
2552,Leading Teams
2553,Leadership Through Design Innovation
2554,Microsoft Azure SQL
2555,High-Impact Business Writing
2556,Relational Database Support for Data Warehouses
2557,Architecting with Google Kubernetes Engine: Foundations
2558,Outbreaks and Epidemics
2559,Google Cloud Fundamentals: Core Infrastructure
2560,Foundations of Public Health Practice: The Public Health Toolkit 
2561,Fundamentals of Machine Learning in Finance
2562,Establishing Product-Market Fit
2563,Taxation of Business Entities II: Pass-Through Entities
2564,Cyber Security in Manufacturing  
2565,"Raising Capital: Credit Tech, Coin Offerings, and Crowdfunding"
2566,Flight mechanics - Lift and trajectory
2567,Mandarin Chinese 2: Chinese for Beginners
2568,"Python for Command-and-control, Exfiltration and Impact"
2569,Financial Management for Product Leaders
2570,Managing Data Analysis
2571,Google Cloud Fundamentals: Core Infrastructure
2572,Trees and Graphs: Basics
2573,Digital Channel Planning and E-Commerce Strategy
2574,Child Care as a Business
2575,Business Case Analysis
2576,Introduction to Big Data with Spark and Hadoop
2577,"Introduction to the Nonprofit Sector, Nonprofit Organizations, Nonprofit Leadership and Governance"
2578,AI Workflow: Enterprise Model Deployment
2579,Introduction to C++ Programming and Unreal
2580,Agile Project Management
2581,Demand management: Breaking down today’s commercial silos
2582,Oracle SQL Basics
2583,Business English: Planning & Negotiating
2584,Introduction to Accounting Data Analytics and Visualization
2585,Business English: Management and Leadership
2586,Retail Marketing Strategy
2587,Strategic Innovation: Managing Innovation Initiatives
2588,Google Docs en Español
2589,Climate Aware Investing
2590,Engineering Maintainable Android Apps
2591,Finanzas para directivos
2592,Linux Fundamentals
2593,The Business of Product Management II
2594,Security Principles
2595,Urgent Optimism: How to Turn Foresight into Action
2596,Agile Leadership Capstone
2597,"Algorithms for Searching, Sorting, and Indexing"
2598,Health for All Through Primary Health Care
2599,Fashion as Design
2600,Privacy Law and Data Protection
2601,Delivering Quality Work with Agility
2602,Camera Control
2603,Fundamentals of Equities
2604,Renewable Energy Futures
2605,Research Report: Delivering Insights
2606,Introduction to Business Analytics with R
2607,Web Applications and Command-Line Tools for Data Engineering
2608,Functional Program Design in Scala
2609,Excel Skills for Business: Intermediate II
2610,Concurrency in Go
2611,Genome Sequencing (Bioinformatics II)
2612,Speaking to persuade: Motivating audiences with solid arguments and moving language
2613,Industrial Internet of Things (IIoT)
2614,Leading Organizational Change
2615,Introduction to Blockchain for Global Commerce
2616,Inferential Statistics
2617,Bayesian Statistics: Time Series Analysis
2618,Spanish Vocabulary: Meeting People
2619,Innovations in Investment Technology: Artificial Intelligence
2620,Futures Thinking
2621,Dynamical Modeling Methods for Systems Biology
2622,Microsoft Azure Services and Lifecycles
2623,"Musicianship: Tensions, Harmonic Function, and Modal Interchange"
2624,Introduction to Personal Finance
2625,Pricing Strategy
2626,IoT Communications
2627,Managing as a Coach
2628,Engagement & Nurture Marketing Strategies
2629,Django Features and Libraries
2630,Advanced Linear Models for Data Science 1: Least Squares
2631,Integrated Analysis in Systems Biology
2632,Fundamentals of Finance
2633,Connecting with Sales Prospects
2634,"C++ Basic Structures: Vectors, Pointers, Strings, and Files"
2635,"Business Intelligence Concepts, Tools, and Applications"
2636,"Blockchain, Cryptoassets, and Decentralized Finance"
2637,C# Class Development
2638,3D Reconstruction - Single Viewpoint 
2639,Managing Employee Compensation
2640,Flight mechanics - The basis
2641,"Visionary leadership, identity & motivation: Become a meaning maker"
2642,Linear Regression for Business Statistics
2643,Songwriting: Writing the Lyrics
2644,Business Statistics and Analysis Capstone
2645,Agile Analytics
2646,Intro to Digital Manufacturing with Autodesk Fusion 360
2647,Python and Pandas for Data Engineering
2648,Writing a Personal Essay
2649,The Technology of Music Production
2650,Building No-Code Apps with AppSheet: Implementation
2651,Essential Google Cloud Infrastructure: Foundation
2652,Probabilistic Deep Learning with TensorFlow 2
2653,Bayesian Statistics: Techniques and Models
2654,Introduction to Research for Essay Writing
2655,"Teach English Now! Second Language Listening, Speaking, and Pronunciation"
2656,"Facebook, Instagram, and Snapchat Marketing"
2657,Gathering and Developing the News
2658,Developing Data Products
2659,Intermediate PostgreSQL
2660,Introduction to Imagemaking
2661,Excel Basics for Data Analysis
2662,Linux Cloud and DevOps
2663,Digital Signal Processing 3: Analog vs Digital
2664,Emotional and Social Intelligence
2665,Big Data Modeling and Management Systems
2666,Mathematical Thinking in Computer Science
2667,Team Management for the 6 σ Black Belt
2668,AWS Fundamentals: Building Serverless Applications
2669,Health Information Technology Fundamentals
2670,Computer Vision in Microsoft Azure
2671,"Comunicaciones integradas de marketing: Publicidad, Relaciones Públicas, Marketing Digital y más"
2672,People Analytics
2673,React Native
2674,Game Design Document: Define the Art & Concepts
2675,Analysis of Business Problems
2676,ESG Risks and Opportunities
2677,Understanding Prostate Cancer
2678,Combining and Analyzing Complex Data
2679,Influence
2680,Teach English Now! Lesson Design and Assessment
2681,The AI Ladder: A Framework for Deploying AI in your Enterprise
2682,Healthcare Delivery Providers
2683,Salesforce Integration
2684,Negotiation  Fundamentals
2685,Orden y manejo del tiempo
2686,R Programming
2687,Project Management: Foundations and Initiation
2688,Managing Linux Systems
2689,Geospatial Analysis Project
2690,Parallel programming
2691,Budgeting and Scheduling Projects
2692,"Pointers, Arrays, and Recursion"
2693,Professional Selling: Step 1 - Think Like a High-Performer
2694,Python Data Representations
2695,"Consumption, Marketing and Culture"
2696,Business Growth Strategy
2697,"Modern Robotics, Course 5:  Robot Manipulation and Wheeled Mobile Robots "
2698, Optimization Methods in Asset Management
2699,Anatomy: Human Neuroanatomy
2700,The Factors that Influence the Effectiveness of Boards and the Governance Process
2701,Content Strategy for Professionals: Capstone Project
2702,Converter Circuits
2703,Introduction to the Biology of Cancer
2704,Modernizing Data Lakes and Data Warehouses with GCP 日本語版
2705,Google Slides
2706,Cooking for Busy Healthy People
2707,Introduction to Probability and Data with R
2708,What is Corruption: Anti-Corruption and Compliance
2709,AI Applications in People Management 
2710,"Dynamic Programming, Greedy Algorithms"
2711, Storytelling in Branding and Content Marketing 
2712,Logistic Regression in R for Public Health
2713,Anatomy: Musculoskeletal and Integumentary Systems
2714,IT Infrastructure and Emerging Trends
2715,Entrepreneurship 1: Developing the Opportunity
2716,FPGA Softcore Processors and IP Acquisition
2717,Effectively delivering the news to your audience
2718,Research Proposal: Initiating Research
2719,Newborn Capstone
2720,People and Soft Skills Assessment 
2721,Networking in Google Cloud: Defining and Implementing Networks
2722,Building Batch Data Pipelines on Google Cloud
2723,The Improve Phase for the 6 σ Black Belt
2724,Spring - Ecosystem and Core
2725,Python Project for Data Engineering
2726,Introduction to Java
2727,Introduction to Digital Transformation Part 1
2728,The Pronunciation of American English Project
2729,Introduction to Operations Management
2730,Prototyping and Design
2731,Java Programming: Principles of Software Design
2732,Diagnosing Health Behaviors for Global Health Programs
2733,Aromatherapy: Clinical Use of Essential Oils
2734,Mathematical Biostatistics Boot Camp 1
2735,Ideas from the History of Graphic Design
2736,"JavaScript, jQuery, and JSON"
2737,Introduction to Healthcare
2738,Introduction to Digital health
2739,Algebra and Differential Calculus for Data Science
2740,Analyzing Big Data with SQL
2741,Essentials of Entrepreneurship: Thinking & Action
2742,Microsoft Azure Management Tools and Security Solutions
2743,Fundamentals of Accounting Capstone
2744,Blockchain in Financial Services: Strategic Action Plan
2745,Accounting Analysis II: Measurement and Disclosure of Liabilities
2746,Social Network Analysis
2747,Gender Analytics Capstone Project
2748,Analyze Datasets and Train ML Models using AutoML
2749,"Android App Components - Services, Local IPC, and Content Providers"
2750,Writing in First Person Point of View
2751,Bioconductor for Genomic Data Science
2752,Renewable Energy Technology Fundamentals
2753,Tools for Data Science
2754,Managing Human Capital in Retail
2755,Matrix Algebra for Engineers
2756,"Managing ADHD, Autism, Learning Disabilities, and Concussion in School"
2757,Bayesian Statistics: Capstone Project
2758,Creatividad computacional
2759,Gender Analytics for Innovation
2760,Digitalisation in the Aerospace Industry
2761,ESG and Social Activism
2762,Multi-Axis CNC Toolpaths
2763,Advanced Business Strategy
2764,"Teacher SEL: Programs, Possibilities, and Contexts"
2765,Optimizing a Website for Google Search
2766,Consulting Tools and Tips
2767,The Raspberry Pi Platform and Python Programming for the Raspberry Pi
2768,Renewable Power and Electricity Systems
2769,Operations Systems Excellence
2770,Inspiring Peak Performance on Technical Teams
2771,Introduction to Cloud Computing
2772,Introduction to Google SEO
2773,Building Database Applications in PHP
2774,Robotics: Perception
2775,Project Management: Control using the Earned Value and Risk
2776,Speaking to Inspire: Ceremonial and Motivational Speeches
2777,Security Operations
2778,Fundamentals of Quantitative Modeling
2779,Reproducible Research
2780,Effective Problem-Solving and Decision-Making
2781,Expanding SEL
2782,Statistical Inference
2783,Python Programming Essentials
2784,"Speak English Professionally: In Person, Online & On the Phone"
2785,Advanced Deployment Scenarios with TensorFlow
2786,Communicating Your Best Self 
2787,Introduction to Artificial Intelligence (AI)
2788,Financial Accounting: Advanced Topics
2789,Data and Health Indicators in Public Health Practice
2790,Qualitative Data Analysis with MAXQDA Software
2791,Introduction to Digital Transformation Part 2
2792,Culture-Driven Team Building Capstone 
2793,Drug Commercialization 
2794,European Business Law: Doing Business in Europe
2795,Financial Accounting: Foundations
2796,Linear Regression and Modeling 
2797,Principles of Public Relations
2798,Introduction to DevOps
2799,Healthy and Sustainable Foods
2800,"Foundations of Sports Analytics: Data, Representation, and Models in Sports"
2801,Introduction to Automated Analysis
2802,Developing Your Musicianship: Final Project
2803,Assessment for Data Analysis and Visualization Foundations
2804,Fundamentals of GIS
2805,MBSE: Model-Based Systems Engineering 
2806,Giving Sense to Your Leadership Experience
2807,Current Gen 3D Game Prop Production
2808,Introduction to Image Processing
2809,Decentralized Finance (DeFi) Primitives
2810,"Incident Response, BC, and DR Concepts"
2811,Calculus for Machine Learning and Data Science
2812,Teach English Now! Capstone Project 1
2813,U.S. Health Law Fundamentals
2814,Chinese for HSK 3 PART II
2815,JavaScript Basics
2816,Think Again I: How to Understand Arguments
2817,Iniciación y Planificación de Proyectos
2818,Introduction to Self-Driving Cars
2819,Getting Started with Google Workspace
2820,Google Cloud Digital Leader Training
2821,Cloud Native Fundamentals
2822,Linear Algebra Refresher Course
2823,Machine Learning for Trading
2824,Introduction to Computer Vision
2825,Full Stack Foundations
2826,Product Manager Interview Preparation
2827,Data Wrangling with MongoDB
2828,Introduction to Python Programming
2829,SQL for Data Analysis
2830,Version Control with Git
2831,Intro to Data Analysis
2832,Intro to JavaScript
2833,C++ For Programmers
2834,Intro to HTML and CSS
2835,Microsoft Power Platform
2836,Web Tooling & Automation
2837,Front End Frameworks
2838,Responsive Web Design Fundamentals
2839,How to Install Android Studio
2840,Website Performance Optimization
2841,iOS Networking with Swift
2842,JavaScript Design Patterns
2843,Responsive Images
2844,Xcode Debugging
2845,JavaScript Promises
2846,UIKit Fundamentals
2847,Client-Server Communication
2848,What is Programming?
2849,Building High Conversion Web Forms
2850,Software Architecture & Design
2851,Intro to Information Security
2852,Authentication & Authorization: OAuth
2853,Intro to iOS App Development with Swift
2854,Introduction to Operating Systems
2855,Web Accessibility
2856,Scalable Microservices with Kubernetes
2857,Developing Android Apps with Kotlin
2858,Browser Rendering Optimization
2859,Learn Swift Programming Syntax
2860,Offline Web Applications
2861,Kotlin for Android Developers
2862,UX Design for Mobile Developers
2863,Software Development Process
2864,Data Visualization in Tableau
2865,Intro to Progressive Web Apps
2866,Writing READMEs
2867,Software Analysis & Testing
2868,iOS Persistence and Core Data
2869,Computer Networking
2870,Firebase Analytics: iOS
2871,Human-Computer Interaction
2872,2D Game Development with libGDX
2873,Intro to jQuery
2874,Cyber-Physical Systems Security
2875,Introduction to Graduate Algorithms
2876,Dynamic Web Applications with Sinatra
2877,How to Make a Platformer Using libGDX
2878,JavaScript Testing
2879,Object-Oriented JavaScript
2880,Localization Essentials
2881,Compilers: Theory and Practice
2882,HTML5 Canvas
2883,Object Oriented Programming in Java
2884,Designing RESTful APIs
2885,GT - Refresher - Advanced OS
2886,Grand Central Dispatch (GCD)
2887,Swift for Beginners
2888,Intro to Statistics
2889,Introduction to Virtual Reality
2890,Objective-C for Swift Developers
2891,Interactive 3D Graphics
2892,High Performance Computer Architecture
2893,AutoLayout
2894,Kotlin Bootcamp for Programmers
2895,Shell Workshop
2896,Core ML: Machine Learning for iOS
2897,Statistics
2898,Intro to Theoretical Computer Science
2899,Design of Computer Programs
2900,Swift for Developers
2901,Firebase in a Weekend: Android
2902,Software Debugging
2903,Deploying a Hadoop Cluster
2904,Server-Side Swift
2905,Networking for Web Developers
2906,Database Systems Concepts & Design
2907,Intro to Physics
2908,Intro to Relational Databases
2909,ES6 - JavaScript Improved
2910,Mobile Design and Usability for iOS
2911,Intro to AJAX
2912,Intro to Algorithms
2913,The MVC Pattern in Ruby
2914,WeChat Mini Program Development
2915,Asynchronous JavaScript Requests
2916,Embedded Systems
2917,High Performance Computing
2918,HTTP & Web Servers
2919,Advanced Android with Kotlin
2920,"Computability, Complexity & Algorithms"
2921,Advanced Operating Systems
2922,Passwordless Login Solutions for iOS
2923,Firebase in a Weekend: iOS
2924,Intro to Point & Click App Development
2925,Deploying Applications with Heroku
2926,Applied Cryptography
2927,Java Programming Basics
2928,Intro to Backend
2929,Network Security
2930,JavaScript and the DOM
2931,Configuring Linux Web Servers
2932,How to Make an iOS App
2933,Passwordless Login Solutions for Android
2934,Mobile Design and Usability for Android
2935,Intro to Psychology
2936,Engagement & Monetization | Mobile Games
2937,Intro to Inferential Statistics
2938,Data Analysis and Visualization
2939,Oracle Autonomous Database Administration
2940,Oracle Cloud Infrastructure Architect Associate
2941,Oracle Cloud Infrastructure Architect Professional
2942,Oracle Cloud Infrastructure Foundations
2943,Oracle Cloud Infrastructure Operations Professional
2944,Introduction to Digital Project Management
2945,Rapid Prototyping
2946,Creating an Analytical Dataset
2947,Problem Solving with Advanced Analytics
2948,Classification Models
2949,Product Design
2950,Segmentation and Clustering
2951,Time Series Forecasting
2952,App Marketing
2953,App Monetization
2954,A/B Testing for Business Analysts
2955,How to Build a Startup
2956,Get Your Startup Started
2957,Managing Remote Teams with Upwork
2958,Cyber-Physical Systems Design & Analysis
2959,Differential Equations in Action
2960,Self-Driving Fundamentals: Featuring Apollo 
2961,AWS Machine Learning Foundations Course
2962,Introduction to Machine Learning using Microsoft Azure
2963,AI Fundamentals
2964,Machine Learning: Unsupervised Learning
2965,Big Data Analytics in Healthcare
2966,Intel® Edge AI Fundamentals with OpenVINO™
2967,Artificial Intelligence
2968,Secure and Private AI
2969,Model Building and Validation
2970,Data Visualization and D3.js
2971,Machine Learning
2972,Intro to Hadoop and MapReduce
2973,Real-Time Analytics with Apache Storm
2974,A/B Testing
2975,Data Analysis with R
2976,Knowledge-Based AI: Cognitive Systems
2977,Introduction to TensorFlow Lite
2978,Intro to TensorFlow for Deep Learning
2979,Eigenvectors and Eigenvalues
2980,Intro to Artificial Intelligence
2981,Artificial Intelligence for Robotics
2982,Intro to Deep Learning with PyTorch
2983,AWS DeepRacer
2984,Introduction to Machine Learning Course
2985,Craft Your Cover Letter
2986,Refresh Your Resume
2987,Strengthen Your LinkedIn Network & Brand
2988,Data Science Interview Prep
2989,Android Interview Prep
2990,Machine Learning Interview Preparation
2991,Front-End Interview Prep
2992,Full-Stack Interview Prep
2993,Data Structures & Algorithms in Swift
2994,iOS Interview Prep
2995,VR Interview Prep
2996,Artificial Intelligence for Trading
2997,Continuous Integration and Deployment
2998,Firebase Analytics: Android
2999,iOS Design Patterns
3000,Reinforcement Learning
3001,How to Become a Data Engineer
3002,Learn C++
3003,Learn to Code
3004,How to Become a Data Analyst
3005,How to Become a Business Analyst
3006,How to Become a Data Engineer
3007,Learn C++
3008,Learn to Code
3009,How to Become a Data Analyst
3010,How to Become a Business Analyst
3011,How to Become a Product Manager
3012,Programming for Data Science with Python
3013,AI Programming with Python
3014,How to Become a Data Scientist
3015,Front End Web Developer
3016,Self-Driving Car Engineer
3017,Machine Learning DevOps Engineer
3018,Learn Kotlin
3019,Full Stack Web Developer
3020,How to Become a Digital Marketer
3021,Become a Data Product Manager
3022,Learn SQL
3023,Learn React
3024,Deep Learning
3025,How to Become a UX Designer
3026,Introduction to Cybersecurity
3027,Become a Deep Reinforcement Learning Expert
3028,Become a Computer Vision Expert
3029,Become a Java Web Developer
3030,Become a Natural Language Processing Expert
3031,Growth Product Manager
3032,Data Analysis and Visualization with Microsoft Power BI
3033,Cloud Native Application Architecture
3034,Become a Cloud DevOps Engineer
3035,Become a Data Architect
3036,How to Become an iOS Developer
3037,How to Become a Blockchain Developer
3038,Digital Project Management
3039,Data Engineering with Microsoft Azure
3040,Become an AWS Cloud Architect
3041,How to Become a Robotics Engineer
3042,How to Become a Machine Learning Engineer
3043,Become an AI Product Manager
3044,Learn Data Structures and Algorithms
3045,Agile Software Development
3046,Learn Intermediate Python
3047,Become a Cloud Developer
3048,Become a Sensor Fusion Engineer
3049,AI for Business Leaders
3050,Expand Your Knowledge of Artificial Intelligence
3051,Data Streaming 
3052,Become a Java Programmer
3053,Learn Intermediate JavaScript
3054,AI for Healthcare
3055,Intro to Self-Driving Cars
3056,Become a Marketing Analyst
3057,Intro to Machine Learning with PyTorch
3058,Predictive Analytics for Business
3059,Intro to Machine Learning with TensorFlow
3060,Full Stack JavaScript Developer
3061,Digital Freelancer
3062,Ethical Hacker
3063,Security Architect
3064,Site Reliability Engineer
3065,Become a Machine Learning Engineer for Microsoft Azure
3066,Data Science for Business Leaders
3067,Become a Cloud Developer using Microsoft Azure
3068,Golang
3069,Cloud DevOps using Microsoft Azure
3070,Flying Car and Autonomous Flight Engineer
3071,Security Engineer
3072,Data Visualization
3073,Cloud Architect using Microsoft Azure
3074,Programming for Data Science with R
3075,Cloud Computing for Business Leaders
3076,Security Analyst
3077,Data Privacy
3078,AI Engineer using Microsoft Azure
3079,Privacy Engineer
3080,Enterprise Security
3081,Statistics for Data Science
3082,Cybersecurity for Business Leaders
3083,Introduction to Python
3084,Unsupervised Machine Learning
3085,Product Design 
3086,Zero Trust Security
3087,Supervised Machine Learning
3088,SQL for Data Analysis
3089,Introduction to Data Analysis
3090,Data Wrangling
3091,Product Strategy 
3092,Data Engineering for Data Scientists
3093,Introduction to Data Science
3094,Introduction to SQL
3095,Experimental Design & Recommendations
3096,Introduction to Data Analytics for Business
3097,Data Visualization with Python
3098,Become a business intelligence analyst.
3099,Learn multi-cloud computing.
3100,Ethical AI
3101,Business Ethics: Exploring Big Data and Tax Avoidance
3102,Managing Big Data with R and Hadoop
3103,Introduction to Predictive Modelling
3104,Computer Science Essentials: Data Structures
3105,Introduction to Big Data Analytics with Hadoop
3106,Introduction to Digital Transformation: Understand and Manage Digital Transformation in the Workplace
3107,Learn about Current Digital Workplace Trends
3108,CRM Fundamentals and Practice: Salesforce Automation and Best Practice
3109,Financial Analysis for Business Decisions: Introduction to Data Analysis Tools and Capital Projects
3110,Data Visualisation: Data Dashboards and Storytelling with Tableau
3111,Understanding the GDPR
3112,Marketing Analytics
3113,Data Analytics and Python Fundamentals
3114,Data Wrangling and Ingestion using Python
3115,Python Packages: NumPy and Pandas Dataframe
3116,"Big Data Analytics: Opportunities, Challenges, and the Future"
3117,Data Visualisation with Python: Bokeh and Advanced Layouts
3118,Data Visualisation with Python: Matplotlib and Visual Analysis
3119,Data Visualisation with Python: Seaborn and Scatter Plots
3120,Essential Mathematics for Data Science and Machine Learning: Using R
3121,Applied Artificial Intelligence: Natural Language Processing
3122,Applied Artificial Intelligence: Speech Recognition Systems
3123,Microsoft Future Ready: Ethics and Law in Data and Analytics
3124,Microsoft Future Ready: Principles of Machine Learning with Python Programming
3125,Microsoft Future Ready: Using Python Programming to Explore the Principles of Machine Learning
3126,AI and Machine Learning Algorithms Using Python
3127,Data Visualisation Fundamentals for Absolute Beginners
3128,Deep Learning on Azure with Python: Introduction to Deep Learning
3129,Deep Learning on Azure with Python: Introduction to Machine Learning
3130,Deep Learning on Azure with Python: Reinforcement Learning
3131,Deep Learning on Azure with Python: The Basics of Python Programming
3132,Essential Mathematics for Data Analysis in Microsoft Excel
3133,Financial Analysis for Business Decisions: How to Use Tableau and Financial Modelling
3134,Financial Analysis for Business Performance: Data-Driven Decision Making
3135,"Financial Analysis for Business Performance: Planning, Budgeting, and Forecasting"
3136,Financial Analysis for Business Performance: Reporting and Stakeholder Management
3137,How to Use Microsoft Excel for Data Analysis
3138,Introduction to Artificial Intelligence and Machine Learning
3139,Introduction to Data Analysis using Excel for Absolute Beginners
3140,Mastering Cloud Computing for AI: How to Use Microsoft Azure
3141,Microsoft Future Ready: Ethics and Laws in Data and Analytics
3142,Collecting and Using Data for Disease Control and Global Health Decision-Making
3143,Business Ethics: Exploring Big Data and Tax Avoidance
3144,Introduction to Research Ethics: Working with People
3145,"Social Influence: Diversity, Conformity, and Conflict"
3146,How to Develop Cultural Awareness
3147,"Equality, Diversity, and Inclusion: Understanding Bias and Allyship in EDI"
3148,"EDI: Foundations of Equality, Diversity, and Inclusion"
3149,"Equality, Diversity, and Inclusion: Identity and Belonging Concepts in EDI"
3150,External Conduct Standards for Charities
3151,Governance Standards Part A: Introduction and Governance Standards 1-3
3152,International Leadership: Ethical Leadership and Decision-Making
3153,International Leadership: Politics and Philosophy in Leadership
3154,Cultivating Diversity through Research and Insights
3155,Cultural Appropriation vs Cultural Appreciation
3156,Research Ethics and Vulnerability:  Ethical Research in Adults with Impaired Decision-Making Capacity
3157,Introduction to Business Law
3158,IT Ethics: Professionalism and Ethics in Computing
3159,Inclusive Management and Leadership Skills
3160,Ethical Practices to Guide Innovation
3161,Doing Business in Conflict Zones
3162,Doing Good in a Conflict Zone
3163,"How to Measure, Reduce, and Offset your Company’s Carbon Footprint"
3164,Social Impact in Business: How to Build a Brand that Matters
3165,Responsible Marketing and the Fundamentals of Corporate Social Responsibility
3166,Ethical Cities: Shaping the Future of Your City
3167,People Studying People: Research Ethics in Society
3168,Social Change: How Can Marketing Help?
3169,An Introduction to Medical Ethics: The Impact of Disability Screening
3170,"Interpreting for Refugees: Contexts, Practices and Ethics"
3171,Microsoft Future Ready: Ethics and Law in Data and Analytics
3172,Microsoft Future Ready: Ethics and Laws in Data and Analytics
3173,Ethical Management and Decision Making
3174,Social Enterprise: Business Doing Good
3175,Social Enterprise: Turning Ideas into Action
3176,Construction Ethics and Compliance
3177,Understanding Modern Business and Organisations
3178,Enterprise: Everybody’s Business
3179,Emergency Planning and Preparedness: An Introduction
3180,The Freelance Bible: How to Be a Freelancer in Any Industry
3181,Start Your Own Business: Your Business Idea
3182,Build a Growth Mindset & Career Success with Advice from Female Founders
3183,Career Coaching for Women: Supercharge Your Career with AllBright
3184,Tackling Climate Change: Sustainable Business Models for a Circular Economy
3185,Fashion and the Global Supply Chain
3186,Governance Standards Part A: Introduction and Governance Standards 1-3
3187,An Introduction to Macro Environmental Analysis and Business Strategy
3188,Business Management and Leadership
3189,Business Planning to Grow Successful Companies
3190,Competitor Analysis: From Business Level Strategy to Organisational Structures
3191,Internal Analysis of a Company: From Value Chain to SWOT Analysis
3192,International Marketing: Selection and Market Entry Strategies
3193,Strategic Goals: How to Master Corporate Strategy
3194,Strategic Planning: Target Markets and Business Decision-Making
3195,How to Launch Your Own Food Product
3196,How to Manage Food Costing in the Catering and Restaurant Industry
3197,Strategic Business Planning
3198,Personal Trainer's Toolkit: Build a Health and Fitness Business Network
3199,Cultivating Diversity through Research and Insights
3200,History Branding: Using History to Strengthen Corporate Identity
3201,UX Design Fundamentals: Creating Business Outcomes
3202,Transforming Your Organisation with the UN SDGs
3203,Business Agility Foundations: A Framework
3204,Business Agility Foundations: An Agile Culture
3205,Business Agility Foundations: An Introduction
3206,Business Agility Foundations: Engaging Others
3207,Fundamentals of Business Strategy
3208,Fundamentals of International Business
3209,Behavioural Economics: Employee and Customer Behaviour
3210,Social Psychology: Employee and Customer Behaviour
3211,Strategic planning for professional service firms in the time of COVID-19
3212,Leading Strategic Innovation: How to Lead with Purpose
3213,Build a Leading Innovation Strategy
3214,EFQM Foundation Online Certificate
3215,"Introduction to Business Improvement: Lean Six Sigma, Kaizen, and Problem Solving"
3216,Introduction to Organisational Development
3217,Drive Business Improvement with the EFQM Model
3218,Beauty Decoded: Strategy in the Global Beauty Business
3219,Methodologies for Service Design
3220,Strategic Brand Management with Advertising Week
3221,An Introduction to Macro Environmental Analysis and Business Strategy
3222,Competitor Analysis: From Business Level Strategy to Organisational Structures
3223,Internal Analysis of a Company: From Value Chain to SWOT Analysis
3224,Strategic Goals: How to Master Corporate Strategy
3225,Strategic Planning: Target Markets and Business Decision-Making
3226,Social Enterprise: Growing a Sustainable Business
3227,Communication and Interpersonal Skills at Work
3228,Learning Online: Communicating and Collaborating
3229,Foundations of Writing
3230,Emergency Planning and Preparedness: An Introduction
3231,Science Communication and Public Engagement
3232,A Beginner’s Guide to Giving and Receiving Feedback
3233,Workforce Planning: Research and Implementation the Basics
3234,Active Listening: How to Be an Effective Communicator
3235,Digital Copywriting Fundamentals
3236,Career Coaching for Women: Supercharge Your Career with AllBright
3237,Sisterhood Works: How to Build a More Meaningful Network
3238,Effective Communication Skills for Professionals
3239,Copywriting Fundamentals
3240,Critical and Strategic Thinking in Practice
3241,Business Management and Leadership
3242,International Marketing: Cultural Factors
3243,Create a Professional Online Presence
3244,Presenting Your Work with Impact: Presentation Skills Training
3245,Personal Trainer's Toolkit: Build a Health and Fitness Business Network
3246,Financial Analysis for Business Performance: Reporting and Stakeholder Management
3247,Groupthink: Understanding the Need for a Diverse Workplace
3248,Explore and Understand the Gaming Industry
3249,How to Create Everlasting Experiences Through Gaming
3250,Effective Communication Skills for Engineers
3251,Behavioural Economics: Employee and Customer Behaviour
3252,Cognitive Psychology: Employee and Customer Behaviour
3253,Brand Strategy and Communication
3254,Creating Strategies for Influencer Marketing
3255,Effective Questioning for Call Handlers
3256,Introduction to Organisational Development
3257,Communicating with Diverse Audiences
3258,Business Etiquette: Master Communication and Soft Skills
3259,Presenting Your Work with Impact: Presentation Skills Training
3260,Intercultural Communication: Dynamics of cultural identities in global interaction
3261,Business Etiquette
3262,Project Planning and Communication: Mastering Gantt Charts and Stakeholder Management
3263,Influencing and Communication Skills for Managers
3264,An Introduction to Building Information Modelling
3265,An Introduction to Financial Management in Construction
3266,Designing and Building with Healthier Materials
3267,Mental Health in Construction
3268,Sustainable Construction and Development
3269,Construction Ethics and Compliance
3270,Quality in Construction
3271,User Management in Salesforce
3272,CRM Fundamentals and Practice: Introduction to Salesforce
3273,CRM Fundamentals and Practice: Salesforce Automation and Best Practice
3274,"CRM Fundamentals and Practice: Salesforce Reports, Objects, and Data Management"
3275,Dynamics 365: Customer Engagement for Sales
3276,Customer Experience Design for Customer Success: CX Impact and Strategic Insights
3277,Customer Experience Design for Customer Success: Designing Great Customer Experiences
3278,Customer Experience Design for Customer Success: Ensuring Customer Success
3279,CRM Fundamentals and Practice: Introduction to Salesforce
3280,"CRM Fundamentals and Practice: Salesforce Reports, Objects, and Data Management"
3281,Business Analytics Using Forecasting
3282,"Start Your Own Business: Creativity, Innovation and Research"
3283,Why Research Matters
3284,A Beginner’s Guide to Data Analytics
3285,Introduction to Business Intelligence and Data Analytics
3286,Climate Intelligence: Using Climate Data to Improve Business Decision-Making
3287,Introduction to Big Data Analytics with Hadoop
3288,Introduction to Data Analytics for Investment
3289,Evidence and Data Collection for Problem Solving
3290,Global Shocks: How to Manage Change in the Global Business Environment
3291,Introduction to Digital Transformation: Understand and Manage Digital Transformation in the Workplace
3292,Introduction to Menu Engineering
3293,Financial Analysis for Business Performance: Data-Driven Decision Making
3294,Data Visualisation: Data Dashboards and Storytelling with Tableau
3295,Understanding Research Methods in Business
3296,Microsoft Power BI: Advanced Data Analysis and Visualisation
3297,Statistics and Data Analysis in Excel
3298,Successful Data Analysis for Modern Industries
3299,Microsoft Excel: Advanced Data Analysis and Visualisation
3300,Introduction to Data Science for Business
3301,Introduction to Data Analytics with Python
3302,Marketing Analytics
3303,Data Analytics and Python Fundamentals
3304,Data Wrangling and Ingestion using Python
3305,Python Packages: NumPy and Pandas Dataframe
3306,The Human Face of User Research: How to do User Research Online and Offline
3307,Data Analysis and Fundamental Statistics
3308,Excel for Data Analysis
3309,SQL for Data Analysis
3310,Evidence and Data Collection for Problem Solving
3311,"Big Data Analytics: Opportunities, Challenges, and the Future"
3312,"Fashion Management: Defining Markets, Business Models & Trends"
3313,The Power of Data in Health and Social Care
3314,Introduction to Process Mining with ProM
3315,Data Visualisation Fundamentals for Absolute Beginners
3316,Essential Mathematics for Data Analysis in Microsoft Excel
3317,How to Use Microsoft Excel for Data Analysis
3318,Introduction to Data Analysis using Excel for Absolute Beginners
3319,Microsoft Future Ready: Ethics and Laws in Data and Analytics
3320,Making Sense of Data in the Media
3321,Understanding Data in the Tourism Industry
3322,Introduction to Big Data Analytics with Hadoop
3323,Data Visualisation: Data Dashboards and Storytelling with Tableau
3324,Microsoft Power BI: Advanced Data Analysis and Visualisation
3325,Microsoft Excel: Advanced Data Analysis and Visualisation
3326,Data Visualisation: Creating charts and complex visualisations in Tableau
3327,Data Visualisation: Data Dashboards and Storytelling with Tableau
3328,Data Visualisation: Data Visualisation with Tableau Fundamentals
3329,Introduction to Process Mining with ProM
3330,Data Visualisation with Python: Bokeh and Advanced Layouts
3331,Data Visualisation with Python: Matplotlib and Visual Analysis
3332,Data Visualisation with Python: Seaborn and Scatter Plots
3333,Edward Jenner: 0 - An Introduction to Personal Development
3334,Build a Growth Mindset & Career Success with Advice from Female Founders
3335,Energy Transition and Sustainable Economies
3336,Sisterhood Works: How to Build a More Meaningful Network
3337,Using Creative Problem Solving
3338,Tackling Climate Change: Sustainable Business Models for a Circular Economy
3339,How to Develop Critical Thinking Skills
3340,Climate Intelligence: Using Climate Data to Improve Business Decision-Making
3341,Critical and Strategic Thinking in Practice
3342,Introduction to Big Data Analytics with Hadoop
3343,Competitor Analysis: From Business Level Strategy to Organisational Structures
3344,International Leadership: Ethical Leadership and Decision-Making
3345,International Leadership: Politics and Philosophy in Leadership
3346,International Leadership: Reflective Practice in Leadership
3347,International Marketing: Selection and Market Entry Strategies
3348,Strategic Goals: How to Master Corporate Strategy
3349,A Beginner’s Guide to Critical and Creative Thinking
3350,Decision Making: How to Choose the Right Problem to Solve
3351,Evidence and Data Collection for Problem Solving
3352,Emotional Intelligence and Critical Thinking for Problem Solving
3353,Financial Analysis for Business Decisions: How to Use Tableau and Financial Modelling
3354,Financial Analysis for Business Decisions: Introduction to Data Analysis Tools and Capital Projects
3355,Financial Analysis for Business Performance: Data-Driven Decision Making
3356,Groupthink: Understanding the Need for a Diverse Workplace
3357,Introduction to Home Ownership and Mortgages
3358,Career Planning Essentials: Unlock Your Future
3359,EFQM Foundation Online Certificate
3360,"Introduction to Business Improvement: Lean Six Sigma, Kaizen, and Problem Solving"
3361,Decision Making: How to Choose the Right Problem to Solve
3362,Get Creative with People to Solve Problems
3363,Creative Problem Solving: Design Thinking in Health and Social Care
3364,International Leadership: Ethical Leadership and Decision-Making
3365,Financial Analysis for Business Decisions: How to Use Tableau and Financial Modelling
3366,Ethical Management and Decision Making
3367,Collecting and Using Data for Disease Control and Global Health Decision-Making
3368,Get Started With Digital Marketing
3369,Digital Skills: Digital Marketing
3370,Digital Skills: Social Media
3371,Digital Copywriting Fundamentals
3372,"Creative Marketing for Behaviour Change, Sustainability and Social Good"
3373,Copywriting Fundamentals
3374,International Marketing: Cultural Factors
3375,International Marketing: Definition and Strategy
3376,International Marketing: Selection and Market Entry Strategies
3377,Creating engaging content for Social Media
3378,Digital Marketing Analytics and Measurement: Advanced Web Analytics
3379,Digital Marketing Analytics and Measurement: Goals and Attribution Modelling
3380,Digital Marketing Analytics and Measurement: Reporting Dashboards
3381,Digital Marketing Analytics and Measurement: Web Analytics Planning and Tactics
3382,Digital Marketing Analytics and Measurement: Web Analytics in Perspective
3383,CRM Fundamentals and Practice: Introduction to Salesforce
3384,CRM Fundamentals and Practice: Salesforce Automation and Best Practice
3385,"CRM Fundamentals and Practice: Salesforce Reports, Objects, and Data Management"
3386,Introduction to Marketing: Understanding your Customers
3387,Online Display Advertising: Formats and Creative
3388,Online Display Advertising: Measuring Performance
3389,Online Display Advertising: Targeting Options
3390,Online Display Advertising: The User Journey
3391,Explore and Understand the Gaming Industry
3392,How to Create Everlasting Experiences Through Gaming
3393,Digital Marketing in Perspective
3394,Digital Marketing: Content Marketing
3395,Digital Marketing: Marketing Channel Objectives
3396,Digital Marketing: Personas and User Journeys
3397,Brand Strategy and Communication
3398,Creating Strategies for Influencer Marketing
3399,Strategic Design for Social Media
3400,Brand Identity: How Branding Works and Building Your Personal Brand
3401,Brand Personality: How to Tell Your Story with Authenticity and Relevance
3402,Brand Purpose: Marketing Yourself and Building Meaningful Connections
3403,Facebook Marketing: Organic Reach and Paid Advertising
3404,Instagram Marketing: Instagram Essentials and Content Creation
3405,LinkedIn Marketing: LinkedIn Essentials and Content Creation
3406,Social Media Marketing Strategy: Objective Setting and Strategic Planning Essentials
3407,Fundamentals of Digital Marketing
3408,Digital Marketing: Storytelling in the New Communication Landscape
3409,Master Digital Marketing: Introduction to Marketing
3410,Master Digital Marketing: Marketing Fundamentals
3411,Master Digital Marketing: Marketing Strategy
3412,Master Digital Marketing: The Marketing Mix
3413,Create a Social Media Marketing Campaign
3414,How to Create Great Online Content
3415,Social Media Marketing with Advertising Week
3416,Digital Marketing for Hoteliers
3417,Content Marketing Strategy with Advertising Week
3418,Getting Started with Digital Marketing
3419,CRM Fundamentals and Practice: Introduction to Salesforce
3420,"CRM Fundamentals and Practice: Salesforce Reports, Objects, and Data Management"
3421,How to Develop Your Social Media Content Strategy
3422,"Running a Social Media Campaign: Customers, Influencer Engagement, Analytics"
3423,Understanding Social Media Strategy
3424,Starting a Business 1: Vision and Opportunity
3425,Starting a Business 2: People and Networks
3426,Starting a Business 3: Customers and Competitors
3427,Starting a Business 4: Business Processes
3428,Starting a Business 5: Managing Finances
3429,Starting a Business 6: Funding Your Business
3430,Uncovering Your Entrepreneurial Potential
3431,Entrepreneurship in Nonprofits
3432,The Freelance Bible: How to Be a Freelancer in Any Industry
3433,"Start Your Own Business: Creativity, Innovation and Research"
3434,Start Your Own Business: Financial Viability for a New Venture
3435,Start Your Own Business: Marketing a New Business
3436,Start Your Own Business: Your Business Idea
3437,Build a Growth Mindset & Career Success with Advice from Female Founders
3438,Transitioning From Friend To Leader
3439,Creativity and Innovation: Their Role in Becoming an Entrepreneur
3440,Culturepreneurship: How to Start a Creative Business
3441,Green Innovation and Business Ethics: The Future of Entrepreneurship
3442,Implementing Your Business Ideas: From Risk Identification to SWOT Analysis
3443,Success and Failure in Entrepreneurship: Discover the Key to Business Success
3444,How to Launch Your Own Food Product
3445,Personal Trainer's Toolkit: Build a Health and Fitness Business Network
3446,Teaching Entrepreneurial Thinking
3447,Entrepreneurship and Innovation: Creative Management for Business Success
3448,Competitive Advantage: Using Information to Build Business Success
3449,Entrepreneurship: From Business Idea to Action
3450,Demystifying Business Models for New Entrepreneurs
3451,"Fashion Management: Innovation, Entrepreneurship & Sustainability"
3452,Technology Entrepreneurship: How to Start a New Venture
3453,Teach like an Entrepreneur: Bringing Entrepreneurship into the Classroom
3454,Build a Growth Mindset & Career Success with Advice from Female Founders
3455,Build a Startup from Scratch: the Venture Design Process
3456,Upcycling: From Green Ideas to Starting a Business
3457,Raising Funds for Your Startup
3458,Microsoft Excel: Advanced Data Analysis and Visualisation
3459,Design and Create Custom Dashboards in Excel
3460,How to Use Pivot Tables to Analyse Data in Excel
3461,Introduction to Excel Charts for Data Visualisation
3462,Excel for Data Analysis
3463,Analysing Data in Excel
3464,Excel Skills to Make an Impression
3465,Essential Mathematics for Data Analysis in Microsoft Excel
3466,How to Use Microsoft Excel for Data Analysis
3467,Introduction to Data Analysis using Excel for Absolute Beginners
3468,A Beginner’s Guide to Basic Cooking Skills
3469,Food Safety and Personal Hygiene in a Professional Kitchen
3470,How to Launch Your Own Food Product
3471,How to Manage Food Costing in the Catering and Restaurant Industry
3472,Introduction to Emerging Technologies in a Professional Kitchen
3473,Introduction to Menu Engineering
3474,Introduction to Sustainable Practices in Food Service
3475,Mastering the Culinary Art of Plating
3476,Professional Knife Skills
3477,The True Story of Jamaican Jerk: Cooking and Caribbean Culture
3478,Healthy Cooking Made Easy with BBC Good Food
3479,Learn How to Bake Afternoon Tea with BBC Good Food
3480,Learn How to Bake Pies and Tarts with BBC Good Food
3481,Learn How to Bake Showstopper Cakes with BBC Good Food
3482,Learn How to Bake Sourdough with BBC Good Food
3483,Story of a Wine: The Importance of Being Prosecco
3484,Learn How to Bake with BBC Good Food
3485,Introduction to Content Design
3486,Healthcare Selection and Recruitment: Design and Deliver Effective Multiple Mini Interviews (MMIs)
3487,Digital Skills: User Experience
3488,MedTech: Trends and Product Design
3489,A Beginner’s Guide to Fashion Design
3490,Fashion and the Climate Crisis: An Introduction to Sustainability
3491,Teaching Digital Literacy: Videogames in Education
3492,"Preparing for a Practice-based PhD in Fine Art, Design, and Film"
3493,Video Game Design and Development: Video Game Character Design
3494,Get Creative with People to Solve Problems
3495,"Introduction to Freehand Drawing for Architecture, Interiors and Design."
3496,Design Thinking for Sustainable Development
3497,How to Launch Your Own Food Product
3498,Introduction to 3D Animation using Blender
3499,Introduction to Menu Engineering
3500,The Design Thinking Toolbox
3501,A Beginner’s Guide to Interior Design Principles and Elements
3502,Your Role in Sustainable Fashion: Sustainable Practices Across the Fashion Ecosystem
3503,UX Design Fundamentals: Business Value Through User Experience (UX) Design
3504,UX Design Fundamentals: Delivering Value to Users
3505,UX Design Strategy and Application: Customer Journey Mapping
3506,"UX Design Strategy and Application: Strategy, Innovation and the Future of Work"
3507,Understanding Fashion: From Business to Culture
3508,Design Board Games for Socio-Political Change
3509,"Creating Audio Description: Equality, Diversity, and Inclusion"
3510,Brand Strategy and Communication
3511,Creating Strategies for Influencer Marketing
3512,Placemaking and Public Space Design: Unlocking Place Potential
3513,Strategic Design for Social Media
3514,Designing for a Diverse and Inclusive Future
3515,Ethical Practices to Guide Innovation
3516,Placemaking and Public Space Design: Unlocking Design Potential
3517,Designing for a Future Where No One Feels Socially Isolated
3518,Social Media Marketing Strategy: Objective Setting and Strategic Planning Essentials
3519,Placemaking and Public Space Design: Unlocking Tourist Destinations
3520,Introduction to UX Design
3521,Introduction to Production Design for Film and Screen
3522,UX Design Fundamentals: Business Value Through User Experience (UX) Design
3523,UX Design Fundamentals: Creating Business Outcomes
3524,UX Design Fundamentals: Delivering Value to Users
3525,Designing for a Sustainable Future
3526,Video Game Design and Development: A Bit-by-Bit History of Video Game Music: Video Game Sound and Music
3527,Designing a Future Where Learning is a Lifestyle
3528,Customer Experience Design for Customer Success: CX Impact and Strategic Insights
3529,Video Game Design and Development: Introduction to Game Programming
3530,Introduction to UX and Accessible Design
3531,Invitation to Ex-Noguchi Room: Preservation and Utilization of Cultural Properties in Universities
3532,Modern Building Design
3533,Getting Started with Agile and Design Thinking
3534,How to Build Your Creative Resilience
3535,How to Enhance Your Creative Empathy
3536,How to Improve Your Creative Collaboration
3537,Master Digital Marketing: Marketing Fundamentals
3538,Create a Social Media Marketing Campaign
3539,Creating a Great User Experience for Mobile Apps
3540,Get Creative with People to Solve Problems
3541,Creative Branding with Advertising Week and Fernando Machado
3542,UX Design Strategy and Application: Customer Journey Mapping
3543,UX Design Strategy and Application: Customer Profiling and Design Sprints
3544,"UX Design Strategy and Application: Strategy, Innovation and the Future of Work"
3545,Pop Art
3546,WW1 Heroism: Through Art and Film
3547,Motion Capture: The Art of Studying Human Activity
3548,Culture in the Digital Age
3549,How to Make a Short Film: An Introduction to Filmmaking
3550,"Creative Marketing for Behaviour Change, Sustainability and Social Good"
3551,How to Create Video for Online Courses
3552,Teaching Digital Literacy: Videogames in Education
3553,Video Game Design and Development: Video Game Character Design
3554,Introduction to 3D Animation using Blender
3555,Online Display Advertising: Formats and Creative
3556,Online Display Advertising: Measuring Performance
3557,Online Display Advertising: Targeting Options
3558,Online Display Advertising: The User Journey
3559,Data Literacy for Journalists
3560,Explore and Understand the Gaming Industry
3561,How to Create Everlasting Experiences Through Gaming
3562,How to Understand the Gaming Audience
3563,UX Design Fundamentals: Delivering Value to Users
3564,"UX Design Strategy and Application: Strategy, Innovation and the Future of Work"
3565,"An Anthropology of Smartphones: Communication, Ageing and Health"
3566,Low-Budget Video Production: Visual Communication for Small Charities
3567,Filmmaking and Animation Online and in the Classroom
3568,"Lights, Camera, Computer - Action! How Digital Technology is Transforming Film, TV, and Gaming"
3569,Creating Strategies for Influencer Marketing
3570,Strategic Design for Social Media
3571,Facebook Marketing: Organic Reach and Paid Advertising
3572,Instagram Marketing: Instagram Essentials and Content Creation
3573,LinkedIn Marketing: LinkedIn Essentials and Content Creation
3574,Social Media Marketing Strategy: Objective Setting and Strategic Planning Essentials
3575,Explore and Understand the Gaming Industry
3576,How to Create Everlasting Experiences Through Gaming
3577,How to Understand the Gaming Audience
3578,Introduction to UX Design
3579,UX Design Fundamentals: Business Value Through User Experience (UX) Design
3580,UX Design Fundamentals: Delivering Value to Users
3581,Video Game Design and Development: A Bit-by-Bit History of Video Game Music: Video Game Sound and Music
3582,Video Game Design and Development: Introduction to Game Programming
3583,Film Education: A User's Guide
3584,Short Film in Language Teaching
3585,The Living Picture Craze: An Introduction to Victorian Film
3586,Introduction to UX and Accessible Design
3587,Getting Started with Agile and Design Thinking
3588,Master Digital Marketing: Introduction to Marketing
3589,Master Digital Marketing: Marketing Strategy
3590,Master Digital Marketing: The Marketing Mix
3591,Create a Social Media Marketing Campaign
3592,How to Create Great Online Content
3593,Construct a Virtual Reality Experience
3594,"Introduction to Virtual, Augmented and Mixed Reality"
3595,Innovation: the Fashion Industry
3596,Compassion in Fashion: Sustainability and the Global Fur Trade
3597,"Careers in Fashion: Design, Development, and Promotion"
3598,"Careers in Fashion: Retail Marketing, Merchandising, and Management"
3599,"Careers in Fashion: Styling, Curatorship, and the Ancillary Businesses"
3600,Careers in Fashion: Trend Forecasting and Textile Design
3601,Introduction to Fashion Brand Marketing and Retailing
3602,Introduction to Fashion Marketing and Research
3603,Product Design and Manufacturing Processes in the Fashion Industry
3604,A Beginner’s Guide to Fashion Design
3605,Business Law and the Fashion Industry
3606,Business and Workplace Ethics in the Fashion Industry
3607,Consumers and Ethical Considerations in the Fashion Industry
3608,Fashion and the Climate Crisis: An Introduction to Sustainability
3609,Fashion and the Global Supply Chain
3610,Introduction to Careers in Fashion Design
3611,Manufacture and Design Ethics in the Fashion Industry
3612,Sales and Advertising Ethics in the Fashion Industry
3613,Introduction to Digital Fashion Design Skills
3614,Your Role in Sustainable Fashion: Sustainable Practices Across the Fashion Ecosystem
3615,Fashion and Sustainability: Understanding Luxury Fashion in a Changing World
3616,Understanding Fashion: From Business to Culture
3617,Africa to the World: Analysing the Global Appeal for African Luxury Fashion
3618,Fashion Values: Society
3619,Power Dressing in the Zoom Era
3620,Digital Playground: Where Luxury Fashion is Finding its Sense of Humour
3621,Fashion and Gaming: How Luxury Fashion Brands Use Gamification
3622,Fashion Values: Economy
3623,A History of Royal Fashion
3624,The Future of Fashion
3625,Fashion Values: Nature
3626,Art Comes First: Exploring the Intersection of Style and Identity
3627,"Fashion Management: Brands, Communication & Distribution"
3628,"Fashion Management: Defining Markets, Business Models & Trends"
3629,"Fashion Management: Innovation, Entrepreneurship & Sustainability"
3630,Fashion Management: Products and Collections
3631,Exploring Body Neutrality and Body Image with Jameela Jamil
3632,Who Made My Clothes?
3633,Fashion's Future: The Sustainable Development Goals
3634,WW1 Heroism: Through Art and Film
3635,Film Distribution: Connecting Films with Audiences
3636,Introduction to Photography Basics
3637,"Preparing for a Practice-based PhD in Fine Art, Design, and Film"
3638,Introduction to Image Analysis for Plant Phenotyping
3639,Filmmaking and Animation Online and in the Classroom
3640,"Lights, Camera, Computer - Action! How Digital Technology is Transforming Film, TV, and Gaming"
3641,Digital Playground: Where Luxury Fashion is Finding its Sense of Humour
3642,Improving Your Image: Dental Photography in Practice
3643,Introduction to Production Design for Film and Screen
3644,"The Essential Financial Management Toolbox for Film, Screen and Broadcast"
3645,The Living Picture Craze: An Introduction to Victorian Film
3646,Pictures of Youth: An Introduction to Children’s Visual Culture
3647,Art Comes First: Exploring the Intersection of Style and Identity
3648,Drone Safety for Managers (Australia)
3649,Drone Safety for Managers (India)
3650,Drone Safety for Managers (Latin America)
3651,Pop Art
3652,Digital Skills: User Experience
3653,UX Design Fundamentals: Business Value Through User Experience (UX) Design
3654,UX Design Fundamentals: Creating Business Outcomes
3655,UX Design Fundamentals: Delivering Value to Users
3656,UX Design Strategy and Application: Customer Journey Mapping
3657,UX Design Strategy and Application: Customer Profiling and Design Sprints
3658,"UX Design Strategy and Application: Strategy, Innovation and the Future of Work"
3659,Introduction to UX Design
3660,UX Design Fundamentals: Business Value Through User Experience (UX) Design
3661,UX Design Fundamentals: Creating Business Outcomes
3662,UX Design Fundamentals: Delivering Value to Users
3663,Introduction to UX and Accessible Design
3664,Creating a Great User Experience for Mobile Apps
3665,How to Create Great Online Content
3666,UX Design Strategy and Application: Customer Journey Mapping
3667,UX Design Strategy and Application: Customer Profiling and Design Sprints
3668,"UX Design Strategy and Application: Strategy, Innovation and the Future of Work"
3669,Start Writing Fiction
3670,Digital Copywriting Fundamentals
3671,Copywriting Fundamentals
3672,Feature Writing
3673,"Fairy Tales: Meanings, Messages, and Morals"
3674,What Does It Mean to Be Human? An Introduction to the Humanities
3675,What Is Poetry? An Introduction to Literary Analysis
3676,Preparing for University
3677,Brand Strategy and Communication
3678,Stylistics: Using Linguistics to Explore Texts and Meaning
3679,An Introduction to Screenwriting
3680,Poetry: How to Read a Poem
3681,Pictures of Youth: An Introduction to Children’s Visual Culture
3682,The Art of Washi Paper in Japanese Rare Books
3683,Content Marketing Strategy with Advertising Week
3684,How to Write Your First Song
3685,"Cancer and the Older Person: Improving Care, Outcomes and Experience"
3686,Transgender Healthcare: Caring for Trans Patients
3687,Ethical Decision-Making in Care
3688,Good Pharmacy Practice: Medication Management
3689,Understanding Mental Health in Muslim Communities
3690,Cancer Survivorship for Primary Care Practitioners
3691,Rheumatoid Arthritis: Exercises for Hands
3692,Interpreting Genomic Variation: Fundamental Principles
3693,Interpreting Genomic Variation: Inherited Cancer Susceptibility
3694,"Caregiving, Dementia, and Incontinence"
3695,An Introduction to Leading with Kindness and Compassion in Health and Social Care
3696,Safeguarding Adults: Level 3 Training
3697,Personalised Care: Peer Leadership Foundation - Step Two
3698,Caring for Older People: a Partnership Model
3699,Taking Control of Your Hip and Knee Osteoarthritis
3700,A Survey of Substance Use Disorder
3701,Introduction to Medical Cannabis: Seed to Sale
3702,Physiotherapy Exercise and Physical Activity for Knee Osteoarthritis (PEAK - PORTUGUESE)
3703,Personal Trainer's Toolkit: Developing Fitness Programs for Older People
3704,Integrative Pain Management - Chinese Medicine and Western Medicine
3705,Research Ethics and Vulnerability:  Ethical Research in Adults with Impaired Decision-Making Capacity
3706,Caring for Children Moving Alone: Protecting Unaccompanied and Separated Children
3707,"WISDOM - Tomorrow’s Doctor, Today: Supporting Today’s Expert Generalist GP"
3708,Conducting Remote Consultations and Triage
3709,Capacity Building: Core Competencies for Health Promotion
3710,Cognitive Behavioural Skills to Treat Back Pain: The Back Skills Training (BeST) Programme
3711,Neurological Disorders: How to Provide Care
3712,English for Healthcare
3713,Understanding Genetic Disorders: How DNA Influences Health
3714,Managing COVID-19 in Primary Care
3715,Working with Patients with Limited Health Literacy
3716,"Healthy Ageing: Concepts, Interventions, and Preparing for the Future"
3717,Dysphagia: Swallowing Difficulties and Medicines
3718,End-of-Life Care for People with Dementia
3719,Protecting Children during COVID-19 and other Infectious Disease Outbreaks
3720,Physiotherapy Exercise and Physical Activity for Knee Osteoarthritis (PEAK)
3721,Developing Clinical Empathy: Making a Difference in Patient Care
3722,Preventing and Managing Infections in Childcare and Pre-school
3723,Social Care During COVID-19: Coping with Self-Isolation and Social Distancing
3724,COVID-19: Psychological First Aid in Africa
3725,Foundations in Dementia
3726,Supporting Victims of Domestic Violence
3727,The Many Faces of Dementia
3728,Medicine Administration for Carers
3729,Care Home Nursing: Changing Perceptions
3730,Tackling Antimicrobial Resistance: A Social Science Approach
3731,A Practical Guide for SARS-CoV-2 Whole Genome Sequencing
3732,Causes of Human Disease: Transmitting and Fighting Infection
3733,Lyme Disease: Prevention and Management
3734,Making sense of genomic data: COVID-19 web-based bioinformatics
3735,The Resistant Mosquito: Staying Ahead of the Game in the Fight against Malaria
3736,The Power of Genomics to Understand the COVID-19 Pandemic
3737,Examining African Contributions to Global Health
3738,"Plagues, Pestilence and Pandemics: Are You Ready?"
3739,The Monday Campaigns: Lessons in Public Health Promotion
3740,Diagnostics for AMR: Building Back Better from the COVID-19 Pandemic
3741,Managing COVID-19 in Primary Care
3742,The Role of Diagnostics in the Antimicrobial Resistance Response
3743,Protección de la infancia durante la COVID-19 y otros brotes de enfermedades infecciosas
3744,Challenges in Antibiotic Resistance: Point Prevalence Surveys
3745,Challenges in Antibiotic Resistance: Gram Negative Bacteria
3746,"Antimicrobial Stewardship for the Gulf, Middle East and North Africa"
3747,The Role of Vaccines in Preventing Infectious Diseases and Antimicrobial Resistance
3748,Syndromic Testing and Antimicrobial Stewardship
3749,COVID-19 in Africa: Managing the Outbreak in Primary Care Settings
3750,e-Bug Health Educator Training
3751,Preventing and Managing Infections in Childcare and Pre-school
3752,Vaccine Development: Finding a Vaccine for COVID-19 and Future Pandemics
3753,Collecting and Using Data for Disease Control and Global Health Decision-Making
3754,Prison Health: Managing Outbreaks of Tuberculosis in Prisons
3755,Disease Outbreaks in Low and Middle Income Countries
3756,The Global Challenge of Vector Borne Diseases and How to Control Them
3757,A History of Public Health in Post-War Britain
3758,Genealogy: Researching Your Family Tree
3759,"New Zealand History, Culture and Conflict: A Museum Perspective"
3760,Discover the Hidden History of York
3761,Travelling Books: History in Europe and Japan
3762,The Scientific Revolution: Understanding the Roots of Modern Science
3763,A History of Royal Fashion
3764,Policing and Protest in Manchester: The Moss Side Riots
3765,Many Faces: Understanding the Complexities of Chinese Culture
3766,An Introduction to Japanese Subcultures
3767,A Global History of Sex and Gender: Bodies and Power in the Modern World
3768,History of Slavery in the British Caribbean
3769,Beyond the Ballot: Women’s Rights and Suffrage from 1866 to Today
3770,Peterloo to the Pankhursts: Radicalism and Reform in the 19th Century
3771,Sino-Japanese Interactions  Through Rare Books
3772,English Football: a Social History
3773,Japanese Culture Through Rare Books
3774,Get ready for a Masters in Data Science and AI
3775,AI and Big Data in Global Health Improvement
3776,Artificial Intelligence for Healthcare: Opportunities and Challenges
3777,Applications of AI Technology
3778,AI for Legal Professionals (II): Tools for Lawyers
3779,Artificial Intelligence: Distinguishing Between Fact and Fiction
3780,Begin Robotics
3781,How to Implement Industry 4.0 Technologies
3782,Digital Skills: Artificial Intelligence
3783,Introduction to Microsoft Azure AI Fundamentals
3784,MedTech: AI and Medical Robots
3785,Build a Physical Computing Prototype
3786,Internet of Things (IoT) and Sustainability
3787,Introduction to Tools for Robotics
3788,Learn about Current Digital Workplace Trends
3789,Introduction to Application of Robotic Tools
3790,Dynamics 365: Customer Engagement for Sales
3791,Microsoft Future Ready: Data Science Research Methods Using Python Programming
3792,Microsoft Future Ready: Designing and Implementing an Azure AI Solution
3793,Microsoft Future Ready: Ethics and Law in Data and Analytics
3794,Microsoft Future Ready: Principles of Machine Learning with Python Programming
3795,A Beginner’s Guide to Becoming a Blockchain Developer with Overledger
3796,IT Ethics: Professionalism and Ethics in Computing
3797,Intelligent Systems: An Introduction to Deep Learning and Autonomous Systems
3798,Using AI to Gain a Competitive Edge for your Customer Experience (CX)
3799,Get Started with a Voice Assistant: Developing Alexa Skills
3800,Introduction to Creative AI
3801,AI for Healthcare: Equipping the Workforce for Digital Transformation
3802,Applied Artificial Intelligence: Computer Vision and Image Analysis
3803,Applied Artificial Intelligence: Natural Language Processing
3804,Applied Artificial Intelligence: Speech Recognition Systems
3805,Microsoft Future Ready: Designing and Implementing an Azure AI Solution
3806,Microsoft Future Ready: Ethics and Law in Data and Analytics
3807,Microsoft Future Ready: Using Python Programming to Explore the Principles of Machine Learning
3808,AI Programming with Python for Beginners
3809,AI and Machine Learning Algorithms Using Python
3810,Deep Learning on Azure with Python: AI for Beginners
3811,Deep Learning on Azure with Python: Introduction to Deep Learning
3812,Deep Learning on Azure with Python: Introduction to Machine Learning
3813,Introduction to Artificial Intelligence and Machine Learning
3814,Mastering Cloud Computing for AI: How to Use Microsoft Azure
3815,Mathematics for Data Science: Essential Mathematics for Machine Learning and AI
3816,Microsoft Future Ready: Essential Mathematics for Machine Learning and AI
3817,Building a Future with Robots
3818,"The Laws of Digital Data, Content and Artificial Intelligence (AI)"
3819,Design a Feminist Chatbot
3820,Introduction to Physical Computing
3821,Containerised Applications on AWS
3822,Exam Prep: AWS Certified Cloud Practitioner Foundations
3823,AWS: Essential Optimisation for Cloud Cost Management
3824,AWS Cloud Practitioner Essentials: Jumpstart your journey within the AWS Cloud
3825,AWS Cloud Technical Essentials
3826,Microsoft Future Ready: Azure Cloud Fundamentals
3827,Get Started with a Voice Assistant: Developing Alexa Skills
3828,Microsoft Future Ready: Introduction to Azure Cloud for Data Scientists
3829,Azure Cloud Fundamentals for Data Science with Python
3830,Managing Big Data with R and Hadoop
3831,NFTs: A Practical Guide
3832,Introduction to Digital Transformation and E-Commerce
3833,How to Implement Industry 4.0 Technologies
3834,Digital Skills: Digital Skills for Work and Life
3835,Digital Skills: Mobile
3836,Introduction to Data Engineering with Microsoft Azure 2
3837,Introduction to Microsoft Azure Fundamentals
3838,A Beginner’s Guide to Docker
3839,Agile Project Management with Jira for Beginners
3840,Essential Applications for Agile Scrum Project Management
3841,Introduction to 5G and Wireless Mobile Communications
3842,User Management in Salesforce
3843,A Beginner’s Guide to Web Development with HTML5
3844,Introduction to Networking Basics with CCNA
3845,Introduction to Data Analytics for Investment
3846,R for Regression and Machine Learning in Investment
3847,Creating engaging content for Social Media
3848,Accounting With Xero: A Beginner’s Guide
3849,Create a Professional Online Presence
3850,Information Security Policy and Management
3851,Introduction to Emerging Technologies in a Professional Kitchen
3852,Learn about Current Digital Workplace Trends
3853,Presenting Your Work with Impact: Presentation Skills Training
3854,The Cyber Security Landscape
3855,Containerised Applications on AWS
3856,CRM Fundamentals and Practice: Introduction to Salesforce
3857,CRM Fundamentals and Practice: Salesforce Automation and Best Practice
3858,"CRM Fundamentals and Practice: Salesforce Reports, Objects, and Data Management"
3859,Microsoft Future Ready: Introduction to Design Thinking
3860,Data Visualisation with Python: Bokeh and Advanced Layouts
3861,Data Visualisation with Python: Matplotlib and Visual Analysis
3862,Dynamics 365: Customer Engagement for Sales
3863,Dynamics 365: Implementing Power Platform Integrations
3864,Dynamics 365: Testing and Deploying Power Platform Applications
3865,Dynamics 365: Using Power Platform Applications
3866,Microsoft Dynamics 365 Fundamentals
3867,Microsoft Future Ready: Ethics and Law in Data and Analytics
3868,AWS: Essential Optimisation for Cloud Cost Management
3869,Computer Vision: Image Understanding for Efficient Business and Industry
3870,Microsoft Power BI: Advanced Data Analysis and Visualisation
3871,Successful Data Analysis for Modern Industries
3872,Introduction to Microsoft Power Platform for Business
3873,Advanced Agile with Scrum and Kanban
3874,Scaled Agile
3875,A Beginner’s Guide to Becoming a Blockchain Developer with Overledger
3876,AWS Cloud Technical Essentials
3877,Digital Discovery
3878,IT Ethics: Professionalism and Ethics in Computing
3879,Digital Skills: Embracing Digital Technology
3880,Microsoft Excel: Advanced Data Analysis and Visualisation
3881,How to Plan a Hackathon: Hacking the Challenges of Digital Education
3882,Innovation in EdTech: Hacking the Challenges of Digital Education
3883,Successful Agile for Digital Teams
3884,Software Development Basics
3885,"Decentralised Finance: Blockchain, Ethereum, and The Future of Banking"
3886,Introduction to Blockchain Technology and Applications
3887,Digital Skills: Reimagine Your Career
3888,Using AI to Gain a Competitive Edge for your Customer Experience (CX)
3889,Introduction to UX Design
3890,The Human Face of User Research: How to do User Research Online and Offline
3891,Learn about Current Digital Workplace Trends
3892,Dynamics 365: Customer Engagement for Sales
3893,Dynamics 365: Implementing Power Platform Integrations
3894,Dynamics 365: Testing and Deploying Power Platform Applications
3895,Dynamics 365: Using Power Platform Applications
3896,Dynamics 365: Working with Power Platform Automation
3897,Microsoft Dynamics 365 Fundamentals
3898,Microsoft Future Ready: Designing and Implementing a Data Science Solution on Azure
3899,Systems Thinking for Sustainability: Practical Application of the SiD Method
3900,CRM Fundamentals and Practice: Introduction to Salesforce
3901,"CRM Fundamentals and Practice: Salesforce Reports, Objects, and Data Management"
3902,How to Implement Industry 4.0 Technologies
3903,Migrating to the AWS Cloud
3904,Designing Infrastructure Solutions with Microsoft Azure Architecture
3905,Introduction to Data Engineering with Microsoft Azure 1
3906,Introduction to Data Engineering with Microsoft Azure 2
3907,Introduction to Microsoft Azure AI Fundamentals
3908,Introduction to Microsoft Azure Fundamentals
3909,User Management in Salesforce
3910,Version Control Essentials: Git and GitHub
3911,Cloud Computing for Beginners
3912,Introduction to Networking Basics with CCNA
3913,Internet of Things (IoT) and Sustainability
3914,The Cyber Security Landscape
3915,Containerised Applications on AWS
3916,"Google Classroom: Share, Collect, and Manage Student Work Online"
3917,Microsoft Future Ready: Fundamentals of Internet of Things (IoT)
3918,Dynamics 365: Implementing Power Platform Integrations
3919,Dynamics 365: Working with Power Platform Automation
3920,Microsoft Dynamics 365 Fundamentals
3921,AWS: Essential Optimisation for Cloud Cost Management
3922,Programming Essentials with Python: Cloud Technology and SaaS
3923,AWS Cloud Practitioner Essentials: Jumpstart your journey within the AWS Cloud
3924,AWS Cloud Technical Essentials
3925,Microsoft Future Ready: Azure Cloud Fundamentals
3926,Dynamics 365: Testing and Deploying Power Platform Applications
3927,Microsoft Future Ready: Designing and Implementing a Data Science Solution on Azure
3928,Microsoft Future Ready: Introduction to Azure Cloud for Data Scientists
3929,Programming Essentials with Python: Cloud Technology and SaaS
3930,Microsoft Future Ready: Designing and Implementing an Azure AI Solution
3931,Azure Cloud Fundamentals for Data Science with Python
3932,Deep Learning on Azure with Python: AI for Beginners
3933,Deep Learning on Azure with Python: Introduction to Deep Learning
3934,Deep Learning on Azure with Python: Introduction to Machine Learning
3935,Deep Learning on Azure with Python: Reinforcement Learning
3936,Deep Learning on Azure with Python: The Basics of Python Programming
3937,Introduction to Data Science with Microsoft Azure
3938,Mastering Cloud Computing for AI: How to Use Microsoft Azure
3939,Microsoft Future Ready: Designing and Implementing a Data Science Solution on Azure
3940,Microsoft Future Ready: Designing and Implementing a Data Science Solution on Azure
3941,Collaborative Coding with Git
3942,Computer Programming for Everyone
3943,Getting Started with Your Raspberry Pi
3944,AI for Legal Professionals (II): Tools for Lawyers
3945,Introduction to JavaScript
3946,Interview Preparation for Java Developers
3947,A Beginner's Guide to C# and .NET
3948,A Beginner’s Guide to Web Development with HTML5
3949,How to Program in C++
3950,Build a Physical Computing Prototype
3951,"Introduction to VR Programming, Design, and Unity"
3952,Data Visualisation with Python: Bokeh and Advanced Layouts
3953,Data Visualisation with Python: Matplotlib and Visual Analysis
3954,Microsoft Future Ready: Data Science Research Methods Using Python Programming
3955,Start a CoderDojo Club
3956,Prepare for a Software Development Career
3957,Programming Applications with Python: Graphics User Interface (GUI)
3958,Programming Applications with Python: Libraries and Web Scraping
3959,Programming Applications with Python: Working with Files
3960,Programming Essentials with Python: Cloud Technology and SaaS
3961,Programming Essentials with Python: Matplotlib and Seaborn
3962,Software Development: Understanding Python
3963,Information Security for Beginners
3964,A Beginner’s Guide to Becoming a Blockchain Developer with Overledger
3965,"People, Networks and Neighbours: Understanding Social Dynamics"
3966,Introduction to Programming with Python
3967,Fortran for Scientific Computing
3968,Get Started with a Voice Assistant: Developing Alexa Skills
3969,Data Analytics and Python Fundamentals
3970,Data Wrangling and Ingestion using Python
3971,Python Packages: NumPy and Pandas Dataframe
3972,Introduction to Conversational Interfaces
3973,Creating a Great User Experience for Mobile Apps
3974,Learn to Code for the Web
3975,Prepare to Run a Code Club
3976,Data Visualisation with Python: Bokeh and Advanced Layouts
3977,Data Visualisation with Python: Matplotlib and Visual Analysis
3978,Data Visualisation with Python: Seaborn and Scatter Plots
3979,Programming Applications with Python: Graphics User Interface (GUI)
3980,Programming Applications with Python: Libraries and Web Scraping
3981,Programming Applications with Python: Working with Files
3982,Programming Essentials with Python: Cloud Technology and SaaS
3983,Programming Essentials with Python: Matplotlib and Seaborn
3984,Programming Essentials with Python: Source Code and Solutions Architecture
3985,Microsoft Future Ready: Data Science Research Methods Using Python Programming
3986,Microsoft Future Ready: Principles of Machine Learning with Python Programming
3987,Microsoft Future Ready: Using Python Programming to Explore the Principles of Machine Learning
3988,AI Programming with Python for Beginners
3989,AI and Machine Learning Algorithms Using Python
3990,Azure Cloud Fundamentals for Data Science with Python
3991,Data Query with Transact-SQL with Python
3992,Deep Learning on Azure with Python: Introduction to Deep Learning
3993,Deep Learning on Azure with Python: Introduction to Machine Learning
3994,Deep Learning on Azure with Python: Reinforcement Learning
3995,Deep Learning on Azure with Python: The Basics of Python Programming
3996,Microsoft Future Ready: Data Query with Transact-SQL (T-SQL)
3997,Microsoft Future Ready: Data Science Research Methods on Python Programming
3998,Microsoft Future Ready: Introduction to Python Programming
3999,Software Development Fundamentals: Programming Languages and HTML
4000,Software Development Fundamentals: Project Management
4001,Software Development Fundamentals: Web Accessibility and CSS
4002,Software Development with Python and Java: Introducing Java
4003,Software Development with Python and Java: Prepare for a Software Development Career
4004,Software Development with Python and Java: Understanding Python
4005,Create Accessible Interfaces
4006,Learning in the Network Age
4007,Supercomputing
4008,Understanding Quantum Computers
4009,Design a Feminist Chatbot
4010,Introduction to Physical Computing
4011,Ethical Hacking: An Introduction
4012,The Cyber Security Landscape
4013,Cyber Security Awareness and Solutions
4014,How Cyber Security Affects the Software Development Life Cycle
4015,Secure System Analysis and Design
4016,Security System and Application Development
4017,System Security Testing and Maintenance
4018,Cryptography and Digital Certificates
4019,Information Security Policy and Management
4020,Introduction to Cyber Security
4021,The Cyber Security Landscape
4022,The Future of Cyber Security and Emerging Technologies
4023,Microsoft Future Ready: Fundamentals of Enterprise Security
4024,Information Security for Beginners
4025,IT Ethics: Professionalism and Ethics in Computing
4026,Cyber Crime Investigation
4027,Cyber Security Incident Response for Managers
4028,Introduction to Digital Forensics: Malware Analysis and Investigations
4029,Practical: Malware Analysis and Investigations
4030,"Decentralised Finance: Blockchain, Ethereum, and The Future of Banking"
4031,ISO 27001: ISO Implementation Practitioner
4032,Advanced Cyber Security Training: Hands-On Password Attacks
4033,Advanced Cyber Security Training: Network Security
4034,Advanced Cyber Security Training: OWASP Top 10 and Web Application Fundamentals
4035,Cryptography and Digital Certificates
4036,Information Security Policy and Management
4037,Risk Management and Security Vulnerabilities
4038,The Cyber Security Landscape
4039,The Future of Cyber Security and Emerging Technologies
4040,Introduction to Network Security and Defence
4041,Network Security and Defence: A History of IT
4042,Network Security and Defence: Network Environments
4043,Network Security and Defence: Security Architecture
4044,The Future of Network Security and Defence
4045,Current Issues in Secure Development
4046,Cyber Security Foundations: Common Malware Attacks and Defense Strategies
4047,Cyber Security Foundations: Identity and Access Management
4048,Cyber Security Foundations: Reinforcing Identity and Access Management
4049,Cyber Security Foundations: Why Cyber Security is Important
4050,How Cyber Security Affects the Software Development Life Cycle
4051,Secure System Analysis and Design
4052,Security System and Application Development
4053,System Security Testing and Maintenance
4054,Ethical Hacking: An Introduction
4055,Harnessing Emerging Disruptive Technologies
4056,Microsoft Future Ready: Fundamentals of Enterprise Security
4057,The Future of Network Security and Defence
4058,Introduction to JavaScript
4059,A Beginner's Guide to Java Programming
4060,How to Become a Java Developer
4061,Mobile and Web Testing with Selenium WebDriver and Java
4062,Prepare for a Software Development Career
4063,Software Development: Introducing Java
4064,Software Development with Python and Java: Introducing Java
4065,Software Development with Python and Java: Prepare for a Software Development Career
4066,Software Development with Python and Java: Understanding Python
4067,Introduction to Networking Basics with CCNA
4068,System Security Testing and Maintenance
4069,Cryptography and Digital Certificates
4070,Information Security Policy and Management
4071,The Cyber Security Landscape
4072,Microsoft Future Ready: Fundamentals of Enterprise Security
4073,Introduction to Effective Network Analysis
4074,Information Security for Beginners
4075,AWS Cloud Technical Essentials
4076,Advanced Cyber Security Training: Network Security
4077,Introduction to Network Security and Defence
4078,Network Security and Defence: A History of IT
4079,Network Security and Defence: Network Environments
4080,Network Security and Defence: Security Architecture
4081,The Future of Network Security and Defence
4082,How to Pass IELTS: Writing
4083,English Language Learning Through Sustainability
4084,Learn English Through TV Drama Series: Adrift
4085,Learn English Through TV Drama Series: My Name is Lucky
4086,Learn English Through TV Drama Series: Skipper's Pass
4087,Improve your IELTS Speaking score
4088,Conversational Chinese: Leisure Activities and Daily Life
4089,Introduction to the Chinese Language
4090,HSK Standard Course Level 2: 2.2
4091,HSK Standard Course Level 2: 2.3
4092,Contemporary Chinese IV: 4.1
4093,Contemporary Chinese IV: 4.2
4094,HSK Standard Course Level 1: 1.1
4095,HSK Standard Course Level 1: 1.2
4096,HSK Standard Course Level 1: 1.3
4097,Contemporary Chinese II: 2.1
4098,Contemporary Chinese II: 2.2
4099,Fall in Love with Mandarin
4100,Contemporary Chinese I:  1.2
4101,Contemporary Chinese I: 1.1
4102,Learn Chinese: Introduction to Chinese Conversation
4103,Learn Chinese: Introduction to Chinese Grammar
4104,Learn Chinese: Introduction to Chinese Pronunciation and Tone
4105,Many Faces: Understanding the Complexities of Chinese Culture
4106,A Beginner's Guide to Writing in English for University Study
4107,English for Academic Study
4108,English Pronunciation in a Global World
4109,EAL: English Language for Nature Conservation and Sustainability
4110,English Language Learning Through Sustainability
4111,Learn English Through TV Drama Series: Adrift
4112,Learn English Through TV Drama Series: My Name is Lucky
4113,Learn English Through TV Drama Series: Skipper's Pass
4114,Learn English Through TV Drama Series: Upper Intermediate English Language
4115,Improve your IELTS Speaking score
4116,Practise your PTE Academic Speaking Skills
4117,English for STEM: Understanding Maths Vocabulary
4118,English for STEM: Understanding Engineering Vocabulary
4119,English for STEM: Understanding Science Vocabulary
4120,English for STEM: Understanding Technology Vocabulary
4121,English as a Medium of Instruction for Academics
4122,Basic English 1: Elementary
4123,Basic English 2: Pre-Intermediate
4124,English for Healthcare
4125,An Intermediate Guide to Writing in English for University Study
4126,PTE Success: The Skills You Need
4127,Introduction to Intercultural Studies: Language and Culture
4128,Working with Translation: Theory and Practice
4129,Introduction to Comparative Indo-European Linguistics
4130,Te Reo Māori: Introduction to Pronunciation
4131,Travelling Books: History in Europe and Japan
4132,Teaching English Grammar in Context
4133,Intermediate Korean: Exploring the Language and Culture of Korea
4134,Multilingual Practices: Tackling Challenges and Creating Opportunities
4135,Language Testing During Awake Brain Surgery
4136,"An Introduction to Sociolinguistics: Accents, Attitudes and Identity"
4137,Shakespeare's Language: Revealing Meanings and Exploring Myths
4138,Let's Learn Portuguese Language
4139,Multiculturalism In ASEAN
4140,Learn Chinese: Introduction to Chinese Pronunciation and Tone
4141,Let's Learn Thai Language
4142,Intercultural Communication: Dynamics of cultural identities in global interaction
4143,Planet Earth: Understanding and Protecting our Environment
4144,Understanding and Measuring the Earth’s Energy Imbalance
4145,Ecopedagogy for Beginners: Putting Climate Change Education Into Action
4146,Unleash Your Potential: Sustainable Futures
4147,Using Systems Thinking to Tackle the Climate and Biodiversity Crisis
4148,Organising for the Sustainable Development Goals (SDGs)
4149,Farm to Fork: Sustainable Food Production in a Changing Environment
4150,Innovation in Arable Farming: Technologies for Sustainable Farming Systems
4151,Sustainable Seafood: Barriers and Opportunities in the Fishing Industry
4152,Environmental Philosophy: Addressing Humanity's Most Urgent Challenges
4153,Renewable Energy: Sustainable Electricity Supply with Microgrids
4154,Learning for a Sustainable Future: Live at COP27
4155,Spatial Circularity Strategies 1: Introduction to Spatial Planning for a Circular Economy
4156,Spatial Circularity Strategies 2: Measuring Circularity Transitions
4157,Spatial Circularity Strategies 3: Urban Metabolism and Methods for Systemic Analysis
4158,Spatial Circularity Strategies 4: Strategic Interventions for Spatial Planning
4159,Introduction to Climate Justice and Equity
4160,Introduction to Teaching Sustainability and Climate Action
4161,Uniting for a Sustainable Future: An Introduction to Global Sustainability
4162,Climate Solutions: Egypt
4163,"Thawing Permafrost: Science, Policy, and Environmental Justice in the Arctic"
4164,Energy Transition and Sustainable Economies
4165,Climate Change and Resilience in Food Systems
4166,Communicating Climate Change for Effective Climate Action
4167,Environmental Ethics
4168,Tackling Climate Change: Sustainable Business Models for a Circular Economy
4169,Building a Sustainable Future with Technology
4170,Fashion and the Climate Crisis: An Introduction to Sustainability
4171,Global Inequalities and the Just Transition
4172,A Beginner's Guide to Environmental Science: Wicked Problems and Possible Solutions
4173,An Introduction to Sustainability in the Built Environment
4174,Overpopulation: Resource Depletion and Human Innovation
4175,Solving Sustainability Challenges with Te Ao Māori (Māori World View)
4176,Sustainability and Biculturalism: Their Interrelationships and Impacts
4177,The Challenge of Global Water Security
4178,Climate Solutions: UAE
4179,Invisible Worlds: Understanding the Natural Environment
4180,Fashion Values: Society
4181,Mercados de Carbono: Lecciones Europeas para la Acción Climática Transnacional
4182,Making Climate Adaptation Happen: Governing Transformation Strategies for Climate Change
4183,Carbon Markets: Examining EU Policies for Transnational Climate Action
4184,Teaching Climate and Sustainability in Primary Schools: An Outdoor Learning Approach
4185,Climate Change and Public Policy
4186,Exploring Possible Futures: Modeling in Environmental and Energy Economics
4187,Climate Solutions: India
4188,Sustainable Cities: Governing Urban Adaptation Under Climate Change
4189,Championing Change: Human Rights and the Climate Crisis
4190,Real Climate Action: How to Engage People in Climate Change
4191,Artificial Intelligence (AI) for Earth Monitoring
4192,Causes of Climate Change
4193,"How to Measure, Reduce, and Offset your Company’s Carbon Footprint"
4194,Sustainability and Climate Change: An Introduction to Low Carbon Road Transport
4195,Tackling Environmental Challenges for a Sustainable Future
4196,"Bushfires: Response, Relief, and Resilience"
4197,Tipping Points: Climate Change and Society
4198,Achieving Sustainable Development
4199,Climate Change: Solutions
4200,"Agriculture, Economics and Nature"
4201,Concepts in Sustainable Development: An Introduction to the Key Issues 
4202,Climate Change: The Science
4203,Future Food: Sustainable Food Systems for the 21st Century
4204,IUCN Red List of Ecosystems: The Global Standard for Assessing Risks to Ecosystems
4205,Transport Systems: Global Issues and Future Innovations
4206,Achieving Transitions to Zero Carbon Emissions and Sustainable Urban Mobility
4207,Compassion in Fashion: Sustainability and the Global Fur Trade
4208,Understanding and Measuring the Earth’s Energy Imbalance
4209,Ecopedagogy for Beginners: Putting Climate Change Education Into Action
4210,Unleash Your Potential: Sustainable Futures
4211,Learning for a Sustainable Future
4212,Transformando la Movilidad Urbana: Componentes de la Planeación del Transporte para Ciudades Sostenibles
4213,Using Systems Thinking to Tackle the Climate and Biodiversity Crisis
4214,From Waste to Value: How to Tackle Food Waste
4215,Organising for the Sustainable Development Goals (SDGs)
4216,Sustainable Management in the Extractive Industry
4217,Circular Business Models for Sustainable Urban Food Systems
4218,Explore How Farmers Produce Food Sustainably
4219,Farm to Fork: Sustainable Food Production in a Changing Environment
4220,Nutrition for Health and Sustainability
4221,Sustainable Seafood: Barriers and Opportunities in the Fishing Industry
4222,Building Belonging in a Globalised and Mobile World
4223,Fostering Inclusive Citizen Engagement in Urban Development
4224,Agriculture: Smart Food Urban Farming
4225,Environmental Philosophy: Addressing Humanity's Most Urgent Challenges
4226,Educating for Sustainable Development (ESD) in Schools and Universities
4227,Renewable Energy: Sustainable Electricity Supply with Microgrids
4228,Learning for a Sustainable Future: Live at COP27
4229,Spatial Circularity Strategies 1: Introduction to Spatial Planning for a Circular Economy
4230,Spatial Circularity Strategies 2: Measuring Circularity Transitions
4231,Spatial Circularity Strategies 3: Urban Metabolism and Methods for Systemic Analysis
4232,Spatial Circularity Strategies 4: Strategic Interventions for Spatial Planning
4233,Introduction to Climate Justice and Equity
4234,Introduction to Teaching Sustainability and Climate Action
4235,Uniting for a Sustainable Future: An Introduction to Global Sustainability
4236,Clean Air for Urban Liveability
4237,Designing a Green Corridor for Clean Air and Comfort
4238,Transport Policy for Clean Air
4239,Energy Transition and Sustainable Economies
4240,Food Safety and Nutrition: A Global Approach to Public Health
4241,Renewable Energy: Achieving Sustainability through Bioenergy
4242,Communicating Climate Change for Effective Climate Action
4243,Environmental Ethics
4244,Tackling Climate Change: Sustainable Business Models for a Circular Economy
4245,Building a Sustainable Future with Technology
4246,Building Design: Material Selection for Healthier Communities
4247,Building Products and Chemistry
4248,Fashion and the Climate Crisis: An Introduction to Sustainability
4249,Global Inequalities and the Just Transition
4250,Healthier Building Materials and Human Health
4251,A Beginner's Guide to Environmental Science: Wicked Problems and Possible Solutions
4252,An Introduction to Sustainability in the Built Environment
4253,Design Thinking for Sustainable Development
4254,English Language Learning Through Sustainability
4255,Internet of Things (IoT) and Sustainability
4256,Leading Sustainable Communities and Organisations
4257,Overpopulation: Resource Depletion and Human Innovation
4258,Smart Cities: Social Change Through Technology
4259,Solving Sustainability Challenges with Te Ao Māori (Māori World View)
4260,Sustainability and Biculturalism: Their Interrelationships and Impacts
4261,Sustainability in the New Zealand Wine Industry
4262,Sustainability: Energy Transition
4263,"E-Waste and Battery Recycling: Technology, Design, and Challenges"
4264,Your Role in Sustainable Fashion: Sustainable Practices Across the Fashion Ecosystem
4265,Collaboration and Teamwork for Sustainable Innovation
4266,Designing and Building with Healthier Materials
4267,Leadership Skills for Building a Global Community
4268,Soft Skills for Navigating Global Challenges
4269,Sustainability Through Film
4270,Service Science and Sustainability
4271,Sustainable Transportation: An Introduction to E-Mobility
4272,Chemometrics in Air Pollution
4273,"City Liveability: The Intersections of Place, Mobility, and Health"
4274,Climate Solutions: UAE
4275,Transforming Your Organisation with the UN SDGs
4276,Invisible Worlds: Understanding the Natural Environment
4277,Marchés du Carbone : Examen des Politiques de l’UE pour l’Action Climatique Transnationale
4278,Environmental Entrepreneurs: Strategies for Green Business
4279,Fashion Values: Society
4280,Maqasid Al-Shariah and Sustainable Development
4281,Business Futures: Sustainable Business Through Green HR
4282,Introduction to Sustainability and Development
4283,Making Climate Adaptation Happen: Governing Transformation Strategies for Climate Change
4284,Electrification of Urban Mobility: How to Get it Right
4285,Teaching Climate and Sustainability in Primary Schools: An Outdoor Learning Approach
4286,Transforming Urban Mobility: Governing the Transformation to Sustainable Systems
4287,Vehicle-to-Grid Charging for Electric Cars
4288,Exploring Possible Futures: Modeling in Environmental and Energy Economics
4289,"Life Below Water: Conservation, Current Issues, Possible Solutions"
4290,Sustainable Energy Access for Communities
4291,Sustainable Transport and Shared Mobility
4292,Creating Ethical and Sustainable Cities at the Local Level
4293,Climate Solutions: India
4294,Enabling Community-Based Leadership in Design: Sustainable Development of Historic Faith Buildings
4295,Ocean Science in Action: Addressing Marine Ecosystems and Food Security
4296,Artificial Intelligence (AI) for Earth Monitoring
4297,Healthy House Plants: A Complete Guide to Gardening Indoors
4298,"How to Measure, Reduce, and Offset your Company’s Carbon Footprint"
4299,Designing for a Sustainable Future
4300,Sustainability and Climate Change: An Introduction to Low Carbon Road Transport
4301,Bioeconomy: How Renewable Resources Can Help the Future of Our Planet
4302,Nature Connectedness with the University of Derby
4303,Tackling Environmental Challenges for a Sustainable Future
4304,"Bushfires: Response, Relief, and Resilience"
4305,Responsible Marketing and the Fundamentals of Corporate Social Responsibility
4306,Sport for Sustainable Development: Designing Effective Policies and Programmes
4307,New Energy Technologies: Energy Transition and Sustainable Development
4308,Introduction to Sustainable Bioeconomy
4309,The Challenge of Clean Growth and Clean Cities
4310,Citizen Science Projects: How to Make a Difference
4311,"Agriculture, Economics and Nature"
4312,Concepts in Sustainable Development: An Introduction to the Key Issues 
4313,Systems Thinking for Sustainability: Drawing Complexity on a Paper
4314,Battery Storage: Understanding the Battery Revolution
4315,Energy Systems Integration: An Introduction
4316,An Introduction to Systems Thinking for Sustainability: SiD Theory I
4317,Transforming Energy Systems: Why Governance Matters
4318,IUCN Red List of Ecosystems: The Global Standard for Assessing Risks to Ecosystems
4319,Social Innovation: Global Solutions for a Sustainable Future
4320,Upcycling: From Green Ideas to Starting a Business
4321,Social Enterprise: Growing a Sustainable Business
4322,Sustainable Construction and Development
4323,"Humanitarian Action, Response and Relief"
4324,Introduction to Climate Justice and Equity
4325,"Thawing Permafrost: Science, Policy, and Environmental Justice in the Arctic"
4326,Introduction to Intercultural Studies: Intercultural Contact
4327,Communicating Climate Change for Effective Climate Action
4328,Global Inequalities and the Just Transition
4329,Protect the Protest: Using Our Rights to Freedom of Assembly and Expression
4330,How Well Does International Human Rights Law Serve Marginalised People?
4331,"Freedom of Movement, Refugees, Traffickers, and Smugglers"
4332,Digital Politics: Digital Activism and Cyber Warfare
4333,Introduction to Humanitarian Aid
4334,Making Climate Adaptation Happen: Governing Transformation Strategies for Climate Change
4335,Examining African Contributions to Global Health
4336,Climate Change and Public Policy
4337,Korea in a Global Context
4338,Multilingual Practices: Tackling Challenges and Creating Opportunities
4339,Doing Business in Conflict Zones
4340,Doing Good in a Conflict Zone
4341,Tracking Complex Conflicts
4342,Understanding Enemies
4343,"Global Resource Politics: the Past, Present and Future of Oil, Gas and Shale "
4344,Global Studies: Cultures and Organizations in International Relations
4345,Global Studies: Risks and Threats in International Relations
4346,Global Studies: The Future of Globalization
4347,China’s Role in Global Tourism Development
4348,Incarceration: Are Prisons a Suitable Punishment?
4349,Entrepreneurship in Nonprofits
4350,Ecopedagogy for Beginners: Putting Climate Change Education Into Action
4351,Unleash Your Potential: Global Citizenship
4352,Why Do People Migrate? Facts
4353,What Is Sociology? An Introduction
4354,Introduction to Climate Justice and Equity
4355,Community Based Research: Getting Started
4356,Digital Wellbeing
4357,Communicating Climate Change for Effective Climate Action
4358,Understanding Coercive Control
4359,Engaging in Activism for Social Change in Tech
4360,"Inclusive Learning for Students: Building inclusive practice into your life during higher education, and beyond"
4361,Understanding and Tackling Adolescent to Parent Violence
4362,Introduction to Emergency Management
4363,Introduction to Medical Cannabis: Seed to Sale
4364,Overpopulation: Resource Depletion and Human Innovation
4365,Smart Cities: Social Change Through Technology
4366,Solving Sustainability Challenges with Te Ao Māori (Māori World View)
4367,Understanding and Responding to Children who Run Away from Home and Institutions
4368,Measuring Economic Inequality in Today’s World
4369,"City Liveability: The Intersections of Place, Mobility, and Health"
4370,Marchés du Carbone : Examen des Politiques de l’UE pour l’Action Climatique Transnationale
4371,Terrorism and Counterterrorism: Comparing Theory and Practice
4372,Environmental Entrepreneurs: Strategies for Green Business
4373,"Inside the UK Supreme Court: Its Role, Its Work, and Cases that Affect Us All"
4374,Transforming Citizen Participation
4375,"People, Networks and Neighbours: Understanding Social Dynamics"
4376,Multilingual Practices: Tackling Challenges and Creating Opportunities
4377,Doing Business in Conflict Zones
4378,Doing Good in a Conflict Zone
4379,Tracking Complex Conflicts
4380,Understanding Enemies
4381,Defending Dignity: The Universal Declaration of Human Rights
4382,Social Network Analysis: The Networks Connecting People
4383,Exploring Mentorship and Community Change with the Compton Cowboys
4384,Tipping Points: Climate Change and Society
4385,Social Change: How Can Marketing Help?
4386,Partnering for Change: Link Research to Societal Challenges
4387,The Ideal of Self-Governance: Public Policy Beyond Markets and States
4388,Beyond the Ballot: Women’s Rights and Suffrage from 1866 to Today
4389,Social Enterprise: Business Doing Good
4390,Social Innovation in South Korea
4391,"Global Health, Conflict and Violence"
4392,Understanding Depression and Low Mood in Young People
4393,Understanding Mental Health in Muslim Communities
4394,Identifying and Responding to Domestic Violence and Abuse (DVA) in Pregnancy
4395,Overcoming Imposter Syndrome: Identify the Patterns Undermining Your Confidence
4396,Understanding Coercive Control
4397,Understanding and Tackling Adolescent to Parent Violence
4398,Personal Trainer's Toolkit: Mental Health First Aid for Fitness Trainers
4399,Psychological First Aid: Supporting Children and Young People
4400,Sport and Exercise for Brain Health
4401,Young People and Mental Health
4402,Introduction to Behavioural Activation for Depression
4403,"Understanding Anxiety, Depression and CBT"
4404,Addressing Postnatal Depression as a Healthcare Professional
4405,"Bushfires: Response, Relief, and Resilience"
4406,Workplace Wellbeing: How to Build Confidence and Manage Stress
4407,Understanding Suicide and Suicide Prevention Strategies in a Global Context
4408,"Integrating Care: Depression, Anxiety and Physical Illness"
4409,Post-Traumatic Stress Disorder (PTSD) in the Global Context
4410,"Understanding Mental Health: Continuum, Culture and Social Media"
4411,COVID-19: Psychological First Aid
4412,Anxiety in Children and Young People during COVID-19
4413,How To Support Young People Living with Parental Mental Illness
4414,Emotional Intelligence at Work
4415,Managing Mental Health and Stress
4416,Digital Wellbeing
4417,Self Care and Wellbeing: A Practical Guide for Health and Social Care
4418,Overcoming Imposter Syndrome: Identify the Patterns Undermining Your Confidence
4419,Understanding Coercive Control
4420,Become a Trauma-Informed Mindfulness Practitioner
4421,The Goldie Hawn Foundation: Mindful Leadership
4422,Understanding and Tackling Adolescent to Parent Violence
4423,Wellbeing and Resilience at Work
4424,Supporting young people’s mental wellbeing post-COVID
4425,Personal Trainer's Toolkit: Mental Health First Aid for Fitness Trainers
4426,Body Image and Mental Health in Young People
4427,Psychological First Aid: Supporting Children and Young People
4428,Mindfulness Through Film
4429,The Science of Sleep and Dreams
4430,Psychology and Mental Health: Beyond Nature and Nurture
4431,Nutrition and Wellbeing
4432,Research Methods: A Practical Guide to Peer and Community Research
4433,Understanding Addiction
4434,Nature Connectedness with the University of Derby
4435,Demystifying Mindfulness
4436,Workplace Wellbeing: How to Build Confidence and Manage Stress
4437,Youth Mental Health: Supporting Young People Using a Trauma Informed Practice
4438,Developing Clinical Empathy: Making a Difference in Patient Care
4439,Mindfulness: A Focus on Adolescents
4440,Exploring Play: The Importance of Play in Everyday Life
4441,Behaviour Change Interventions: Introductory Principles and Practice
4442,Understanding Gambling Harm in NSW
4443,How To Support Young People Living with Parental Mental Illness
4444,Emotional Intelligence at Work
4445,What is a Mind?
4446,Seeing: How the Brain Creates the Visual World
4447,The Neurobiology of Addiction
4448,Usage de drogues et réduction des risques
4449,Body Image and Mental Health in Young People
4450,"Brain, Behaviour, and Dentistry"
4451,Psychological First Aid: Supporting Children and Young People
4452,Decision Making in a Complex World: Using Computer Simulations to Understand Human Behaviour
4453,Sport and Exercise for Brain Health
4454,The Science of Sleep and Dreams
4455,Qualitative Research Methods for Mental Health in War and Conflict
4456,Psychology and Mental Health: Beyond Nature and Nurture
4457,Music and Intelligence: Can Music Make You Smarter?
4458,Behavioural Economics: Employee and Customer Behaviour
4459,Cognitive Psychology: Employee and Customer Behaviour
4460,Social Psychology: Employee and Customer Behaviour
4461,Drug Use and Harm Reduction
4462,Introduction to Behavioural Activation for Depression
4463,Research Methods in Psychology: Using Animal Models to Understand Human Behaviour
4464,"Music Psychology: Why Does ""Bohemian Rhapsody"" Feel so Good?"
4465,"Identifying and Responding to Drug and Alcohol Addiction in Nursing, Midwifery and Allied Healthcare Practice"
4466,Unlocking The Creative Brain: Develop and Teach Skills For Creative Thinking
4467,Introduction to Cognitive Psychology: An Experimental Science
4468,Youth Mental Health: Supporting Young People Using a Trauma Informed Practice
4469,Mental Skills Training for Sport and Health
4470,Introduction to Health Psychology
4471,COVID-19: Psychological First Aid in Africa
4472,Orientation to Educational Neuroscience
4473,Sports Performance: Different Approaches to Sports Coaching 
4474,Sports Performance: Exploring Sport Psychology
4475,Sports Performance: Training the Body for Sport 
4476,Personal Trainer's Toolkit: Mental Health First Aid for Fitness Trainers
4477,Sport and Exercise for Brain Health
4478,What is Leadership?
4479,Mental Skills Training for Sport and Health
4480,Coaching Skills: A changing landscape
4481,Coaching Skills: An athlete-centred approach
4482,Coaching Skills: Leadership and self-awareness
4483,Coaching Skills: Team culture
4484,Coaching Skills: The mental game
4485,Understanding Depression and Low Mood in Young People
4486,How To Support Young People Living with Parental Mental Illness
4487,Helping Young People Manage Low Mood and Depression
4488,Teaching Students Who Have Suffered Complex Trauma
4489,Child Protection for Teachers
4490,Understanding Coercive Control
4491,Understanding ADHD: Current Research and Practice
4492,Understanding and Tackling Adolescent to Parent Violence
4493,Understanding and Responding to Children who Run Away from Home and Institutions
4494,Supporting young people’s mental wellbeing post-COVID
4495,Body Image and Mental Health in Young People
4496,Good Practice in Autism Education
4497,Mindfulness Through Film
4498,Young People and Mental Health
4499,Understanding Autism
4500,Childhood Adversity: The Impact of Childhood Maltreatment on Mental Health
4501,Supporting Adolescent Learners: Social and Emotional Wellbeing
4502,Understanding Addiction
4503,Youth Mental Health: Supporting Young People Using a Trauma Informed Practice
4504,Coping with Changes: Social-Emotional Learning Through Play
4505,Mindfulness: A Focus on Adolescents
4506,Orientation to Educational Neuroscience
4507,Integrated Healthcare for Children with Developmental Disabilities
4508,"Understanding Mental Health: Continuum, Culture and Social Media"
4509,Exploring Cancer Medicines
4510,Introduction to Translational Research: Connecting Scientists and Medical Doctors
4511,Biochemistry: the Molecules of Life
4512,Discovering Science: Atmospheric Chemistry
4513,Discovering Science: Chemical Products
4514,Discovering Science: Global Challenges
4515,Discovering Science: Medicinal Chemistry
4516,Understanding Biological Energy
4517,Chemometrics in Air Pollution
4518,Introduction to Thermodynamics
4519,Earth and Life
4520,Habitability
4521,Icy Moons and Exoplanets
4522,Life on Mars
4523,The Future of Life
4524,Foundations of Science for Undergraduate Degrees
4525,Exploring Everyday Chemistry
4526,Antimicrobial Resistance in the Food Chain
4527,Identifying Food Fraud
4528,Get ready for a Masters in Data Science and AI
4529,An Introduction to Machine Learning in Quantitative Finance
4530,How to Implement Industry 4.0 Technologies
4531,Making sense of genomic data: COVID-19 web-based bioinformatics
4532,Data Science Projects and Applications
4533,Microsoft Future Ready: Fundamentals of Big Data
4534,Data Visualisation with Python: Bokeh and Advanced Layouts
4535,Data Visualisation with Python: Matplotlib and Visual Analysis
4536,Microsoft Future Ready: Data Science Research Methods Using Python Programming
4537,Programming Applications with Python: Working with Files
4538,Introduction to Data Science for Educators
4539,Cancer in the 21st Century: The Genomic Revolution
4540,Introduction to Data Science for Business
4541,An Introduction to Artificial Intelligence in the Tourism Industry
4542,Artificial Intelligence (AI) for Earth Monitoring
4543,Introduction to Process Mining with ProM
4544,Process Mining in Healthcare
4545,Essential Mathematics for Data Science and Machine Learning: Using R
4546,Microsoft Future Ready: Data Query with Transact-SQL (T-SQL)
4547,Microsoft Future Ready: Designing and Implementing a Data Science Solution on Azure
4548,Microsoft Future Ready: Fundamentals to R for Data Science
4549,Microsoft Future Ready: Introduction to Azure Cloud for Data Scientists
4550,Microsoft Future Ready: Introduction to Data Science
4551,Microsoft Future Ready: Data Science Research Methods Using Python Programming
4552,Microsoft Future Ready: Designing and Implementing an Azure AI Solution
4553,Azure Cloud Fundamentals for Data Science with Python
4554,Data Query with Transact-SQL with Python
4555,Introduction to Data Science with Microsoft Azure
4556,Microsoft Future Ready: Data Query with Transact-SQL (T-SQL)
4557,Microsoft Future Ready: Data Science Research Methods on Python Programming
4558,Microsoft Future Ready: Designing and Implementing a Data Science Solution on Azure
4559,Microsoft Future Ready: Designing and Implementing a Data Science Solution on Azure
4560,Microsoft Future Ready: Essential Mathematics for Machine Learning and AI
4561,Microsoft Future Ready: Introduction to Python Programming
4562,Data Science in the Games Industry
4563,Planet Earth: Understanding and Protecting our Environment
4564,Understanding and Measuring the Earth’s Energy Imbalance
4565,Moons
4566,Spatial Circularity Strategies 1: Introduction to Spatial Planning for a Circular Economy
4567,Spatial Circularity Strategies 2: Measuring Circularity Transitions
4568,Spatial Circularity Strategies 3: Urban Metabolism and Methods for Systemic Analysis
4569,Spatial Circularity Strategies 4: Strategic Interventions for Spatial Planning
4570,Discovering Science: Atmospheric Chemistry
4571,Renewable Energy: Achieving Sustainability through Bioenergy
4572,A Beginner's Guide to Environmental Science: Wicked Problems and Possible Solutions
4573,Come Rain or Shine: Understanding the Weather
4574,The Challenge of Global Water Security
4575,Extreme Geological Events
4576,Hurricane Tracking with Satellite Data
4577,"Life Below Water: Conservation, Current Issues, Possible Solutions"
4578,Introduction to Thermodynamics
4579,Artificial Intelligence (AI) for Earth Monitoring
4580,Earth and Life
4581,Habitability
4582,Learn About Weather
4583,Causes of Climate Change
4584,"The Biology of Bugs, Brains, and Beasts"
4585,Climate Change: Solutions
4586,Climate Change: The Science
4587,IUCN Red List of Ecosystems: The Global Standard for Assessing Risks to Ecosystems
4588,So You Want to Study Life Science?
4589,Environmental Challenges: Justice in Natural Resource Management
4590,Fundamentals of Economics
4591,Measuring Economic Inequality in Today’s World
4592,Health Technology Assessment in Practice
4593,Health Technology Assessment: Definition and Method
4594,Scarcity and Resources in Healthcare
4595,Electrical Industry: Production and Economics
4596,Medical Equipment Donations to Low Resource Settings
4597,Risk Management in the Global Economy
4598,Transport Systems: Global Issues and Future Innovations
4599,Combatting Corrosion: An Introduction to SOCORRO
4600,An Introduction to Building Information Modelling
4601,Spatial Circularity Strategies 1: Introduction to Spatial Planning for a Circular Economy
4602,Spatial Circularity Strategies 2: Measuring Circularity Transitions
4603,Spatial Circularity Strategies 3: Urban Metabolism and Methods for Systemic Analysis
4604,Spatial Circularity Strategies 4: Strategic Interventions for Spatial Planning
4605,An Introduction to Electronic Engineering
4606,Introduction to Maintenance Engineering
4607,English for STEM: Understanding Engineering Vocabulary
4608,Sustainable Transportation: An Introduction to E-Mobility
4609,Chemometrics in Air Pollution
4610,Effective Communication Skills for Engineers
4611,Engineering the Future: Creating the Amazing
4612,An Introduction to Digital Manufacturing and 3D Printing
4613,Principles of Engineering
4614,Ideation: The First Step in Engineering Design
4615,Additive Manufacturing and 3D Printing: Costs Structures and Benefits
4616,Introduction to Metal Additive Manufacturing (AM) Technology
4617,Additive Manufacturing for Business: Practices and Ecosystem
4618,New Energy Technologies: Energy Transition and Sustainable Development
4619,Drone Safety for Managers (UK)
4620,Transforming Energy Systems: Why Governance Matters
4621,Technical Report Writing for Engineers
4622,Construction Ethics and Compliance
4623,Quality in Construction
4624,Supercomputing
4625,"Electrical Engineering: Sensing, Powering and Controlling"
4626,Laser Safety Awareness
4627,Introduction to Thermodynamics
4628,Earth and Life
4629,Habitability
4630,Icy Moons and Exoplanets
4631,Life on Mars
4632,The Future of Life
4633,"Frontier Physics, Future Technologies"
4634,"Physics, Astronomy, and Space: Teaching Secondary Science"
4635,Ultrasound Imaging: What Is Inside?
4636,Battery Storage: Understanding the Battery Revolution
4637,Energy Systems Integration: An Introduction
4638,English for STEM: Understanding Maths Vocabulary
4639,Introduction to Data Science for Educators
4640,Statistical Shape Modelling: Computing the Human Anatomy
4641,Data Analytics and Python Fundamentals
4642,Essential Mathematics for Data Science and Machine Learning: Using R
4643,Microsoft Future Ready: Introduction to Data Science
4644,Essential Mathematics for Data Analysis in Microsoft Excel
4645,The Online Educator: People and Pedagogy
4646,Blended and Hybrid Learning Design in Higher Education
4647,How to Use Classroom 200
4648,Improve Student Assessment with Microsoft Forms
4649,A Digital Edge: Essentials for the Online Learner
4650,Blended Learning Essentials: Embedding Your Practice
4651,Blended Learning Essentials: Getting Started
4652,How to Create Video for Online Courses
4653,Being a Flexible Music Teacher
4654,Teaching Digital Skills for Sustainable Education
4655,"Google Classroom: Share, Collect, and Manage Student Work Online"
4656,Blended and Online Learning Design
4657,Learning During and After COVID-19: Developing Online Education Programmes
4658,Instructional Design and Technology for Society
4659,Teaching English Online
4660,Using Film to Teach Literacy Online and in the Classroom
4661,Best Practice for Education:  Professional Development Showcase
4662,How to Create an Online Course
4663,Grow Your Workforce: How to Teach Adult Learners
4664,Leadership of Education Technology in Schools
4665,"Physics, Astronomy, and Space: Teaching Secondary Science"
4666,Using Virtual Scenarios to Create Effective Learning
4667,Digital Learning Toolkit: Resources for Successful Online Teaching
4668,Making Blended Education Work
4669,Dyslexia and Foreign Language Teaching
4670,The Online Educator: People and Pedagogy
4671,Supporting Adult and Adolescent Students with Dyslexia
4672,Exploring Gender Equality in Education
4673,Exploring Teaching and Assessment for Higher Education
4674,Teaching Students Who Have Suffered Complex Trauma
4675,Child Protection for Teachers
4676,Interfaith Dialogue for Combating Extremism among Young People
4677,"Education for All: Disability, Diversity and Inclusion "
4678,Best Practices for Culture and Heritage Education in Aotearoa New Zealand
4679,Teaching Digital Literacy: Videogames in Education
4680,Understanding ADHD: Current Research and Practice
4681,Attention and Autism
4682,"Inclusive Learning for Students: Building inclusive practice into your life during higher education, and beyond"
4683,"Enriching curriculum through culture and heritage in Aotearoa, New Zealand"
4684,Transforming Education in Challenging Environments
4685,Being a Flexible Music Teacher
4686,Blended and Online Learning Design
4687,Good Practice in Autism Education
4688,Inclusive Education: Essential Knowledge for Success
4689,Young People and Mental Health
4690,Understanding Autism
4691,TESOL Strategies: Supporting ESL Students in Mainstream Classrooms
4692,The Museum as a Site and Source for Learning
4693,Promoting Democracy in the Classroom: A Practical Guide for Teachers
4694,Learning Through Play with LEGO® Braille Bricks
4695,Social Learning and Collaboration in School: Learning to thrive through play
4696,Supporting Adolescent Learners: Social and Emotional Wellbeing
4697,Leadership of Education Technology in Schools
4698,Coping with Changes: Social-Emotional Learning Through Play
4699,The Right to Education: Breaking Down the Barriers
4700,Integrated Healthcare for Children with Developmental Disabilities
4701,Coaching in Education: Addressing the Need for Deep Communication
4702,Dyslexia and Foreign Language Teaching
4703,Teaching English Grammar in Context
4704,Plurilingual Classrooms in Action
4705,English Grammar for Teachers
4706,Teaching English Online
4707,TESOL Strategies: Supporting ESL Students in Mainstream Classrooms
4708,Short Film in Language Teaching
4709,Teacher Training: Choosing the Right PGCE for You
4710,Child Protection for Teachers
4711,Introduction to Teaching Sustainability and Climate Action
4712,Best Practices for Culture and Heritage Education in Aotearoa New Zealand
4713,Apprendre par le jeu avec les LEGO® Braille Bricks
4714,"Enriching curriculum through culture and heritage in Aotearoa, New Zealand"
4715,Transforming Education in Challenging Environments
4716,Supporting young people’s mental wellbeing post-COVID
4717,Teaching English Grammar in Context
4718,Sustainability Through Film
4719,Start a CoderDojo Club
4720,Becoming a Better Music Teacher
4721,Creating Apps in the Classroom
4722,Good Practice in Autism Education
4723,Teaching Entrepreneurial Thinking
4724,Teaching Phonics in Early Childhood
4725,English Grammar for Teachers
4726,Teaching Climate and Sustainability in Primary Schools: An Outdoor Learning Approach
4727,Filmmaking and Animation Online and in the Classroom
4728,World Class Maths: Asian Teaching Methods
4729,World Class Maths: Asian Teaching Practice
4730,TESOL Strategies: Supporting ESL Students in Mainstream Classrooms
4731,Learning Through Play with LEGO® Braille Bricks
4732,Using Technology in Evidence-Based Teaching and Learning
4733,Our Solar System and Beyond: Teaching Primary Science
4734,e-Bug Health Educator Training
4735,Coping with Changes: Social-Emotional Learning Through Play
4736,Preventing and Managing Infections in Childcare and Pre-school
4737,Supporting Successful Learning in Primary School
4738,Understanding and Teaching Evolution
4739,Exploring Play: The Importance of Play in Everyday Life
4740,Digital Transformation in the Classroom
4741,Education Research that Matters: Applying Research to Your Teaching Practice
4742,Becoming a Teacher
4743,Interdisciplinary Learning: Working Across Disciplines
4744,Dyslexia and Foreign Language Teaching
4745,The Online Educator: People and Pedagogy
4746,Educational Leadership: Improving Schools through Effective Leadership
4747,Teacher Training: Choosing the Right PGCE for You
4748,Global Education for Teachers
4749,Exploring Teaching and Assessment for Higher Education
4750,Teaching Students Who Have Suffered Complex Trauma
4751,Child Protection for Teachers
4752,Teaching Migration Through Data and Storytelling
4753,Educating for Sustainable Development (ESD) in Schools and Universities
4754,"Education for All: Disability, Diversity and Inclusion "
4755,Introduction to Teaching Sustainability and Climate Action
4756,Key Ideas in Mentoring Mathematics Teachers
4757,Blended Learning Essentials: Developing Digital Skills
4758,Blended Learning Essentials: Digitally-Enriched Apprenticeships
4759,Blended Learning Essentials: Embedding Your Practice
4760,Blended Learning Essentials: Getting Started
4761,How to Create Video for Online Courses
4762,Measuring What Matters: Transforming Assessment and Recognition of Complex Learning Competencies
4763,Best Practices for Culture and Heritage Education in Aotearoa New Zealand
4764,Teaching Digital Literacy: Videogames in Education
4765,Understanding ADHD: Current Research and Practice
4766,"Enriching curriculum through culture and heritage in Aotearoa, New Zealand"
4767,Transforming Education in Challenging Environments
4768,Being a Flexible Music Teacher
4769,Teaching Digital Skills for Sustainable Education
4770,Supporting young people’s mental wellbeing post-COVID
4771,Google for Education: How to Promote Group Work and Inspire Creativity
4772,Teaching English Grammar in Context
4773,Sustainability Through Film
4774,Blended and Online Learning Design
4775,Learning During and After COVID-19: Developing Online Education Programmes
4776,Becoming a Better Music Teacher
4777,Creating Apps in the Classroom
4778,Good Practice in Autism Education
4779,Teaching Entrepreneurial Thinking
4780,Instructional Design and Technology for Society
4781,Inclusive Education: Essential Knowledge for Success
4782,Introduction to Data Science for Educators
4783,English as a Medium of Instruction for Academics
4784,Teaching Phonics in Early Childhood
4785,English Grammar for Teachers
4786,Innovative Teaching: Engaging Adult Learners with Active Learning
4787,Teaching Climate and Sustainability in Primary Schools: An Outdoor Learning Approach
4788,Teaching the Holocaust: Innovative Approaches to the Challenges We Face
4789,Teaching English Online
4790,World Class Maths: Asian Teaching Methods
4791,Best Practice for Education:  Professional Development Showcase
4792,Supporting Adolescent Learners: Social and Emotional Wellbeing
4793,How to Succeed as a Newly Qualified Teacher
4794,Unlocking The Creative Brain: Develop and Teach Skills For Creative Thinking
4795,Becoming a Student Assistant: Teaching and Mentoring
4796,How to Create an Online Course
4797,Supporting Early Career Teacher Development with the Early Career Framework
4798,Preparing for Teaching
4799,Using Technology in Evidence-Based Teaching and Learning
4800,"Physics, Astronomy, and Space: Teaching Secondary Science"
4801,e-Bug Health Educator Training
4802,Preventing and Managing Infections in Childcare and Pre-school
4803,Supporting Successful Learning in Primary School
4804,Supporting Successful Learning in Secondary School
4805,Using Virtual Scenarios to Create Effective Learning
4806,Teach like an Entrepreneur: Bringing Entrepreneurship into the Classroom
4807,Learning and Memory: Understandings from Educational Neuroscience
4808,Neuroleadership and Conceptual Approaches in Educational Neuroscience
4809,Neuroplasticians and Neuromyths
4810,Orientation to Educational Neuroscience
4811,Testing Times in the Classroom: Challenges of 21st Century Education
4812,Making Blended Education Work
4813,Education Research that Matters: Doing Research in Your Learning Community
4814,Integrated Healthcare for Children with Developmental Disabilities
4815,Professional Development for Early Career Teachers
4816,Exploring Play: The Importance of Play in Everyday Life
4817,Digital Transformation in the Classroom
4818,Education Research That Matters: Ways of Researching
4819,Education Research that Matters: Applying Research to Your Teaching Practice
4820,Dyslexia and Foreign Language Teaching
4821,Teacher Training: Choosing the Right PGCE for You
4822,Interfaith Dialogue for Combating Extremism among Young People
4823,Introduction to Teaching Sustainability and Climate Action
4824,Key Ideas in Mentoring Mathematics Teachers
4825,Best Practices for Culture and Heritage Education in Aotearoa New Zealand
4826,Teaching Digital Literacy: Videogames in Education
4827,"Enriching curriculum through culture and heritage in Aotearoa, New Zealand"
4828,Transforming Education in Challenging Environments
4829,Teaching Digital Skills for Sustainable Education
4830,Supporting young people’s mental wellbeing post-COVID
4831,Teaching English Grammar in Context
4832,Sustainability Through Film
4833,Start a CoderDojo Club
4834,Becoming a Better Music Teacher
4835,Creating Apps in the Classroom
4836,Good Practice in Autism Education
4837,Teaching Entrepreneurial Thinking
4838,Instructional Design and Technology for Society
4839,Introduction to Data Science for Educators
4840,English Grammar for Teachers
4841,Teaching the Holocaust: Innovative Approaches to the Challenges We Face
4842,Filmmaking and Animation Online and in the Classroom
4843,TESOL Strategies: Supporting ESL Students in Mainstream Classrooms
4844,Best Practice for Education:  Professional Development Showcase
4845,Supporting Adolescent Learners: Social and Emotional Wellbeing
4846,Unlocking The Creative Brain: Develop and Teach Skills For Creative Thinking
4847,Using Technology in Evidence-Based Teaching and Learning
4848,"Physics, Astronomy, and Space: Teaching Secondary Science"
4849,e-Bug Health Educator Training
4850,Supporting Successful Learning in Secondary School
4851,Teach like an Entrepreneur: Bringing Entrepreneurship into the Classroom
4852,Neuroleadership and Conceptual Approaches in Educational Neuroscience
4853,Neuroplasticians and Neuromyths
4854,Orientation to Educational Neuroscience
4855,Understanding and Teaching Evolution
4856,Exploring Play: The Importance of Play in Everyday Life
4857,Digital Transformation in the Classroom
4858,Education Research that Matters: Applying Research to Your Teaching Practice
4859,Becoming a Teacher
4860,Teaching Mathematics: Overcoming Miscommunication
4861,Key Ideas in Mentoring Mathematics Teachers
4862,Teaching Digital Literacy: Videogames in Education
4863,Teaching Digital Skills for Sustainable Education
4864,Start a CoderDojo Club
4865,Equity in Informal STEM Learning: Using the Equity Compass
4866,Becoming an Expert Educator in the Healthcare Professions
4867,Creating Apps in the Classroom
4868,Introduction to Data Science for Educators
4869,World Class Maths: Asian Teaching Methods
4870,World Class Maths: Asian Teaching Practice
4871,How to Plan a Hackathon: Hacking the Challenges of Digital Education
4872,Intermediate Python
4873,Best Practice for Education:  Professional Development Showcase
4874,Our Solar System and Beyond: Teaching Primary Science
4875,"Physics, Astronomy, and Space: Teaching Secondary Science"
4876,Prepare to Run a Code Club
4877,Understanding and Teaching Evolution
4878,A Beginner’s Guide to Corporate Social Responsibility
4879,Business Ethics: Exploring Big Data and Tax Avoidance
4880,Collaborative Coding with Git
4881,Communication and Interpersonal Skills at Work
4882,Essential Skills for Your Career Development
4883,Innovation: the Fashion Industry
4884,International Leadership: The Evolution of Management and Leadership Theory
4885,Starting a Business 1: Vision and Opportunity
4886,Starting a Business 2: People and Networks
4887,Starting a Business 3: Customers and Competitors
4888,Starting a Business 4: Business Processes
4889,Starting a Business 5: Managing Finances
4890,Starting a Business 6: Funding Your Business
4891,Uncovering Your Entrepreneurial Potential
4892,Cultural Leadership: Harnessing Culture to Become an Effective Leader
4893,How to Succeed at: Interviews
4894,How to Succeed at: Writing Applications
4895,Principles of Service Management
4896,"Sustainability: An Introduction to ESG (Environmental, Social and Governance)"
4897,The Secret Power of Brands
4898,Applied Leadership and Self-Development: Expanding the Toolkit
4899,Exploring Instructional Leadership in Education
4900,Copywriting for Content Marketing
4901,Entrepreneurship in Nonprofits
4902,Generative AI: Implications and Opportunities for Business
4903,International Humanitarian Law for Business
4904,Introduction to Content Design
4905,Social Media in Healthcare: Opportunities and Challenges
4906,Études Globales : Cultures et organisations dans les relations internationales
4907,Managing Big Data with R and Hadoop
4908,Treasury: Managing Financial Risk
4909,NFTs: A Practical Guide
4910,Unleash Your Potential: Innovation and Enterprise
4911,Occupational Health in Developing Countries
4912,Manage Virtual and Hybrid Teams
4913,Build an Agile Team
4914,Create Innovative Teams with Design Thinking
4915,Introduction to Applied Leadership and Self-Development: The Fundamental Tools
4916,Create Energised and Empowered Teams
4917,Manage Team Performance
4918,Business Analytics Using Forecasting
4919,Localization for Marketers
4920,Crisis Leadership
4921,Essentials in Arts Fundraising
4922,Health Emergency Response to a Pandemic: An Integrated Social Science Perspective
4923,Leadership in Arts Fundraising
4924,Enterprise: Everybody’s Business
4925,An Introduction to Machine Learning in Quantitative Finance
4926,Foundations of Writing
4927,Organising for the Sustainable Development Goals (SDGs)
4928,A Just Transition to a Low-Carbon Economy
4929,An Introduction to Financial Management in Construction
4930,Career Skills for the 2020s: Navigating the Online World of Work
4931,Emergency Planning and Preparedness: An Introduction
4932,Emotional Intelligence at Work
4933,Foundations of Project Management
4934,Get Started With Digital Marketing
4935,International Human Resources Management: An Introduction
4936,Introduction to Digital Transformation and E-Commerce
4937,"Social Influence: Diversity, Conformity, and Conflict"
4938,"Treasury: The Importance of Governance, Ethics, Compliance, and Audit"
4939,Sustainable Management in the Extractive Industry
4940,An Introduction to Leading with Kindness and Compassion in Health and Social Care
4941,How to Develop Cultural Awareness
4942,Circular Business Models for Sustainable Urban Food Systems
4943,Edward Jenner: 0 - An Introduction to Personal Development
4944,Intellectual Property Management in the Food Sector: Safeguarding Your Trademarks in the Global Marketplace
4945,Understanding Food Supply Chains in a Time of Crisis
4946,Introduction to Predictive Modelling
4947,Safeguarding: A Guide for Charities
4948,How to Use a Drone for Security Purposes
4949,Leading Culturally Diverse Teams in the Workplace
4950,A Beginner’s Guide to Giving and Receiving Feedback
4951,Data Science for Climate Change
4952,Fraud Prevention in the Charity Sector
4953,Preparing your Child for the Future of Work
4954,Reporting Obligations of Your Charity Part B: Financial Skills for ACNC Reporting Requirements
4955,The Annual Information Statement
4956,English Grammar: All You Need to Know
4957,How to Foster Teamflow in the Workplace
4958,Climate Literacy and Action for All
4959,The Freelance Bible: How to Be a Freelancer in Any Industry
4960,Workforce Planning: Research and Implementation the Basics
4961,Introduction to Corporate Treasury
4962,Developing Leadership Skills for Social Work and Social Care
4963,How to Build Leadership Resilience
4964,People Management Skills
4965,Agile and Continuous Workflows in Localization
4966,Doing Business in Web3
4967,Introduction to Sustainability and Business Value
4968,SMART Tourism and Responsible Travel
4969,Credible Content Creation for Communications Professionals
4970,Foundations in System Leadership: Collaborating for Health and Care
4971,Introduction to Digital Transformation: Digital Transformation in Perspective
4972,Introduction to Digital Transformation: Planning Your Digital Transformation Journey
4973,Introduction to Digital Transformation: The Digital Capability Benchmark
4974,Introduction to Digital Transformation: Transformation Insights and Case Studies
4975,Data Analytics for Managers
4976,Enterprise Risk Management
4977,Fundamentals of Economics
4978,How to Become a Business Executive
4979,Leadership Skills and Change Management in Uncertain Times
4980,"Start Your Own Business: Creativity, Innovation and Research"
4981,Start Your Own Business: Financial Viability for a New Venture
4982,Start Your Own Business: Marketing a New Business
4983,Start Your Own Business: Your Business Idea
4984,Stock Market Investing for Beginners
4985,Active Listening: How to Be an Effective Communicator
4986,Career Management for Early Career Academic Researchers
4987,Digital Skills: Digital Marketing
4988,Digital Skills: Mobile
4989,Digital Skills: Social Media
4990,Event Management for Conferences: the Basics
4991,Innovation Management: Winning in the Age of Disruption
4992,Leading Well for Staff Health and Wellbeing in the NHS
4993,"Recruitment, Selection and Induction: The Basics"
4994,Why Research Matters
4995,Digital Copywriting Fundamentals
4996,"Equality, Diversity, and Inclusion: Understanding Bias and Allyship in EDI"
4997,How to Improve Your Negotiation Skills
4998,Introduction to Personal Financial Planning
4999,Leadership Decision Making
5000,Leadership Development with Action Learning
5001,Powerful Women and the Principles of Feminist Transformational Leadership
5002,A Beginner’s Guide to Data Analytics
5003,"EDI: Foundations of Equality, Diversity, and Inclusion"
5004,"Equality, Diversity, and Inclusion: Identity and Belonging Concepts in EDI"
5005,How to Harness Followership for Leadership Success
5006,Introduction to Business Intelligence and Data Analytics
5007,Leadership Skills: How to Nurture and Develop Talent
5008,"Build Brand Awareness with Paid Ads, Analytics, and Monetisation"
5009,Build a Growth Mindset & Career Success with Advice from Female Founders
5010,Career Coaching for Women: Supercharge Your Career with AllBright
5011,Content Planning and Creation
5012,Energy Transition and Sustainable Economies
5013,Setting Up Your Instagram Profile for Business and Marketing
5014,Sisterhood Works: How to Build a More Meaningful Network
5015,Survive & Thrive as a Creative Freelancer: A Beginner's Guide
5016,"Creative Marketing for Behaviour Change, Sustainability and Social Good"
5017,Introduction to Intercultural Studies: The Branding of Culture
5018,Using Creative Problem Solving
5019,Principles of Wealth Management
5020,A Beginner’s Guide to Data Handling and Management in Excel
5021,Advanced Agile with Scrum and Kanban
5022,Agile for Beginners
5023,Effective Communication Skills for Professionals
5024,How to Buy Cloud - Strategies for Cloud Procurement
5025,Key Concepts of Sustainable Fashion
5026,Overcoming Imposter Syndrome: Identify the Patterns Undermining Your Confidence
5027,Scaled Agile
5028,Tackling Climate Change: Sustainable Business Models for a Circular Economy
5029,The Here and Now of Sustainable Fashion
5030,The Web of Sustainable Fashion: Relationships in the Fashion Industry
5031,Transitioning From Friend To Leader
5032,Digital Skills: Web Analytics
5033,Hadoop Ecosystem Essentials
5034,How to Develop Critical Thinking Skills
5035,Advanced Data Visualisation and Analysis in Excel
5036,Introduction to Cultural Intelligence
5037,Introduction to Fashion Brand Marketing and Retailing
5038,Introduction to Fashion Marketing and Research
5039,Product Design and Manufacturing Processes in the Fashion Industry
5040,A Beginner’s Guide to Scrum Project Management
5041,Agile Project Management with Jira for Beginners
5042,Becoming a Charity Board Member: What You Should Know
5043,"Budget Forecasting, Costing, and Variances"
5044,Budgeting: Final Assessment
5045,Budgeting: How to Prepare a Cash and Functional Budget
5046,Climate Intelligence: Using Climate Data to Improve Business Decision-Making
5047,Computer Science Essentials: Data Structures
5048,Copywriting Fundamentals
5049,Critical and Strategic Thinking in Practice
5050,Emotional Intelligence in Practice
5051,Essential Applications for Agile Scrum Project Management
5052,External Conduct Standards for Charities
5053,Fashion and the Global Supply Chain
5054,Governance Standards Part A: Introduction and Governance Standards 1-3
5055,Governance Standards Part B: Governance Standards 4-6 and How to Wind Up a Charity
5056,Governing a Registered Charity in Australia
5057,How to Become an ACNC Registered Charity
5058,Introduction to Big Data Analytics with Hadoop
5059,Introduction to Business Budgeting
5060,Reporting Obligations of Your Charity Part A: Overview and Basic Financial Skills
5061,The ACNC: How We Help You
5062,User Management in Salesforce
5063,An Introduction to Macro Environmental Analysis and Business Strategy
5064,Break-Even Analysis Unlocked: How to Understand the Profit and Loss Statement
5065,Business Management and Leadership
5066,Business Planning to Grow Successful Companies
5067,Competitor Analysis: From Business Level Strategy to Organisational Structures
5068,Creativity and Innovation: Their Role in Becoming an Entrepreneur
5069,Culturepreneurship: How to Start a Creative Business
5070,Divisional Performance Measurement: How to Achieve Operational Excellence
5071,Financial Statements Unlocked: How to Understand Corporate Finance and Financial Management
5072,Green Innovation and Business Ethics: The Future of Entrepreneurship
5073,How to Make Better Capital Investment Decisions and Recognise Investment Opportunities
5074,How to Master Financial Statements: Financial Ratio Analysis and Interpretation
5075,Implementing Your Business Ideas: From Risk Identification to SWOT Analysis
5076,Internal Analysis of a Company: From Value Chain to SWOT Analysis
5077,International Leadership: Ethical Leadership and Decision-Making
5078,International Leadership: Managing Culture as Leaders
5079,International Leadership: Politics and Philosophy in Leadership
5080,International Leadership: Reflective Practice in Leadership
5081,International Marketing: Challenges and Opportunities
5082,International Marketing: Cultural Factors
5083,International Marketing: Definition and Strategy
5084,International Marketing: Product Adaptation vs Standardisation
5085,International Marketing: Selection and Market Entry Strategies
5086,Strategic Goals: How to Master Corporate Strategy
5087,Strategic Planning: Target Markets and Business Decision-Making
5088,Success and Failure in Entrepreneurship: Discover the Key to Business Success
5089,The Goldie Hawn Foundation: Mindful Leadership
5090,Understanding Marketing Basics
5091,A Beginner’s Guide to Critical and Creative Thinking
5092,Digital Marketing Strategy: Creating Objectives and Using Measurement Frameworks
5093,Digital Marketing Strategy: Developing Strategy and Strategic Positioning
5094,Digital Marketing Strategy: Situation Analysis
5095,"Digital Marketing Strategy: Tactics, Action and Control"
5096,Introduction to Data Analytics for Investment
5097,Introduction to Financial Accounting
5098,Law and the Framing of Migrants and Migration
5099,Law's Absence and Law's Failings
5100,R for Regression and Machine Learning in Investment
5101,Creating engaging content for Social Media
5102,Decision Making: How to Choose the Right Problem to Solve
5103,Digital Marketing Analytics and Measurement: Advanced Web Analytics
5104,Digital Marketing Analytics and Measurement: Goals and Attribution Modelling
5105,Digital Marketing Analytics and Measurement: Reporting Dashboards
5106,Digital Marketing Analytics and Measurement: Web Analytics Planning and Tactics
5107,Digital Marketing Analytics and Measurement: Web Analytics in Perspective
5108,Evidence and Data Collection for Problem Solving
5109,Accounting With Xero: A Beginner’s Guide
5110,Accounting for Today’s Dynamic World
5111,Collaborative Working in a Remote Team
5112,Create a Professional Online Presence
5113,Global Shocks: How to Manage Change in the Global Business Environment
5114,Harnessing Emerging Disruptive Technologies
5115,How to Invest: Modern-Day Financial Decisions
5116,How to Launch Your Own Food Product
5117,How to Manage Food Costing in the Catering and Restaurant Industry
5118,Introduction to Accounting and the Accounting System
5119,Introduction to Digital Transformation: Understand and Manage Digital Transformation in the Workplace
5120,Introduction to HACCP for Food Safety
5121,Introduction to Menu Engineering
5122,Leading Sustainable Communities and Organisations
5123,Learn about Current Digital Workplace Trends
5124,Mastering the Culinary Art of Plating
5125,Presenting Your Work with Impact: Presentation Skills Training
5126,Strategic Business Planning
5127,Sustainability in the New Zealand Wine Industry
5128,The Design Thinking Toolbox
5129,Wellbeing and Resilience at Work
5130,Core Managers; Inclusive leadership in health and care
5131,Introduction to Application of Robotic Tools
5132,Personal Trainer's Toolkit: Build a Health and Fitness Business Network
5133,CRM Fundamentals and Practice: Introduction to Salesforce
5134,CRM Fundamentals and Practice: Salesforce Automation and Best Practice
5135,"CRM Fundamentals and Practice: Salesforce Reports, Objects, and Data Management"
5136,Collaboration and Teamwork for Sustainable Innovation
5137,Cultivating Diversity through Research and Insights
5138,Cultural Appropriation vs Cultural Appreciation
5139,Designing and Building with Healthier Materials
5140,Digital Marketing Content Creation: Hosting and Measurement
5141,Digital Marketing Content Creation: Marketing Channels and Content Mix
5142,Digital Marketing Content Creation: Online Writing
5143,Digital Marketing Content Creation: Podcast Creation and Distribution
5144,Digital Marketing Content Creation: Video Creation and Editing
5145,Emotional Intelligence and Critical Thinking for Problem Solving
5146,Fashion and Sustainability: Understanding Luxury Fashion in a Changing World
5147,Financial Analysis for Business Decisions: Cash Flow Management
5148,Financial Analysis for Business Decisions: How to Use Tableau and Financial Modelling
5149,Financial Analysis for Business Decisions: Introduction to Data Analysis Tools and Capital Projects
5150,Financial Analysis for Business Performance: Data-Driven Decision Making
5151,"Financial Analysis for Business Performance: Planning, Budgeting, and Forecasting"
5152,Financial Analysis for Business Performance: Reporting and Stakeholder Management
5153,Groupthink: Understanding the Need for a Diverse Workplace
5154,Introduction to Marketing: Fundamentals of Marketing
5155,Introduction to Marketing: Omnichannel Marketing and Analysis
5156,Introduction to Marketing: Understanding your Customers
5157,Leadership Skills for Building a Global Community
5158,Soft Skills for Navigating Global Challenges
5159,Dynamics 365: Customer Engagement for Sales
5160,History Branding: Using History to Strengthen Corporate Identity
5161,Introduction to Home Ownership and Mortgages
5162,Online Display Advertising: Formats and Creative
5163,Online Display Advertising: Measuring Performance
5164,Online Display Advertising: Targeting Options
5165,Online Display Advertising: The User Journey
5166,Service Science and Sustainability
5167,Data Visualisation: Data Dashboards and Storytelling with Tableau
5168,Explore and Understand the Gaming Industry
5169,How to Create Everlasting Experiences Through Gaming
5170,How to Enhance Your Creative Empathy
5171,UX Design Fundamentals: Creating Business Outcomes
5172,UX Design Strategy and Application: Customer Journey Mapping
5173,Effective Communication Skills for Engineers
5174,Email Marketing eCRM: CRM and Marketing Automation
5175,Email Marketing eCRM: Measurement and Iteration
5176,Email Marketing eCRM: Planning and Tactics
5177,Email Marketing eCRM: The User Journey
5178,Research Ethics and Vulnerability:  Ethical Research in Adults with Impaired Decision-Making Capacity
5179,Supply Chain Innovation: How Technology Can Create a Sustainable Future
5180,The Luxury Industry: Customers and Luxury Experiences
5181,Transforming Your Organisation with the UN SDGs
5182,Understanding Fashion: From Business to Culture
5183,Business Agility Foundations: A Framework
5184,Business Agility Foundations: An Agile Culture
5185,Business Agility Foundations: An Introduction
5186,Business Agility Foundations: Engaging Others
5187,Computer Vision: Image Understanding for Efficient Business and Industry
5188,"Power, Politics, and Influence at Work"
5189,Teaching Entrepreneurial Thinking
5190,Enterprise Resource Planning in Operations Management
5191,Entrepreneurship and Innovation: Creative Management for Business Success
5192,Financial Accounting for Business Management
5193,Foundations of Marketing: How to Build a Modern Marketing Plan
5194,Fundamentals of Business Strategy
5195,Fundamentals of Corporate Finance
5196,Fundamentals of International Business
5197,Introduction to Business Law
5198,Operations Management: Process Mapping and Supply Chain
5199,Operations Management: Resource and Workflow Layout
5200,Organisational Behaviour and Leadership Skills
5201,Understanding Research Methods in Business
5202,Exploring Sustainable Production Systems
5203,Microsoft Power BI: Advanced Data Analysis and Visualisation
5204,Search Marketing: Mapping the User Journey
5205,Search Marketing: Measuring Search Marketing
5206,Search Marketing: Paid Search Marketing – Pay Per Click (PPC)
5207,Search Marketing: Search Engine Optimisation (SEO)
5208,Statistics and Data Analysis in Excel
5209,Successful Data Analysis for Modern Industries
5210,Accounting Transactions: Further Considerations
5211,Career Planning Essentials: Unlock Your Future
5212,Controls within an Accounting System
5213,Introduction to Accounting and the Accounting System
5214,Other Accounting Functions: Payroll and Banking
5215,Competitive Advantage: Using Information to Build Business Success
5216,Human Resources: Hiring and Managing Talent in the 21st Century
5217,Social Media Marketing: Managing Social Media
5218,Social Media Marketing: Organic and Paid Social Media
5219,Social Media Marketing: Social Media Channels
5220,Social Media Marketing: The User Journey
5221,Instructional Design and Technology for Society
5222,Gender and Labour in the Global South
5223,HR Fundamentals
5224,Advanced Agile with Scrum and Kanban
5225,Agile for Beginners
5226,Business Futures: Sustainable Business Through Green HR
5227,Digital Marketing in Perspective
5228,Digital Marketing: Content Marketing
5229,Digital Marketing: Marketing Channel Objectives
5230,Digital Marketing: Personas and User Journeys
5231,Scaled Agile
5232,Electrification of Urban Mobility: How to Get it Right
5233,Innovative Teaching: Engaging Adult Learners with Active Learning
5234,Power Dressing in the Zoom Era
5235,IT Ethics: Professionalism and Ethics in Computing
5236,Inclusive Management and Leadership Skills
5237,Investigating Innovation
5238,Planning for Autonomous Vehicles: A People-Centred Approach
5239,Professional Resilience: Building Skills to Thrive at Work
5240,Behavioural Economics: Employee and Customer Behaviour
5241,Cognitive Psychology: Employee and Customer Behaviour
5242,Digital Skills: Embracing Digital Technology
5243,Entrepreneurship: From Business Idea to Action
5244,Introduction to Business Management
5245,Introduction to Health Economics
5246,Microsoft Excel: Advanced Data Analysis and Visualisation
5247,Social Psychology: Employee and Customer Behaviour
5248,Business Opportunities in Additive Manufacturing
5249,Social Entrepreneurship in Educational Technology: Concept Development and Prototyping
5250,Social Entrepreneurship in Educational Technology: Developing a Business Plan
5251,Social Entrepreneurship in Educational Technology: Ideation and Market Research
5252,Sustainable Energy Access for Communities
5253,Brand Strategy and Communication
5254,Creating Strategies for Influencer Marketing
5255,Creative Communication Beyond VR and AR
5256,Digital Playground: Where Luxury Fashion is Finding its Sense of Humour
5257,Enabling Community-Based Leadership in Design: Sustainable Development of Historic Faith Buildings
5258,Fashion and Gaming: How Luxury Fashion Brands Use Gamification
5259,Strategic Design for Social Media
5260,Creating and Measuring Success in eCommerce
5261,Grow and Scale Your eCommerce Business
5262,How to Get Started in eCommerce
5263,"Research and Prepare: Understand eCommerce Customers, Products, and Propositions"
5264,An Introduction to Innovation in Healthcare
5265,Brand Identity: How Branding Works and Building Your Personal Brand
5266,Brand Personality: How to Tell Your Story with Authenticity and Relevance
5267,Brand Purpose: Marketing Yourself and Building Meaningful Connections
5268,Ethical Practices to Guide Innovation
5269,Introduction to Data Science for Business
5270,Successful Agile for Digital Teams
5271,An Introduction to Artificial Intelligence in the Tourism Industry
5272,Facebook Marketing: Organic Reach and Paid Advertising
5273,Introduction to Data Analytics with Python
5274,Leadership Training: Human Leadership
5275,Software Development Basics
5276,Instagram Marketing: Instagram Essentials and Content Creation
5277,LinkedIn Marketing: LinkedIn Essentials and Content Creation
5278,Social Media Marketing Strategy: Objective Setting and Strategic Planning Essentials
5279,Understanding the GDPR
5280,Additive Manufacturing and 3D Printing: Costs Structures and Benefits
5281,Marketing Analytics
5282,Additive Manufacturing for Business: Practices and Ecosystem
5283,"Decentralised Finance: Blockchain, Ethereum, and The Future of Banking"
5284,Placemaking and Public Space Design: Unlocking Tourist Destinations
5285,Fundamentals of Digital Marketing
5286,Product Management Essentials
5287,University and Your Future: Career Planning and Making the Most of Your Degree
5288,Doing Business in Conflict Zones
5289,Doing Good in a Conflict Zone
5290,Intelligent Systems: An Introduction to Deep Learning and Autonomous Systems
5291,Digital Skills: Reimagine Your Career
5292,"How to Measure, Reduce, and Offset your Company’s Carbon Footprint"
5293,Using AI to Gain a Competitive Edge for your Customer Experience (CX)
5294,Introduction to Agile Project Management
5295,Drafting and Negotiating Commercial Contracts: A guide to contract law for non-lawyers 
5296,Strategic planning for professional service firms in the time of COVID-19
5297,"The Essential Financial Management Toolbox for Film, Screen and Broadcast"
5298,UX Design Fundamentals: Business Value Through User Experience (UX) Design
5299,UX Design Fundamentals: Creating Business Outcomes
5300,UX Design Fundamentals: Delivering Value to Users
5301,Data Analytics and Python Fundamentals
5302,Data Wrangling and Ingestion using Python
5303,Design and Create Custom Dashboards in Excel
5304,Digital Fashion Media
5305,Digital Marketing: Storytelling in the New Communication Landscape
5306,Effective Questioning for Call Handlers
5307,Ethics and Diversity in Fashion
5308,How to Use Pivot Tables to Analyse Data in Excel
5309,Introduction to Excel Charts for Data Visualisation
5310,Leading Strategic Innovation: How to Lead with Purpose
5311,Python Packages: NumPy and Pandas Dataframe
5312,Social Impact in Business: How to Build a Brand that Matters
5313,Sustainable Luxury Fashion
5314,The Business of Beauty: Introduction to the Beauty Industry
5315,The Future of Fashion
5316,The Human Face of User Research: How to do User Research Online and Offline
5317,What is Leadership?
5318,Data Analysis and Fundamental Statistics
5319,Excel for Data Analysis
5320,SQL for Data Analysis
5321,Data Visualisation: Creating charts and complex visualisations in Tableau
5322,Data Visualisation: Data Dashboards and Storytelling with Tableau
5323,Data Visualisation: Data Visualisation with Tableau Fundamentals
5324,Build a Leading Innovation Strategy
5325,Customer Experience Design for Customer Success: CX Impact and Strategic Insights
5326,Customer Experience Design for Customer Success: Designing Great Customer Experiences
5327,Customer Experience Design for Customer Success: Ensuring Customer Success
5328,EFQM Foundation Online Certificate
5329,"Introduction to Business Improvement: Lean Six Sigma, Kaizen, and Problem Solving"
5330,Pathways to Property: Starting Your Career in Real Estate
5331,Project Management: Beyond the Basics
5332,Demystifying Business Models for New Entrepreneurs
5333,Empresas Exponenciales: Guía Para Comenzar
5334,Grow Your Workforce: How to Teach Adult Learners
5335,Introduction to Organisational Development
5336,Workplace Wellbeing: How to Build Confidence and Manage Stress
5337,Drive Business Improvement with the EFQM Model
5338,Beauty Decoded: Strategy in the Global Beauty Business
5339,Communicating with Diverse Audiences
5340,Plan for Project Success: Project Planning and Management
5341,Responsible Marketing and the Fundamentals of Corporate Social Responsibility
5342,Digital Product Management
5343,Fundamentals of Project Planning and Management
5344,Getting Started with Agile and Design Thinking
5345,How to Build Your Creative Resilience
5346,How to Enhance Your Creative Empathy
5347,How to Improve Your Creative Collaboration
5348,Building Your Career in Tomorrow’s Workplace
5349,Capital: crear un plan para conseguir inversionistas
5350,Crecimiento: nunca es temprano para hacer crecer tu negocio
5351,Educational Leadership: Working for Good
5352,"Ejecución: experimentos, recursos y puesta en marcha"
5353,Excel Skills to Make an Impression
5354,Introduction to Studying Business
5355,Master Digital Marketing: Introduction to Marketing
5356,Master Digital Marketing: Marketing Fundamentals
5357,Master Digital Marketing: Marketing Strategy
5358,Master Digital Marketing: The Marketing Mix
5359,Producto: valida y entrega tu propuesta de valor
5360,Visión: la estrategia para alcanzar tu propósito
5361,How to Fundraise: A Guide to Fundraising for Non-Fundraisers
5362,Awareness and Confidence for Effective Leadership
5363,Build Trust and Grow your Self-Confidence
5364,Building Effective Professional Networks and Relationships
5365,Business Etiquette: Master Communication and Soft Skills
5366,Collaborative Working in a Remote Team
5367,Collective Resilience: From Group to Team
5368,Create a Professional Online Presence
5369,Create a Social Media Marketing Campaign
5370,Decision Making: How to Choose the Right Problem to Solve
5371,Design your Purpose as a Leader
5372,Evidence and Data Collection for Problem Solving
5373,Get Creative with People to Solve Problems
5374,How to Create Great Online Content
5375,Introduction to Marketing: Fundamentals of Marketing
5376,Learn about Current Digital Workplace Trends
5377,Presenting Your Work with Impact: Presentation Skills Training
5378,Wellbeing and Resilience at Work
5379,Business Management and Leadership
5380,Business Planning to Grow Successful Companies
5381,Electrical Industry: Production and Economics
5382,Managing Innovation: Learning to Prototype for Business
5383,Research Impact: Making a Difference
5384,Understanding Marketing Basics
5385,Creative Problem Solving: Design Thinking in Health and Social Care
5386,"Work Ready Skills: Job Searches, Writing a CV and Interviewing"
5387,Advertising and Creative Marketing with Advertising Week
5388,Coaching Skills: A changing landscape
5389,Coaching Skills: An athlete-centred approach
5390,Coaching Skills: Leadership and self-awareness
5391,Coaching Skills: Team culture
5392,Coaching Skills: The mental game
5393,Creative Branding with Advertising Week and Fernando Machado
5394,Innovación Social: Soluciones Globales para un Mundo Sostenible
5395,Intercultural Communication: Dynamics of cultural identities in global interaction
5396,Radio and Podcast Marketing with Advertising Week
5397,Social Media Marketing with Advertising Week
5398,Workplace Wellbeing: Stress and Productivity at Work
5399,Artificial Intelligence (AI) in Hospitality: Challenges and Business Opportunities
5400,Business Etiquette
5401,Digital Marketing for Hoteliers
5402,How to Open a Restaurant
5403,How to Plan a Wedding
5404,Mastering Wine Tasting
5405,Methodologies for Service Design
5406,"Nutrition: Healthy Cooking, Healthy Living"
5407,"Big Data Analytics: Opportunities, Challenges, and the Future"
5408,Epargner et Investir
5409,"Fashion Management: Brands, Communication & Distribution"
5410,"Fashion Management: Defining Markets, Business Models & Trends"
5411,"Fashion Management: Innovation, Entrepreneurship & Sustainability"
5412,Fashion Management: Products and Collections
5413,People Studying People: Research Ethics in Society
5414,Risk Management in the Global Economy
5415,Social Change: How Can Marketing Help?
5416,Understanding Public Financial Management: How Is Your Money Spent?
5417,International Marketing: Challenges and Opportunities
5418,International Marketing: Product Adaptation vs Standardisation
5419,International Marketing: Selection and Market Entry Strategies
5420,The Power of Data in Health and Social Care
5421,Workplace Training: Delivery and Assessment Methods
5422,Workplace Training: Introduction to the Training Cycle
5423,Workplace Training: Planning and Designing Training Solutions
5424,Workplace Training: Training Evaluation and Measuring Effectiveness
5425,Drone Safety for Managers (Australia)
5426,Drone Safety for Managers (India)
5427,Drone Safety for Managers (Latin America)
5428,Drone Safety for Managers (UK)
5429,International Marketing: Cultural Factors
5430,International Marketing: Definition and Strategy
5431,Technology Entrepreneurship: How to Start a New Venture
5432,The Future of Human Resource Management (HRM)
5433,An Introduction to Medical Ethics: The Impact of Disability Screening
5434,Distribution Network: Sustainable and Green Logistics
5435,International Logistics: A Beginner’s Guide to Logistics Management
5436,Inventory Management and Economic Order Quantity
5437,Lean Logistics: Decision Making in Supply Chain Management
5438,Multimodal Transport: Sourcing and Procurement in Logistics
5439,Advanced Cyber Security Training: Hands-On Password Attacks
5440,Advanced Cyber Security Training: Network Security
5441,Advanced Cyber Security Training: OWASP Top 10 and Web Application Fundamentals
5442,Introduction to Process Mining with ProM
5443,Teach like an Entrepreneur: Bringing Entrepreneurship into the Classroom
5444,Content Marketing Strategy with Advertising Week
5445,Data Visualisation with Python: Bokeh and Advanced Layouts
5446,Data Visualisation with Python: Matplotlib and Visual Analysis
5447,Data Visualisation with Python: Seaborn and Scatter Plots
5448,Dynamics 365: Customer Engagement for Sales
5449,Dynamics 365: Implementing Power Platform Integrations
5450,Dynamics 365: Testing and Deploying Power Platform Applications
5451,Dynamics 365: Using Power Platform Applications
5452,Dynamics 365: Working with Power Platform Automation
5453,Essential Mathematics for Data Science and Machine Learning: Using R
5454,Global Studies: Cultures and Organizations in International Relations
5455,Marketing Strategy with Advertising Week
5456,Microsoft Dynamics 365 Fundamentals
5457,Quantum Marketing with Raja Rajamannar
5458,Strategic Brand Management with Advertising Week
5459,UX Design Strategy and Application: Customer Journey Mapping
5460,UX Design Strategy and Application: Customer Profiling and Design Sprints
5461,"UX Design Strategy and Application: Strategy, Innovation and the Future of Work"
5462,Applied Artificial Intelligence: Natural Language Processing
5463,Applied Artificial Intelligence: Speech Recognition Systems
5464,Getting Started with Digital Marketing
5465,International Leadership: Ethical Leadership and Decision-Making
5466,International Leadership: Managing Culture as Leaders
5467,International Leadership: Politics and Philosophy in Leadership
5468,International Leadership: Reflective Practice in Leadership
5469,International Leadership: The Evolution of Management and Leadership Theory
5470,Microsoft Future Ready: Ethics and Law in Data and Analytics
5471,Microsoft Future Ready: Principles of Machine Learning with Python Programming
5472,Microsoft Future Ready: Using Python Programming to Explore the Principles of Machine Learning
5473,Systems Thinking for Sustainability: Analyzing and Transitioning Complex Systems
5474,Systems Thinking for Sustainability: Drawing Complexity on a Paper
5475,Systems Thinking for Sustainability: Practical Application of the SiD Method
5476,An Introduction to Macro Environmental Analysis and Business Strategy
5477,Competitor Analysis: From Business Level Strategy to Organisational Structures
5478,Internal Analysis of a Company: From Value Chain to SWOT Analysis
5479,Strategic Goals: How to Master Corporate Strategy
5480,Strategic Planning: Target Markets and Business Decision-Making
5481,AI and Machine Learning Algorithms Using Python
5482,Build a Growth Mindset & Career Success with Advice from Female Founders
5483,CRM Fundamentals and Practice: Introduction to Salesforce
5484,"CRM Fundamentals and Practice: Salesforce Reports, Objects, and Data Management"
5485,Career Coaching for Women: Supercharge Your Career with AllBright
5486,China’s Role in Global Tourism Development
5487,Data Visualisation Fundamentals for Absolute Beginners
5488,Deep Learning on Azure with Python: Introduction to Deep Learning
5489,Deep Learning on Azure with Python: Introduction to Machine Learning
5490,Deep Learning on Azure with Python: Reinforcement Learning
5491,Deep Learning on Azure with Python: The Basics of Python Programming
5492,Essential Mathematics for Data Analysis in Microsoft Excel
5493,Financial Analysis for Business Decisions: How to Use Tableau and Financial Modelling
5494,Financial Analysis for Business Performance: Data-Driven Decision Making
5495,"Financial Analysis for Business Performance: Planning, Budgeting, and Forecasting"
5496,Financial Analysis for Business Performance: Reporting and Stakeholder Management
5497,How to Use Microsoft Excel for Data Analysis
5498,International Culture and Tourism Management: Cultural Heritage and Tourism Management
5499,Introduction to Artificial Intelligence and Machine Learning
5500,Introduction to Data Analysis using Excel for Absolute Beginners
5501,Mastering Cloud Computing for AI: How to Use Microsoft Azure
5502,Microsoft Future Ready: Ethics and Laws in Data and Analytics
5503,Organisations and Project Management: P3M and Knowledge Management
5504,Project Management: Agile Manifesto Principles
5505,Project Management: How to be a Successful Project Manager
5506,Project Planning and Communication: Mastering Gantt Charts and Stakeholder Management
5507,Research Methods in Tourism Studies
5508,Sisterhood Works: How to Build a More Meaningful Network
5509,Software Development Fundamentals: Project Management
5510,Tourism Policy and Planning
5511,Unlocking the Risk Matrix: Project Risk and the Change Management Process
5512,Ethical Management and Decision Making
5513,How to Develop Your Social Media Content Strategy
5514,Influencing and Communication Skills for Managers
5515,"Running a Social Media Campaign: Customers, Influencer Engagement, Analytics"
5516,"Strategic Marketing: Segmentation, Targeting, Positioning"
5517,Understanding Social Media Strategy
5518,Workplace Essentials: Health and Safety
5519,An Introduction to Systems Thinking for Sustainability: SiD Theory I
5520,Leading and Managing People-Centred Change
5521,Collecting and Using Data for Disease Control and Global Health Decision-Making
5522,Introducing Personal Lines Insurance
5523,Become a Better Presenter: Improve Your Public Speaking Skills
5524,Build a Startup from Scratch: the Venture Design Process
5525,Upcycling: From Green Ideas to Starting a Business
5526,How to Get A Graduate Job
5527,Innovative Leadership: Developing Curiosity
5528,Online Recruitment and Onboarding: Providing Continuity for Business and Candidates
5529,Making Sense of Data in the Media
5530,Salary Negotiation for Women in the Workplace
5531,Social Enterprise: Business Doing Good
5532,Social Enterprise: Growing a Sustainable Business
5533,Social Enterprise: Turning Ideas into Action
5534,Social Innovation in South Korea
5535,Introduction to Innovation and Technology in Legal Services
5536,Sustainable Construction and Development
5537,Construction Ethics and Compliance
5538,Lever des Fonds pour ma Startup
5539,Quality in Construction
5540,Raising Funds for Your Startup
5541,Mergers and Acquisitions: Accounting Principles
5542,Why We Post: the Anthropology of Social Media
5543,Introduction to the Travel & Tourism Industry: Passport to the World
5544,Mergers and Acquisitions: Concepts and Theories
5545,Social Innovation in Rural Areas
5546,Introduction to Humanitarian Logistics
5547,Understanding Modern Business and Organisations
5548,Mergers and Acquisitions: Advanced Theory
5549,Fashion's Future: The Sustainable Development Goals
5550,"Project Management Principles, Practices and Systems"
5551,Mergers and Acquisitions: Structuring the Deal
5552,Understanding Data in the Tourism Industry
5553,Mergers and Acquisitions: Free Cash Flow Modeling
5554,Innovation: the Fashion Industry
5555,Physical Theatre: Exploring the Slap
5556,WW1 Heroism: Through Art and Film
5557,A Beginner’s Guide to Film Genres
5558,Compassion in Fashion: Sustainability and the Global Fur Trade
5559,Film Distribution: Connecting Films with Audiences
5560,Start Writing Fiction
5561,Introduction to Content Design
5562,How to Use Classroom 200
5563,The Life and Afterlife of Mary Queen of Scots
5564,English Electronic Music: Delve into the Digital Archives
5565,String Music Appreciation
5566,The History and Culture of Chinese Silk
5567,Essentials in Arts Fundraising
5568,Leadership in Arts Fundraising
5569,How to Read a Film
5570,Motion Capture: The Art of Studying Human Activity
5571,Fashion Technology: An Advanced Guide to CLO 3D
5572,Fashion Values: Cultures
5573,Culture in the Digital Age
5574,Healthcare Selection and Recruitment: Design and Deliver Effective Multiple Mini Interviews (MMIs)
5575,Connecting Across the Culture and Heritage Sector in Aotearoa New Zealand
5576,Medicine and the Arts: Humanising Healthcare
5577,Credible Content Creation for Communications Professionals
5578,Digital Skills: User Experience
5579,How to Make a Short Film: An Introduction to Filmmaking
5580,Digital Copywriting Fundamentals
5581,Content Planning and Creation
5582,Grow Your Instagram Following
5583,How to Teach Writing Using Hybrid Learning Technology with Stylefit
5584,Survive & Thrive as a Creative Freelancer: A Beginner's Guide
5585,"Creative Marketing for Behaviour Change, Sustainability and Social Good"
5586,How to Create Video for Online Courses
5587,MedTech: Trends and Product Design
5588,Upcycling and the Circular Economy: Ghanaian Creative Solutions to Global Textile Waste
5589,A Beginner’s Guide to Creating a VR Experience
5590,"Careers in Fashion: Design, Development, and Promotion"
5591,"Careers in Fashion: Retail Marketing, Merchandising, and Management"
5592,"Careers in Fashion: Styling, Curatorship, and the Ancillary Businesses"
5593,Careers in Fashion: Trend Forecasting and Textile Design
5594,Fashion Technology: A Beginner’s Guide to CLO 3D
5595,Introduction to Fashion Brand Marketing and Retailing
5596,Introduction to Fashion Marketing and Research
5597,Product Design and Manufacturing Processes in the Fashion Industry
5598,A Beginner’s Guide to Fashion Design
5599,Business Law and the Fashion Industry
5600,Business and Workplace Ethics in the Fashion Industry
5601,Consumers and Ethical Considerations in the Fashion Industry
5602,Copywriting Fundamentals
5603,Fashion and the Climate Crisis: An Introduction to Sustainability
5604,Fashion and the Global Supply Chain
5605,Introduction to Careers in Fashion Design
5606,Introduction to Photography Basics
5607,Manufacture and Design Ethics in the Fashion Industry
5608,Sales and Advertising Ethics in the Fashion Industry
5609,Teaching Digital Literacy: Videogames in Education
5610,"Preparing for a Practice-based PhD in Fine Art, Design, and Film"
5611,Digital Marketing Strategy: Creating Objectives and Using Measurement Frameworks
5612,Digital Marketing Strategy: Developing Strategy and Strategic Positioning
5613,Digital Marketing Strategy: Situation Analysis
5614,"Digital Marketing Strategy: Tactics, Action and Control"
5615,Video Game Design and Development: Video Game Character Design
5616,A Reporter’s Toolkit for the Digital Age
5617,Digital Marketing Analytics and Measurement: Advanced Web Analytics
5618,Digital Marketing Analytics and Measurement: Goals and Attribution Modelling
5619,Digital Marketing Analytics and Measurement: Reporting Dashboards
5620,Digital Marketing Analytics and Measurement: Web Analytics Planning and Tactics
5621,Digital Marketing Analytics and Measurement: Web Analytics in Perspective
5622,Feature Writing
5623,Get Creative with People to Solve Problems
5624,"Introduction to Freehand Drawing for Architecture, Interiors and Design."
5625,Introduction to Journalism and Reporting
5626,A Beginner’s Guide to Basic Cooking Skills
5627,Being a Flexible Music Teacher
5628,Design Thinking for Sustainable Development
5629,Food Safety and Personal Hygiene in a Professional Kitchen
5630,How to Launch Your Own Food Product
5631,How to Manage Food Costing in the Catering and Restaurant Industry
5632,Introduction to 3D Animation using Blender
5633,Introduction to Digital Fashion Design Skills
5634,Introduction to Emerging Technologies in a Professional Kitchen
5635,Introduction to Menu Engineering
5636,Introduction to Sustainable Practices in Food Service
5637,Mastering the Culinary Art of Plating
5638,Professional Knife Skills
5639,The Design Thinking Toolbox
5640,The True Story of Jamaican Jerk: Cooking and Caribbean Culture
5641,A Beginner’s Guide to Interior Design Principles and Elements
5642,Anarchy in the UK: A History of Punk from 1976-78
5643,Your Role in Sustainable Fashion: Sustainable Practices Across the Fashion Ecosystem
5644,Digital Marketing Content Creation: Hosting and Measurement
5645,Digital Marketing Content Creation: Marketing Channels and Content Mix
5646,Digital Marketing Content Creation: Online Writing
5647,Digital Marketing Content Creation: Podcast Creation and Distribution
5648,Digital Marketing Content Creation: Video Creation and Editing
5649,Fashion and Sustainability: Understanding Luxury Fashion in a Changing World
5650,Online Display Advertising: Formats and Creative
5651,Online Display Advertising: Measuring Performance
5652,Online Display Advertising: Targeting Options
5653,Online Display Advertising: The User Journey
5654,Data Literacy for Journalists
5655,Explore and Understand the Gaming Industry
5656,How to Build Your Creative Resilience
5657,How to Create Everlasting Experiences Through Gaming
5658,How to Enhance Your Creative Empathy
5659,How to Improve Your Creative Collaboration
5660,How to Understand the Gaming Audience
5661,Programming Essentials with Python: Matplotlib and Seaborn
5662,Software Development: Understanding Python
5663,UX Design Fundamentals: Business Value Through User Experience (UX) Design
5664,UX Design Fundamentals: Creating Business Outcomes
5665,UX Design Fundamentals: Delivering Value to Users
5666,UX Design Strategy and Application: Customer Journey Mapping
5667,UX Design Strategy and Application: Customer Profiling and Design Sprints
5668,"UX Design Strategy and Application: Strategy, Innovation and the Future of Work"
5669,Email Marketing eCRM: CRM and Marketing Automation
5670,Email Marketing eCRM: Measurement and Iteration
5671,Email Marketing eCRM: Planning and Tactics
5672,Email Marketing eCRM: The User Journey
5673,Introduction to Image Analysis for Plant Phenotyping
5674,Understanding Fashion: From Business to Culture
5675,Becoming a Better Music Teacher
5676,Africa to the World: Analysing the Global Appeal for African Luxury Fashion
5677,Search Marketing: Mapping the User Journey
5678,Search Marketing: Measuring Search Marketing
5679,Search Marketing: Paid Search Marketing – Pay Per Click (PPC)
5680,Search Marketing: Search Engine Optimisation (SEO)
5681,Fashion Values: Society
5682,Social Media Marketing: Managing Social Media
5683,Social Media Marketing: Organic and Paid Social Media
5684,Social Media Marketing: Social Media Channels
5685,Social Media Marketing: The User Journey
5686,What Does It Mean to Be Human? An Introduction to the Humanities
5687,What Is Poetry? An Introduction to Literary Analysis
5688,Design Board Games for Socio-Political Change
5689,"An Anthropology of Smartphones: Communication, Ageing and Health"
5690,Digital Marketing in Perspective
5691,Digital Marketing: Content Marketing
5692,Digital Marketing: Marketing Channel Objectives
5693,Digital Marketing: Personas and User Journeys
5694,A Reporter’s Toolkit for the Digital Age
5695,Power Dressing in the Zoom Era
5696,Low-Budget Video Production: Visual Communication for Small Charities
5697,Music and Intelligence: Can Music Make You Smarter?
5698,Filmmaking and Animation Online and in the Classroom
5699,Using Film to Teach Literacy Online and in the Classroom
5700,"Lights, Camera, Computer - Action! How Digital Technology is Transforming Film, TV, and Gaming"
5701,Music Moves: Why Does Music Make You Move?
5702,Preparing for University
5703,Introduction to Acting
5704,"Creating Audio Description: Equality, Diversity, and Inclusion"
5705,Brand Strategy and Communication
5706,Creating Strategies for Influencer Marketing
5707,Creative Communication Beyond VR and AR
5708,Digital Playground: Where Luxury Fashion is Finding its Sense of Humour
5709,Fashion and Gaming: How Luxury Fashion Brands Use Gamification
5710,Placemaking and Public Space Design: Unlocking Place Potential
5711,Strategic Design for Social Media
5712,Fashion Values: Economy
5713,Improving Your Image: Dental Photography in Practice
5714,"Music Psychology: Why Does ""Bohemian Rhapsody"" Feel so Good?"
5715,Women in Arts: From 1900 until today
5716,Designing for a Diverse and Inclusive Future
5717,Ethical Practices to Guide Innovation
5718,Facebook Marketing: Organic Reach and Paid Advertising
5719,Feature Writing
5720,Introduction to Journalism and Reporting
5721,Placemaking and Public Space Design: Unlocking Design Potential
5722,Designing for a Future Where No One Feels Socially Isolated
5723,Instagram Marketing: Instagram Essentials and Content Creation
5724,LinkedIn Marketing: LinkedIn Essentials and Content Creation
5725,Social Media Marketing Strategy: Objective Setting and Strategic Planning Essentials
5726,Explore and Understand the Gaming Industry
5727,How to Create Everlasting Experiences Through Gaming
5728,How to Understand the Gaming Audience
5729,Placemaking and Public Space Design: Unlocking Tourist Destinations
5730,Healthy House Plants: A Complete Guide to Gardening Indoors
5731,How to Read French Poetry
5732,Stylistics: Using Linguistics to Explore Texts and Meaning
5733,"Dementia and the Arts: Sharing Practice, Developing Understanding and Enhancing Lives"
5734,Introduction to UX Design
5735,A History of Royal Fashion
5736,Introduction to Production Design for Film and Screen
5737,"The Essential Financial Management Toolbox for Film, Screen and Broadcast"
5738,UX Design Fundamentals: Business Value Through User Experience (UX) Design
5739,UX Design Fundamentals: Creating Business Outcomes
5740,UX Design Fundamentals: Delivering Value to Users
5741,Designing for a Sustainable Future
5742,Digital Fashion Media
5743,Digital Marketing: Storytelling in the New Communication Landscape
5744,Ethics and Diversity in Fashion
5745,Healthy Cooking Made Easy with BBC Good Food
5746,Sustainable Luxury Fashion
5747,The Business of Beauty: Introduction to the Beauty Industry
5748,The Future of Fashion
5749,Video Game Design and Development: A Bit-by-Bit History of Video Game Music: Video Game Sound and Music
5750,An Introduction to Screenwriting
5751,Designing a Future Where Learning is a Lifestyle
5752,Customer Experience Design for Customer Success: CX Impact and Strategic Insights
5753,Poetry: How to Read a Poem
5754,Video Game Design and Development: Introduction to Game Programming
5755,Film Education: A User's Guide
5756,Learn How to Bake Afternoon Tea with BBC Good Food
5757,Learn How to Bake Pies and Tarts with BBC Good Food
5758,Learn How to Bake Showstopper Cakes with BBC Good Food
5759,Learn How to Bake Sourdough with BBC Good Food
5760,Short Film in Language Teaching
5761,The Living Picture Craze: An Introduction to Victorian Film
5762,Introduction to Creative AI
5763,Introduction to Indie Games
5764,Introduction to UX and Accessible Design
5765,Invitation to Ex-Noguchi Room: Preservation and Utilization of Cultural Properties in Universities
5766,Modern Building Design
5767,Getting Started with Agile and Design Thinking
5768,How to Build Your Creative Resilience
5769,How to Enhance Your Creative Empathy
5770,How to Improve Your Creative Collaboration
5771,Story of a Wine: The Importance of Being Prosecco
5772,Master Digital Marketing: Introduction to Marketing
5773,Master Digital Marketing: Marketing Fundamentals
5774,Master Digital Marketing: Marketing Strategy
5775,Master Digital Marketing: The Marketing Mix
5776,Learn How to Bake with BBC Good Food
5777,Create a Social Media Marketing Campaign
5778,Creating a Great User Experience for Mobile Apps
5779,Fashion Values: Nature
5780,Get Creative with People to Solve Problems
5781,How to Create Great Online Content
5782,Pictures of Youth: An Introduction to Children’s Visual Culture
5783,Creative Branding with Advertising Week and Fernando Machado
5784,Radio and Podcast Marketing with Advertising Week
5785,The Art of Washi Paper in Japanese Rare Books
5786,Art Comes First: Exploring the Intersection of Style and Identity
5787,"Fashion Management: Brands, Communication & Distribution"
5788,"Fashion Management: Defining Markets, Business Models & Trends"
5789,"Fashion Management: Innovation, Entrepreneurship & Sustainability"
5790,Fashion Management: Products and Collections
5791,Exploring Body Neutrality and Body Image with Jameela Jamil
5792,Content Marketing Strategy with Advertising Week
5793,Quantum Marketing with Raja Rajamannar
5794,UX Design Strategy and Application: Customer Journey Mapping
5795,UX Design Strategy and Application: Customer Profiling and Design Sprints
5796,"UX Design Strategy and Application: Strategy, Innovation and the Future of Work"
5797,Learn Jazz Piano: Advanced and Solo Playing
5798,Learn Jazz Piano: Begin with the Blues
5799,Learn Jazz Piano: Final Topics and Two Concerts
5800,Learn Jazz Piano: Improvising on Jazz Standards
5801,How to Write Your First Song
5802,Who Made My Clothes?
5803,Become a Better Presenter: Improve Your Public Speaking Skills
5804,Pop Art
5805,Modern Sculpture: An Introduction to Art History
5806,From Notation to Performance: Understanding Musical Scores
5807,Exploring Japanese Avant-garde Art Through Butoh Dance
5808,Fashion's Future: The Sustainable Development Goals
5809,Anatomy: Know Your Abdomen
5810,Diagnosing Rare Diseases: from the Clinic to Research and back
5811,Exploring Cancer Medicines
5812,Food Science and Nutrition: From the Farm to You
5813,Diabetes Explained
5814,The GRASP Best Practice Advice and Exercise Programme for Shoulder Pain
5815,"Cancer and the Older Person: Improving Care, Outcomes and Experience"
5816,From Lab to Clinic: Translational Research for Rare Diseases
5817,Understanding Depression and Low Mood in Young People
5818,AI and Big Data in Global Health Improvement
5819,Application of Digital Health Interventions
5820,Artificial Intelligence for Healthcare: Opportunities and Challenges
5821,Dental Radiography: Radiation Protection in Dental Practice
5822,Improving Healthcare and Medical Education with Online Escape Room Activities
5823,Internet of Things for Active Ageing
5824,Introduction to Translational Research: Connecting Scientists and Medical Doctors
5825,Social Media in Healthcare: Opportunities and Challenges
5826,Transgender Healthcare: Caring for Trans Patients
5827,Improving Healthcare Through Clinical Research
5828,What is Health Research?
5829,Nutrition and Age-Related Chronic Diseases
5830,掌控骨关节炎-中文版
5831,A Deeper Understanding of Autistic People
5832,Autistic Health: Improving Access to Healthcare
5833,Autistic People's Rights and the Law
5834,Autistic Students and Education: Creating an Inclusive Classroom
5835,Ethical Decision-Making in Care
5836,Starting Out in Health and Social Care Research
5837,Artificial Intelligence in Bioinformatics
5838,Biosecurity Compliance in European Poultry Farms
5839,Essentials of Good Pharmacy Practice: The Basics
5840,Exercise in Medicine: From Functional Evaluation to Adapted Exercise Training
5841,Good Pharmacy Practice: Introduction to Clinical Pharmacy Services
5842,Good Pharmacy Practice: Introduction to Medication Delivery Systems
5843,Good Pharmacy Practice: Medication Management
5844,Good Pharmacy Practice: Pharmaceutical Services
5845,Occupational Health in Developing Countries
5846,Precision Medicine and Smart Healthcare: The Industrial Applications
5847,Understanding Gambling Harm in NSW
5848,Understanding Mental Health in Muslim Communities
5849,Cancer Survivorship for Primary Care Practitioners
5850,Core Managers: Noticing and Challenging Microaggressions
5851,Helping patients recover from breast cancer treatment: a programme to prevent shoulder problems
5852,PDSAFE: Physiotherapy and Falls Prevention in Parkinson's
5853,Pathogen Genomics: A New Era in Global Health Surveillance and Strategy
5854,Rheumatoid Arthritis: Exercises for Hands
5855,Working with People and Communities to Improve Health Outcomes
5856,Food and Mood: Improving Mental Health Through Diet and Nutrition
5857,Functional Neurological Disorder: A Healthcare Professional’s Guide
5858,Infant Nutrition: from Breastfeeding to Baby's First Solids
5859,Introduction to Nutritional Psychiatry: Nutri-Psyche
5860,Clinical Communication Skills For Healthcare Professionals
5861,Mpox: Understanding the Epidemiology and the Potential Threat
5862,The Foundation of Modern Dentistry
5863,Agriculture and Nutrition
5864,Become a Pharmacy Preceptor
5865,Clinical Pharmacokinetics: Dosing and Monitoring
5866,Evidence-Based Medicine in Clinical Pharmacy Practice
5867,Interpreting Genomic Variation: Fundamental Principles
5868,Interpreting Genomic Variation: Inherited Cancer Susceptibility
5869,Introduction to Nutrition and Food Safety
5870,Nutrition and Disease Prevention
5871,Nutrition: Eating to Live Well
5872,Pharmacokinetics: Drug Dosing in Renal Disease
5873,Pharmacotherapy: Understanding Biotechnology Products
5874,"Caregiving, Dementia, and Incontinence"
5875,Heart Health: A Beginner's Guide to Cardiovascular Disease
5876,Introduction to Leadership for Personalised Care
5877,Identifying and Responding to Domestic Violence and Abuse (DVA) in Pregnancy
5878,Nursing in Crisis? Exploring Current Challenges
5879,Understanding Systems Thinking in Healthcare
5880,A Journey Through Transfer Medicine
5881,An Introduction to Leading with Kindness and Compassion in Health and Social Care
5882,Helping Young People Manage Low Mood and Depression
5883,Edward Jenner: 0 - An Introduction to Personal Development
5884,Food and Nutrition: The Truth Behind Food Headlines
5885,"Food for Thought: The Relationship Between Food, Gut and Brain"
5886,Introduction to Food Science
5887,Nutrition for Health and Sustainability
5888,Orthoptics: How to be a Brilliant Allied Health Professional
5889,Superfoods: Myths and Truths
5890,The Human Microbiome
5891,Understanding Mediterranean and Okinawa Diets
5892,Digital Health Essentials
5893,Genomic Technologies in Clinical Diagnostics: Molecular Techniques
5894,Genomic Technologies in Clinical Diagnostics: Next Generation Sequencing
5895,How to set up an Antimicrobial Stewardship Programme
5896,Safeguarding Adults: Level 3 Training
5897,A Guide for Nurses on Meeting the Fundamental Care Needs of Patients in Hospital with COVID-19 and other Conditions
5898,Genomics in the NHS: A Clinician's Guide to Genomic Testing for Rare Disease
5899,A Beginner’s Guide to Healthy Eating
5900,Enteral Nutrition in Preterm Infants: ESPGHAN Recommendations
5901,Healthcare Selection and Recruitment: Design and Deliver Effective Multiple Mini Interviews (MMIs)
5902,Non-Invasive Prenatal Testing (NIPT): An Introduction for Healthcare Professionals
5903,Nutrition in the Health Sector
5904,Organ Donation: The Essentials for Healthcare Professionals
5905,Tackling Antimicrobial Resistance: A Social Science Approach
5906,Medicine and the Arts: Humanising Healthcare
5907,Chinese Medicine: Treatise on Febrile Diseases Caused by Cold (Shang Han Lun)
5908,Personalised Care: Peer Leadership Foundation - Step One
5909,Personalised Care: Peer Leadership Foundation - Step Two
5910,Sports Performance: Different Approaches to Sports Coaching 
5911,Sports Performance: Exploring Sport Psychology
5912,Sports Performance: Training the Body for Sport 
5913,Foundations in System Leadership: Collaborating for Health and Care
5914,Health and Safety in Veterinary Services
5915,Introduction to AI Applications in Pulmonary Medicine
5916,Veterinary Administration: Admission and Triage
5917,Veterinary Administration: Managing a Veterinary Practice
5918,Careers in the Veterinary Industry
5919,Leading Well for Staff Health and Wellbeing in the NHS
5920,An Introduction to Nutrition and Healthy Living
5921,Basic First Aid for Animals and Pets
5922,A Practical Guide for SARS-CoV-2 Whole Genome Sequencing
5923,"Introduction to Sport, Health, and Rehabilitation Sciences at University"
5924,Causes of Human Disease: Exploring Cancer and Genetic Disease
5925,Causes of Human Disease: Nutrition and Environment
5926,Causes of Human Disease: Transmitting and Fighting Infection
5927,Causes of Human Disease: Understanding Cardiovascular Disease
5928,Causes of Human Disease: Understanding Causes of Disease
5929,Discovering Science: Global Challenges
5930,Discovering Science: Medicinal Chemistry
5931,Exploring Anatomy: the Human Abdomen
5932,Food Safety and Nutrition: A Global Approach to Public Health
5933,"Food Technology, Health and Safety"
5934,Glaucoma: A Public Health Approach to Preventing Blindness
5935,Human Blood and Blood Functions
5936,MedTech: AI and Medical Robots
5937,MedTech: Digital Health and Wearable Technology
5938,MedTech: Exploring the Human Genome
5939,MedTech: Orthopaedic Implants and Regenerative Medicine
5940,MedTech: Trends and Product Design
5941,Smart Screening for Prostate Cancer
5942,Become a Trauma-Informed Mindfulness Practitioner
5943,Caring for Older People: a Partnership Model
5944,"Fibre, Fermentation & the Gut with BBC Good Food"
5945,Finding the Body’s Balance: Understanding Homeostasis
5946,Healthy Vegan Cooking with BBC Good Food
5947,Special Diets: Cooking for Allergies and Intolerances with BBC Good Food
5948,Sweet Tooth: Understanding Sugar and the Body with BBC Good Food
5949,Academic Writing for Healthcare Students in Higher Education
5950,Introduction to Social Care: Understanding Informal Care
5951,Introduction to Social Care: What is Social Care?
5952,Introduction to Social Care: Working in Social Care
5953,Lyme Disease: Prevention and Management
5954,Making sense of genomic data: COVID-19 web-based bioinformatics
5955,Taking Control of Your Hip and Knee Osteoarthritis
5956,The Resistant Mosquito: Staying Ahead of the Game in the Fight against Malaria
5957,Transporting Children with Disabilities and Medical Conditions
5958,Seeing: How the Brain Creates the Visual World
5959,A Survey of Substance Use Disorder
5960,Introduction to Using Total Intravenous Anaesthesia (TIVA)
5961,Nutrition Science: Lifestyle Medicine
5962,The Neurobiology of Addiction
5963,The Power of Genomics to Understand the COVID-19 Pandemic
5964,Understanding the Impact of Stigma on Addiction Treatment
5965,Usage de drogues et réduction des risques
5966,Food Safety and Personal Hygiene in a Professional Kitchen
5967,Introduction to Medical Cannabis: Seed to Sale
5968,Key Principles of Palliative Care
5969,Nutrition Science: Food Choice and Behaviour
5970,Occupational Safety and Health Hazards
5971,Physiotherapy Exercise and Physical Activity for Knee Osteoarthritis (PEAK - ESPAÑOL)
5972,Physiotherapy Exercise and Physical Activity for Knee Osteoarthritis (PEAK - PORTUGUESE)
5973,Risk Assessment and Management
5974,Core Managers; Inclusive leadership in health and care
5975,Nutrition Science: Obesity and Healthy Weight Loss
5976,Personal Trainer's Toolkit: Build a Health and Fitness Business Network
5977,Personal Trainer's Toolkit: Build an Outdoor Fitness Business
5978,"Personal Trainer's Toolkit: Building a Fitness Community, Client Retention for Trainers"
5979,Personal Trainer's Toolkit: Client Onboarding and Fitness Testing
5980,Personal Trainer's Toolkit: Developing Fitness Programs for Older People
5981,Personal Trainer's Toolkit: Mental Health First Aid for Fitness Trainers
5982,Personal Trainer's Toolkit: Providing Nutritional Advice to Your Clients
5983,Personal Trainer's Toolkit: Workplace Health and Safety in a Fitness Setting
5984,Body Image and Mental Health in Young People
5985,Reversing Diabetes: Fact or Fiction?
5986,"Brain, Behaviour, and Dentistry"
5987,IBS Management: The Low FODMAP Diet
5988,Integrative Pain Management - Chinese Medicine and Western Medicine
5989,Research Ethics and Vulnerability:  Ethical Research in Adults with Impaired Decision-Making Capacity
5990,Tackling Public Health Issues: Concepts and Evidence
5991,Urban Mobility for Liveability
5992,Caring for Children Moving Alone: Protecting Unaccompanied and Separated Children
5993,"From Swab to Server: Testing, Sequencing, and Sharing During a Pandemic"
5994,Becoming an Expert Educator in the Healthcare Professions
5995,Psychological First Aid: Supporting Children and Young People
5996,"WISDOM - Tomorrow’s Doctor, Today: Supporting Today’s Expert Generalist GP"
5997,Sport and Exercise for Brain Health
5998,Physiology: The Science of Life
5999,Psychology and Mental Health: Beyond Nature and Nurture
6000,Health Technology Assessment in Practice
6001,Health Technology Assessment: Definition and Method
6002,Paediatric Dentistry for Non-Specialists
6003,Scarcity and Resources in Healthcare
6004,Clinical Bioinformatics: Unlocking Genomics in Healthcare
6005,Conducting Remote Consultations and Triage
6006,Developing and Testing Complex Healthcare Interventions
6007,Medical Humanity: Engaging Patients and Communities in Healthcare 
6008,Telemedicine: Tools to Support Growth Disorders in a Post-COVID Era
6009,Examining African Contributions to Global Health
6010,Capacity Building: Core Competencies for Health Promotion
6011,Digital Health for Cancer Management: Smart Health Technologies in Complex Diseases
6012,Statistical Shape Modelling: Computing the Human Anatomy
6013,Cognitive Behavioural Skills to Treat Back Pain: The Back Skills Training (BeST) Programme
6014,Exploring the Landscape of Antibiotic Resistance in Microbiomes
6015,Train the Healthcare Trainer
6016,Airway Matters
6017,Dementia Inclusive Hospitals from a Universal Design Approach
6018,Digital Tools for Efficient Clinical Trials
6019,Introduction to Anatomy: Learning the Anatomical Alphabet
6020,Introduction to Randomised Controlled Trials
6021,Neurological Disorders: How to Provide Care
6022,English for Healthcare
6023,Introduction to Health Economics
6024,Introduction to Nursing: The Role of Nurses Around the World
6025,"Plagues, Pestilence and Pandemics: Are You Ready?"
6026,Cancer in the 21st Century: The Genomic Revolution
6027,Drug Use and Harm Reduction
6028,Genomic Medicine: Harnessing the Power of the Human Genome
6029,Nutrition and Wellbeing
6030,The Monday Campaigns: Lessons in Public Health Promotion
6031,Understanding Genetic Disorders: How DNA Influences Health
6032,Diagnostics for AMR: Building Back Better from the COVID-19 Pandemic
6033,"Understanding Anxiety, Depression and CBT"
6034,Managing COVID-19 in Primary Care
6035,Supporting Individuals with Health Conditions Into Work: The Role of the Clinical Team
6036,Understanding Brain Health: Preventing Dementia
6037,Mini Medical School: Hot Topics in Medical Science
6038,Assessment of the Newborn
6039,Future-proofing the Health Workforce
6040,Maternity Care: Building Relationships Really Does Save Lives
6041,How Artificial Intelligence Can Support Healthcare
6042,Improving Your Image: Dental Photography in Practice
6043,Quality Improvement in Healthcare: the Case for Change
6044,Retinopathy of Prematurity: Practical Approaches to Prevent Blindness
6045,Addressing Postnatal Depression as a Healthcare Professional
6046,Allergies: When the Immune System Backfires
6047,An Introduction to Innovation in Healthcare
6048,EduWeight:  Weight Management for Adult Patients with Chronic Disease
6049,Public Health Incidents Involving Lead
6050,Working with Patients with Limited Health Literacy
6051,Perioperative Medicine in Action
6052,"Healthy Ageing: Concepts, Interventions, and Preparing for the Future"
6053,The Role of Diagnostics in the Antimicrobial Resistance Response
6054,Language Testing During Awake Brain Surgery
6055,Introduction to Health Research Ethics
6056,Why Do We Age? The Molecular Mechanisms of Ageing
6057,Becoming a Dentist
6058,Genetic Inheritance for the Pregnancy Pathway: A Practical Guide for Clinicians
6059,"Identifying and Responding to Drug and Alcohol Addiction in Nursing, Midwifery and Allied Healthcare Practice"
6060,Introduction to Health and Medical Law
6061,Protecting Health Data in the Modern Age: Getting to Grips with the GDPR
6062,Understanding Addiction
6063,Human Factors in a Healthcare Environment
6064,Dysphagia: Swallowing Difficulties and Medicines
6065,End-of-Life Care for People with Dementia
6066,"Frontier Physics, Future Technologies"
6067,Healthy Cooking Made Easy with BBC Good Food
6068,Start Your Career as a Healthcare Professional: Online Work Related Learning
6069,Medicine Personal Statement Online Crash Course
6070,Mini Medical School: Introduction to Medical Science
6071,Introducción a la microbiología práctica
6072,"Introduction to Nursing: Bioscience, Psychology, and Sociology"
6073,Study Medicine: Applying for Medical School and Becoming a Medical Student
6074,La Cécité dans le Monde: Planifier et Gérer les Services de Soins Oculaires
6075,Protección de la infancia durante la COVID-19 y otros brotes de enfermedades infecciosas
6076,Introduction to Organisational Development
6077,Protecting Children during COVID-19 and other Infectious Disease Outbreaks
6078,The Role of Antifungal Stewardship
6079,Physiotherapy Exercise and Physical Activity for Knee Osteoarthritis (PEAK)
6080,Youth Mental Health: Supporting Young People Using a Trauma Informed Practice
6081,Diabetic Eye Disease: Building Capacity To Prevent Blindness
6082,Eliminating Trachoma
6083,Global Blindness: Planning and Managing Eye Care Services
6084,Global Health Governance: Addressing Globalization and Health Inequities
6085,Introduction to Practical Microbiology
6086,Musculoskeletal Health: A Public Health Approach
6087,Challenges in Antibiotic Resistance: Point Prevalence Surveys
6088,Intravenous to Oral Switch: Within Outpatient Parenteral Antibiotic Therapy (IVOST)
6089,OPAT: Outpatient Parenteral Antimicrobial Therapy
6090,Antimicrobial Stewardship in Wound Management
6091,Challenges in Antibiotic Resistance: Gram Negative Bacteria
6092,"Antimicrobial Stewardship for the Gulf, Middle East and North Africa"
6093,The Role of Vaccines in Preventing Infectious Diseases and Antimicrobial Resistance
6094,ECG Assessment: an Introduction for Healthcare Providers
6095,Global Disability: Research and Evidence
6096,Syndromic Testing and Antimicrobial Stewardship
6097,Antimicrobial Stewardship for Africa
6098,Antimicrobial Stewardship: Managing Antibiotic Resistance
6099,COVID-19 in Africa: Managing the Outbreak in Primary Care Settings
6100,Fungal Diagnostics in Critically Ill Patients
6101,"Preparing for an International Health Elective: Exploring Global Health, Ethics and Safety"
6102,AI for Healthcare: Equipping the Workforce for Digital Transformation
6103,Developing Clinical Empathy: Making a Difference in Patient Care
6104,Understanding Epilepsy and its Neuropsychology
6105,Virtual Work Experience and Exploring the Veterinary Profession
6106,e-Bug Health Educator Training
6107,Procalcitonin: PCT as a Biomarker for Antimicrobial Stewardship
6108,Basic First Aid: How to Be an Everyday Hero
6109,Critical Appraisal Techniques for Healthcare Literature
6110,Preventing and Managing Infections in Childcare and Pre-school
6111,Social Care During COVID-19: Coping with Self-Isolation and Social Distancing
6112,TARGET Antibiotics – Prescribing in Primary Care
6113,Infection Prevention for Vulnerable Patients
6114,Medical Equipment Donations to Low Resource Settings
6115,Uso racional de antibióticos en el tratamiento de heridas
6116,Antimicrobial Resistance in the Food Chain
6117,Antimicrobial Stewardship in Veterinary Practice
6118,Creative Problem Solving: Design Thinking in Health and Social Care
6119,The Genomics Era: the Future of Genetics in Medicine
6120,Utilising Social Science and Behaviour Change in Antimicrobial Stewardship Programmes: Improving Healthcare
6121,Vaccine Development: Finding a Vaccine for COVID-19 and Future Pandemics
6122,Introduction to Critical Care Medicine
6123,Tackling Antibiotic Resistance: What Should Dental Teams Do?
6124,"Nutrition: Healthy Cooking, Healthy Living"
6125,Premiers secours Psychologiques: Version pour l’Afrique
6126,Small and Mighty: Introduction to Microbiology
6127,The Power of Data in Health and Social Care
6128,"eHealth: Combining Psychology, Technology, and Health"
6129,Nanotechnology for Health: Innovative Designs for Medical Diagnosis
6130,Ultrasound Imaging: What Is Inside?
6131,An Introduction to Medical Ethics: The Impact of Disability Screening
6132,COVID-19: Psychological First Aid in Africa
6133,Public Health and Nursing: Building a Culture of Health
6134,Public Health and Nursing: Drive Public Health Promotion
6135,Public Health and Nursing: Feeling the Community’s Pulse
6136,Public Health and Nursing: Healing the Community
6137,Public Health and Nursing: The Greatest Wealth is Health
6138,Process Mining in Healthcare
6139,Supporting Victims of Domestic Violence
6140,Genomic Medicine: Transforming Patient Care in Diabetes
6141,Getting Ahead in Health Services: Healthcare Management and Leadership Principles
6142,Inside Cancer: How Genes Influence Cancer Development
6143,Leadership Training in Healthcare: How to Build Resilience and Personal Development
6144,Modern Leadership Styles: What Makes a Good Leader in Healthcare Management
6145,Post-Traumatic Stress Disorder (PTSD) in the Global Context
6146,Team Building in Healthcare: How to Manage and Mentor a High Performing Team
6147,You as a Healthcare Leader: Effective Leadership in Health Services
6148,The Many Faces of Dementia
6149,An Introduction to Radiation Oncology: From Diagnosis to Survivorship
6150,Collecting and Using Data for Disease Control and Global Health Decision-Making
6151,Prison Health: Managing Outbreaks of Tuberculosis in Prisons
6152,Introduction to Breastfeeding for Medical Students
6153,Building Alliances in Global Health: From Global Institutions to Local Communities
6154,Making Babies in the 21st Century
6155,Supporting Physical Development in Early Childhood
6156,"Improving the Health of Women, Children and Adolescents: from Evidence to Action"
6157,Ageing and The Brain: The Impact of Neurodegenerative Diseases
6158,Disease Outbreaks in Low and Middle Income Countries
6159,Mental Health in Construction
6160,Mouth Care Matters
6161,Genomic Medicine and Research: A Community Approach
6162,Introduction to Health Technology Assessment
6163,Medicine Administration for Carers
6164,"Planning and Managing Global Health Programmes: Promoting Quality, Accountability, and Equity"
6165,Journey to birth
6166,The Global Challenge of Vector Borne Diseases and How to Control Them
6167,A History of Public Health in Post-War Britain
6168,The Role of Personal Assistants in Disability Support
6169,Discover Dentistry
6170,Health Technology Assessment: Choosing Which Treatments Get Funded
6171,Measuring and Valuing Health
6172,The Musculoskeletal System: The Science of Staying Active into Old Age
6173,Global Health and Disability
6174,Improving Health Assessments for People with an Intellectual Disability
6175,La Salud de la Mujeres en el Postparto
6176,Women’s Health After Motherhood
6177,COVID-19: Psychological First Aid
6178,"Global Health, Conflict and Violence"
6179,Aging Populations: Lessons In Healthy Aging From Japan
6180,Care Home Nursing: Changing Perceptions
6181,Why Biology Matters: The Genome and You
6182,Exercise Prescription for the Prevention and Treatment of Disease
6183,Addressing Violence Through Patient Care
6184,COVID-19: Effective Nursing in Times of Crisis
6185,Liver Disease: Looking after Your Liver
6186,Liver Transplant: the Ins and Outs
6187,Irish 105: An Introduction to Irish Language and Culture
6188,Irish 204: Irish Language and Culture for Adults
6189,Railway History: The Rise of the Railway Station
6190,WW1 Heroism: Through Art and Film
6191,"Historic Landscape Archaeology: Approaches, Methods and Beneficiaries"
6192,Irish 104: An Introduction to Irish Language and Culture
6193,Irish 203: Irish Language and Culture for Adults
6194,"The Scottish Highland Clans: Origins, Decline and Transformation"
6195,Rome: A Virtual Tour of the Ancient City
6196,The Life and Afterlife of Mary Queen of Scots
6197,Irish 103: An Introduction to Irish Language and Culture
6198,Irish 202: Irish Language and Culture for Adults
6199,String Music Appreciation
6200,The History and Culture of Chinese Silk
6201,Great South Land: Introducing Australian History
6202,Change of Era: The Origins of Christian Culture through the Lens of Archaeology
6203,Genetic Genealogy: Researching your Family Tree using DNA
6204,Genealogy: Researching Your Family Tree
6205,Cultural Heritage and the City
6206,Forensic Archaeology and Anthropology
6207,British Germanophobia During WW1: 'The Enemy at Home'
6208,Preparing for Further Study in Mathematics
6209,"New Zealand History, Culture and Conflict: A Museum Perspective"
6210,"Biodiversity, Guardianship, and the Natural History of New Zealand: A Museum Perspective"
6211,Introduction to Comparative Indo-European Linguistics
6212,Dead Interesting: Uncovering Roman Britain in Old Museum Collections
6213,Discover the Hidden History of York
6214,The True Story of Jamaican Jerk: Cooking and Caribbean Culture
6215,Travelling Books: History in Europe and Japan
6216,West Indies Cricket: Our Story
6217,Anarchy in the UK: A History of Punk from 1976-78
6218,Archaeology: from Dig to Lab and Beyond 
6219,Exploring Stone Age Archaeology: The Mysteries of Star Carr
6220,History Branding: Using History to Strengthen Corporate Identity
6221,Archéologie en danger : Utiliser la télédétection pour protéger le patrimoine culturel
6222,Endangered Archaeology: Using Remote Sensing to Protect Cultural Heritage
6223,Terrorism and Counterterrorism: Comparing Theory and Practice
6224,Teaching the Holocaust: Innovative Approaches to the Challenges We Face
6225,The Scientific Revolution: Understanding the Roots of Modern Science
6226,Irish 101:  An Introduction to Irish Language and Culture
6227,From World War to White Heat: the RAF in the Cold War
6228,Enlightening the Dark Ages: Early Medieval Archaeology in Italy
6229,Lancaster Castle and Northern English History: The View from the Stronghold
6230,Photographing the Holocaust
6231,Country Houses and the British Empire: How Imperialism Transformed Britain’s Colonial Countryside
6232,A History of Royal Fashion
6233,"Zoroastrianism: History, Religion, and Belief"
6234,Black Tudors: The Untold Story
6235,From Waterloo to the Rhine: The British Army 1815-1945
6236,Propaganda and Ideology in Everyday Life
6237,The Living Picture Craze: An Introduction to Victorian Film
6238,Accounting for Death in War: Separating Fact from Fiction
6239,Policing and Protest in Manchester: The Moss Side Riots
6240,Learning from the Past: A Guide for the Curious Researcher
6241,Black Agency: Resistance and Resilience
6242,U.S. Anti-Black Racism
6243,Early Modern Scottish Palaeography: Reading Scotland's Records
6244,Literature of the English Country House
6245,Empire: the Controversies of British Imperialism
6246,Many Faces: Understanding the Complexities of Chinese Culture
6247,An Introduction to Japanese Subcultures
6248,A Global History of Sex and Gender: Bodies and Power in the Modern World
6249,History of Slavery in the British Caribbean
6250,Beyond the Ballot: Women’s Rights and Suffrage from 1866 to Today
6251,Peterloo to the Pankhursts: Radicalism and Reform in the 19th Century
6252,A History of Public Health in Post-War Britain
6253,Sino-Japanese Interactions  Through Rare Books
6254,Archaeology and the Battle of Dunbar 1650: From the Scottish Battlefield to the New World
6255,"World War 1: Trauma, Memory, Controversy"
6256,The Tudors
6257,English Football: a Social History
6258,Modern Sculpture: An Introduction to Art History
6259,The Book of Kells: Exploring an Irish Medieval Masterpiece
6260,Japanese Culture Through Rare Books
6261,Exploring Japanese Avant-garde Art Through Butoh Dance
6262,The History of the Book in the Early Modern Period: 1450 to 1800
6263,Health and Wellbeing in the Ancient World
6264,Shakespeare: Print and Performance
6265,Preserving Norwegian Stave Churches
6266,Collaborative Coding with Git
6267,Computer Programming for Everyone
6268,Introduction to Quantum Computing
6269,Get ready for a Masters in Data Science and AI
6270,AI and Big Data in Global Health Improvement
6271,Artificial Intelligence for Healthcare: Opportunities and Challenges
6272,Generative AI: Implications and Opportunities for Business
6273,Managing Big Data with R and Hadoop
6274,NFTs: A Practical Guide
6275,Applications of AI Technology
6276,Precision Medicine and Smart Healthcare: The Industrial Applications
6277,Getting Started with Your Raspberry Pi
6278,Understanding the Internet
6279,AI for Legal Professionals (II): Tools for Lawyers
6280,Introduction to Plant Phenotyping Technologies
6281,Artificial Intelligence: Distinguishing Between Fact and Fiction
6282,Begin Robotics
6283,Ethical Hacking: An Introduction
6284,Introduction to Digital Transformation and E-Commerce
6285,The Cyber Security Landscape
6286,Introduction to Machine Learning on AWS
6287,How to Use a Drone for Security Purposes
6288,Introduction to Information Security Management
6289,Architecting Solutions on AWS
6290,Intermediate and Advanced Javascript
6291,Neurociencia y Metaverso
6292,Introduction to JavaScript
6293,Agile and Continuous Workflows in Localization
6294,Doing Business in Web3
6295,Introduction to AI Applications in Pulmonary Medicine
6296,Cybercrime Prevention and Protection
6297,How to Implement Industry 4.0 Technologies
6298,Digital Skills: Artificial Intelligence
6299,Digital Skills: Digital Skills for Work and Life
6300,Digital Skills: Mobile
6301,Digital Skills: Social Media
6302,Digital Skills: User Experience
6303,Migrating to the AWS Cloud
6304,Designing Human-Centred AI Products and Services
6305,Designing Infrastructure Solutions with Microsoft Azure Architecture
6306,Introduction to Data Engineering with Microsoft Azure 1
6307,Introduction to Data Engineering with Microsoft Azure 2
6308,Introduction to Microsoft Azure AI Fundamentals
6309,Introduction to Microsoft Azure Fundamentals
6310,MedTech: AI and Medical Robots
6311,MedTech: Digital Health and Wearable Technology
6312,A Beginner's Guide to Kubernetes for Container Orchestration
6313,A Beginner’s Guide to VCS and Git
6314,Advanced Agile with Scrum and Kanban
6315,How to Buy Cloud - Strategies for Cloud Procurement
6316,Introduction to Automated Testing Solutions using Python and Selenium WebDriver
6317,Scaled Agile
6318,Digital Skills: Web Analytics
6319,Hosting Simple Web Applications Using Amazon Lightsail
6320,Introduction to Bash Script Automation
6321,Test Automation Frameworks with Selenium WebDriver and Python
6322,A Beginner’s Guide to Creating a VR Experience
6323,A Beginner’s Guide to Docker
6324,Advanced Skills in Version Control with Git and GitHub
6325,Agile Project Management with Jira for Beginners
6326,Computer Science Essentials: Algorithms
6327,Computer Science Essentials: Data Structures
6328,Cyber Security Awareness and Solutions
6329,Essential Applications for Agile Scrum Project Management
6330,Interview Preparation for Java Developers
6331,Introduction to 5G and Wireless Mobile Communications
6332,User Management in Salesforce
6333,Version Control Essentials: Git and GitHub
6334,A Beginner's Guide to C# and .NET
6335,A Beginner's Guide to Java Programming
6336,A Beginner’s Guide to Web Development with HTML5
6337,CCNA: Computer Networking Essentials
6338,Cloud Computing for Beginners
6339,Data Science Projects and Applications
6340,How to Become a Java Developer
6341,How to Program in C++
6342,Introduction to Networking Basics with CCNA
6343,Linux Operating System Essentials
6344,Mobile and Web Testing with Selenium WebDriver and Java
6345,Selenium Automation Testing for Web Applications
6346,Introduction to Data Analytics for Investment
6347,R for Regression and Machine Learning in Investment
6348,Build a Physical Computing Prototype
6349,Creating engaging content for Social Media
6350,Get Creative with People to Solve Problems
6351,How Cyber Security Affects the Software Development Life Cycle
6352,Introduction to Journalism and Reporting
6353,Secure System Analysis and Design
6354,Security System and Application Development
6355,System Security Testing and Maintenance
6356,Accounting With Xero: A Beginner’s Guide
6357,Create a Professional Online Presence
6358,Cryptography and Digital Certificates
6359,Harnessing Emerging Disruptive Technologies
6360,Information Security Policy and Management
6361,Internet of Things (IoT) and Sustainability
6362,Introduction to Cyber Security
6363,Introduction to Digital Transformation: Understand and Manage Digital Transformation in the Workplace
6364,Introduction to Emerging Technologies in a Professional Kitchen
6365,Introduction to Maintenance Engineering
6366,Introduction to Tools for Robotics
6367,"Introduction to VR Programming, Design, and Unity"
6368,Learn about Current Digital Workplace Trends
6369,Presenting Your Work with Impact: Presentation Skills Training
6370,The Cyber Security Landscape
6371,The Future of Cyber Security and Emerging Technologies
6372,Containerised Applications on AWS
6373,Exam Prep: AWS Certified Cloud Practitioner Foundations
6374,Introduction to Application of Robotic Tools
6375,"Google Classroom: Share, Collect, and Manage Student Work Online"
6376,Google For Education: Staying Organised and Improving Communication
6377,CRM Fundamentals and Practice: Introduction to Salesforce
6378,CRM Fundamentals and Practice: Salesforce Automation and Best Practice
6379,"CRM Fundamentals and Practice: Salesforce Reports, Objects, and Data Management"
6380,Microsoft Future Ready: Developing Applications Using Javascript
6381,Microsoft Future Ready: Fundamentals of Enterprise Security
6382,Microsoft Future Ready: Fundamentals of Internet of Things (IoT)
6383,Microsoft Future Ready: Introduction to Design Thinking
6384,Data Visualisation with Python: Bokeh and Advanced Layouts
6385,Data Visualisation with Python: Matplotlib and Visual Analysis
6386,Data Visualisation with Python: Seaborn and Scatter Plots
6387,Dynamics 365: Customer Engagement for Sales
6388,Dynamics 365: Implementing Power Platform Integrations
6389,Dynamics 365: Testing and Deploying Power Platform Applications
6390,Dynamics 365: Using Power Platform Applications
6391,Dynamics 365: Working with Power Platform Automation
6392,Microsoft Dynamics 365 Fundamentals
6393,Microsoft Future Ready: Data Science Research Methods Using Python Programming
6394,Microsoft Future Ready: Designing and Implementing an Azure AI Solution
6395,Microsoft Future Ready: Ethics and Law in Data and Analytics
6396,Microsoft Future Ready: Principles of Machine Learning with Python Programming
6397,Start a CoderDojo Club
6398,AWS: Essential Optimisation for Cloud Cost Management
6399,Data Visualisation with Tableau Fundamentals
6400,Data Visualisation: Creating Charts and Complex Visualisations in Tableau
6401,Data Visualisation: Data Dashboards and Storytelling with Tableau
6402,Prepare for a Software Development Career
6403,Programming Applications with Python: Graphics User Interface (GUI)
6404,Programming Applications with Python: Libraries and Web Scraping
6405,Programming Applications with Python: Working with Files
6406,Programming Essentials with Python: Cloud Technology and SaaS
6407,Programming Essentials with Python: Matplotlib and Seaborn
6408,Software Development: Introducing Java
6409,Software Development: Understanding Python
6410,Computer Vision: Image Understanding for Efficient Business and Industry
6411,Creating Apps in the Classroom
6412,AWS Cloud Practitioner Essentials: Jumpstart your journey within the AWS Cloud
6413,Being a Digital Researcher: Digital Skills for Effective Research
6414,Microsoft Power BI: Advanced Data Analysis and Visualisation
6415,Successful Data Analysis for Modern Industries
6416,AI for Legal Professionals (I): Law and Policy
6417,Introduction to Microsoft Power Platform for Business
6418,Introduction to Effective Network Analysis
6419,Anti-Racist Approaches in Technology
6420,Gender-Inclusive Approaches in Technology
6421,Information Security for Beginners
6422,Supporting Diverse Innovation
6423,Advanced Agile with Scrum and Kanban
6424,Scaled Agile
6425,A Beginner’s Guide to Becoming a Blockchain Developer with Overledger
6426,AWS Cloud Technical Essentials
6427,Statistical Shape Modelling: Computing the Human Anatomy
6428,Digital Discovery
6429,IT Ethics: Professionalism and Ethics in Computing
6430,Digital Skills: Embracing Digital Technology
6431,Microsoft Excel: Advanced Data Analysis and Visualisation
6432,Social Entrepreneurship in Educational Technology: Concept Development and Prototyping
6433,Social Entrepreneurship in Educational Technology: Developing a Business Plan
6434,Social Entrepreneurship in Educational Technology: Ideation and Market Research
6435,Cyber Crime Investigation
6436,Cyber Security Incident Response for Managers
6437,How to Plan a Hackathon: Hacking the Challenges of Digital Education
6438,Innovation in EdTech: Hacking the Challenges of Digital Education
6439,Introduction to Digital Forensics: Malware Analysis and Investigations
6440,Practical: Cyber Investigator
6441,Practical: Malware Analysis and Investigations
6442,Microsoft Future Ready: Azure Cloud Fundamentals
6443,Mathematics for Computer Science: Essential Skills
6444,"People, Networks and Neighbours: Understanding Social Dynamics"
6445,Introduction to Programming with Python
6446,Successful Agile for Digital Teams
6447,Introduction to Data Analytics with Python
6448,Software Development Basics
6449,"Decentralised Finance: Blockchain, Ethereum, and The Future of Banking"
6450,Fortran for Scientific Computing
6451,Introduction to Blockchain Technology and Applications
6452,Intelligent Systems: An Introduction to Deep Learning and Autonomous Systems
6453,Digital Skills: Reimagine Your Career
6454,Using AI to Gain a Competitive Edge for your Customer Experience (CX)
6455,Introduction to UX Design
6456,Get Started with a Voice Assistant: Developing Alexa Skills
6457,Data Analytics and Python Fundamentals
6458,Data Wrangling and Ingestion using Python
6459,Design and Create Custom Dashboards in Excel
6460,Introduction to Excel Charts for Data Visualisation
6461,Python Packages: NumPy and Pandas Dataframe
6462,The Human Face of User Research: How to do User Research Online and Offline
6463,Video Game Design and Development: A Bit-by-Bit History of Video Game Music: Video Game Sound and Music
6464,ISO 27001: ISO Implementation Practitioner
6465,Data Visualisation: Creating charts and complex visualisations in Tableau
6466,Data Visualisation: Data Dashboards and Storytelling with Tableau
6467,Data Visualisation: Data Visualisation with Tableau Fundamentals
6468,Video Game Design and Development: Introduction to Game Programming
6469,Analysing Data in Excel
6470,Introduction to Conversational Interfaces
6471,Introduction to Creative AI
6472,Introduction to Indie Games
6473,Digital Product Management
6474,Excel Skills to Make an Impression
6475,AI for Healthcare: Equipping the Workforce for Digital Transformation
6476,Creating a Great User Experience for Mobile Apps
6477,Decision Making: How to Choose the Right Problem to Solve
6478,Evidence and Data Collection for Problem Solving
6479,Learn about Current Digital Workplace Trends
6480,Learn to Code for the Web
6481,Literature in the Digital Age: from Close Reading to Distant Reading
6482,Artificial Intelligence (AI) in Hospitality: Challenges and Business Opportunities
6483,Construct a Virtual Reality Experience
6484,Technology Entrepreneurship: How to Start a New Venture
6485,Advanced Cyber Security Training: Hands-On Password Attacks
6486,Advanced Cyber Security Training: Network Security
6487,Advanced Cyber Security Training: OWASP Top 10 and Web Application Fundamentals
6488,Cryptography and Digital Certificates
6489,Information Security Policy and Management
6490,Prepare to Run a Code Club
6491,Risk Management and Security Vulnerabilities
6492,The Cyber Security Landscape
6493,The Future of Cyber Security and Emerging Technologies
6494,Data Visualisation with Python: Bokeh and Advanced Layouts
6495,Data Visualisation with Python: Matplotlib and Visual Analysis
6496,Data Visualisation with Python: Seaborn and Scatter Plots
6497,Dynamics 365: Customer Engagement for Sales
6498,Dynamics 365: Implementing Power Platform Integrations
6499,Dynamics 365: Testing and Deploying Power Platform Applications
6500,Dynamics 365: Using Power Platform Applications
6501,Dynamics 365: Working with Power Platform Automation
6502,Introduction to Network Security and Defence
6503,Microsoft Dynamics 365 Fundamentals
6504,Microsoft Future Ready: Data Query with Transact-SQL (T-SQL)
6505,Microsoft Future Ready: Designing and Implementing a Data Science Solution on Azure
6506,Microsoft Future Ready: Fundamentals to R for Data Science
6507,Microsoft Future Ready: Introduction to Azure Cloud for Data Scientists
6508,Microsoft Future Ready: Introduction to Data Science
6509,Network Security and Defence: A History of IT
6510,Network Security and Defence: Network Environments
6511,Network Security and Defence: Security Architecture
6512,Programming Applications with Python: Graphics User Interface (GUI)
6513,Programming Applications with Python: Libraries and Web Scraping
6514,Programming Applications with Python: Working with Files
6515,Programming Essentials with Python: Cloud Technology and SaaS
6516,Programming Essentials with Python: Matplotlib and Seaborn
6517,Programming Essentials with Python: Source Code and Solutions Architecture
6518,The Future of Network Security and Defence
6519,Applied Artificial Intelligence: Computer Vision and Image Analysis
6520,Applied Artificial Intelligence: Natural Language Processing
6521,Applied Artificial Intelligence: Speech Recognition Systems
6522,Microsoft Future Ready: Data Science Research Methods Using Python Programming
6523,Microsoft Future Ready: Designing and Implementing an Azure AI Solution
6524,Microsoft Future Ready: Ethics and Law in Data and Analytics
6525,Microsoft Future Ready: Principles of Machine Learning with Python Programming
6526,Microsoft Future Ready: Using Python Programming to Explore the Principles of Machine Learning
6527,Systems Thinking for Sustainability: Practical Application of the SiD Method
6528,AI Programming with Python for Beginners
6529,AI and Machine Learning Algorithms Using Python
6530,Azure Cloud Fundamentals for Data Science with Python
6531,CRM Fundamentals and Practice: Introduction to Salesforce
6532,"CRM Fundamentals and Practice: Salesforce Reports, Objects, and Data Management"
6533,Current Issues in Secure Development
6534,Cyber Security Foundations: Common Malware Attacks and Defense Strategies
6535,Cyber Security Foundations: Identity and Access Management
6536,Cyber Security Foundations: Reinforcing Identity and Access Management
6537,Cyber Security Foundations: Why Cyber Security is Important
6538,Data Query with Transact-SQL with Python
6539,Data Visualisation Fundamentals for Absolute Beginners
6540,Deep Learning on Azure with Python: AI for Beginners
6541,Deep Learning on Azure with Python: Introduction to Deep Learning
6542,Deep Learning on Azure with Python: Introduction to Machine Learning
6543,Deep Learning on Azure with Python: Reinforcement Learning
6544,Deep Learning on Azure with Python: The Basics of Python Programming
6545,How Cyber Security Affects the Software Development Life Cycle
6546,How to Use Microsoft Excel for Data Analysis
6547,Introduction to Artificial Intelligence and Machine Learning
6548,Introduction to Data Analysis using Excel for Absolute Beginners
6549,Introduction to Data Science with Microsoft Azure
6550,Mastering Cloud Computing for AI: How to Use Microsoft Azure
6551,Mathematics for Data Science: Essential Mathematics for Machine Learning and AI
6552,Microsoft Future Ready: Data Query with Transact-SQL (T-SQL)
6553,Microsoft Future Ready: Data Science Research Methods on Python Programming
6554,Microsoft Future Ready: Designing and Implementing a Data Science Solution on Azure
6555,Microsoft Future Ready: Designing and Implementing a Data Science Solution on Azure
6556,Microsoft Future Ready: Essential Mathematics for Machine Learning and AI
6557,Microsoft Future Ready: Ethics and Laws in Data and Analytics
6558,Microsoft Future Ready: Introduction to Python Programming
6559,Secure System Analysis and Design
6560,Security System and Application Development
6561,Software Development Fundamentals: Programming Languages and HTML
6562,Software Development Fundamentals: Project Management
6563,Software Development Fundamentals: Web Accessibility and CSS
6564,Software Development with Python and Java: Introducing Java
6565,Software Development with Python and Java: Prepare for a Software Development Career
6566,Software Development with Python and Java: Understanding Python
6567,System Security Testing and Maintenance
6568,Data Science in the Games Industry
6569,Building a Future with Robots
6570,"The Laws of Digital Data, Content and Artificial Intelligence (AI)"
6571,Create Accessible Interfaces
6572,Apply Creative Machine Learning
6573,Create Expressive Videogames
6574,"Introduction to Virtual, Augmented and Mixed Reality"
6575,Learning in the Network Age
6576,Supercomputing
6577,Understanding Quantum Computers
6578,Design a Feminist Chatbot
6579,Introduction to Physical Computing
6580,Introduction to Intercultural Studies: Language and Culture
6581,Irish 105: An Introduction to Irish Language and Culture
6582,Irish 204: Irish Language and Culture for Adults
6583,A Beginner's Guide to Writing in English for University Study
6584,English for Academic Study
6585,Irish 104: An Introduction to Irish Language and Culture
6586,Irish 203: Irish Language and Culture for Adults
6587,Mastering Classroom Management in English Language Teaching
6588,旅する書物：日本とヨーロッパの歴史のなかで
6589,Unleash Your Potential: Global Citizenship
6590,How to Teach English Pronunciation
6591,How to Use Graded Readers in the English Language Classroom
6592,Introduction to Norwegian 2
6593,Working with Translation: Theory and Practice
6594,Irish 103: An Introduction to Irish Language and Culture
6595,Irish 202: Irish Language and Culture for Adults
6596,Understanding Multilingual Children's Language Development
6597,What Is Sociology? An Introduction
6598,Foundations of Writing
6599,YCT Standard Course Level 1: Part A
6600,YCT Standard Course Level 1: Part B
6601,YCT Standard Course Level 2: Part A
6602,YCT Standard Course Level 2: Part B
6603,Key Principles and Practices of TESOL
6604,Introduction to Dutch
6605,English Grammar: All You Need to Know
6606,Intermediate French: Jobs and Training
6607,Intermediate French: Leisure and Culture
6608,Intermediate French: Working in the French-Speaking World
6609,Let’s Learn Portuguese Language: Basic Conversation Skills
6610,English Pronunciation in a Global World
6611,Intermediate German: Countries and Landscapes
6612,Intermediate German: Festivals and Traditions
6613,Intermediate German: People and Lifestyles
6614,Let’s Learn Thai Language: Basic Conversation Skills
6615,Intermediate Spanish: Heritage and Popular Culture
6616,Intermediate Spanish: Leisure in Spanish-Speaking Countries
6617,"Intermediate Spanish: Literature, Cinema and the Visual Arts"
6618,How to Teach Writing Using Hybrid Learning Technology with Stylefit
6619,Understanding English Punctuation: Commonly used Punctuation Marks
6620,Introduction to Intercultural Studies: Crossing Borders
6621,Introduction to Intercultural Studies: Defining the Concept of Culture
6622,Introduction to Intercultural Studies: Intercultural Contact
6623,Conversational Chinese: Leisure Activities and Daily Life
6624,"Learn Spanish 1: Basics, meeting people and describing places"
6625,Learn Spanish 2: People and their interests
6626,Learn Spanish 3: Time and Direct Object Pronouns
6627,"Learn Spanish 4: Spanish Prepositions, Adverbs, and Tenses"
6628,Introduction to the Chinese Language
6629,Develop Your Academic Vocabulary for Study
6630,Introduction to Comparative Indo-European Linguistics
6631,How to Pass IELTS: Writing
6632,Learn Bahasa Melayu: Introduction to the Malay Language
6633,HSK Standard Course Level 2: 2.1
6634,HSK Standard Course Level 2: 2.2
6635,HSK Standard Course Level 2: 2.3
6636,EAL: English Language for Nature Conservation and Sustainability
6637,English Language Learning Through Sustainability
6638,Learn English Through TV Drama Series: Adrift
6639,Learn English Through TV Drama Series: My Name is Lucky
6640,Learn English Through TV Drama Series: Skipper's Pass
6641,Learn English Through TV Drama Series: Upper Intermediate English Language
6642,Te Reo Māori: Introduction to Pronunciation
6643,Improve your IELTS Speaking score
6644,Practise your PTE Academic Speaking Skills
6645,Teaching English Grammar in Context
6646,English for STEM: Understanding Maths Vocabulary
6647,English for STEM: Understanding Engineering Vocabulary
6648,Volunteering with Refugees
6649,Contemporary Chinese IV: 4.1
6650,Contemporary Chinese IV: 4.2
6651,English for STEM: Understanding Science Vocabulary
6652,English for STEM: Understanding Technology Vocabulary
6653,Contemporary Chinese III:  3.2
6654,Contemporary Chinese III: 3.1
6655,Plurilingual Classrooms in Action
6656,HSK Standard Course Level 1: 1.1
6657,HSK Standard Course Level 1: 1.2
6658,HSK Standard Course Level 1: 1.3
6659,Contemporary Chinese II: 2.1
6660,Contemporary Chinese II: 2.2
6661,Discover Chinese Drama: Understanding 'The Injustice to Dou E'
6662,"Fairy Tales: Meanings, Messages, and Morals"
6663,Fall in Love with Mandarin
6664,"Learn Spanish 1: Basics, meeting people and describing places"
6665,Learn Spanish 2: People and their interests
6666,English as a Medium of Instruction for Academics
6667,English Grammar for Teachers
6668,Fun in Korea: Useful Expressions and Cultural Information for Travellers
6669,"Safeguarding in Collaborative Research and International Development: Contexts, Challenges, and Opportunities"
6670,Basic English 1: Elementary
6671,Basic English 2: Pre-Intermediate
6672,English for Healthcare
6673,Contemporary Chinese I:  1.2
6674,Contemporary Chinese I: 1.1
6675,"Creating Audio Description: Equality, Diversity, and Inclusion"
6676,The Qur'an Between Judaism and Christianity
6677,Intermediate French: Discovering Worlds of French
6678,Intermediate French: People and Places
6679,Intermediate French: Traditions and Celebrations
6680,Intermediate Spanish: Places and Travel
6681,Intermediate Spanish: Spanish for Education and Work
6682,Intermediate Spanish: The Worlds of Spanish
6683,The Museum as a Site and Source for Learning
6684,Irish 101:  An Introduction to Irish Language and Culture
6685,Intermediate Korean: Exploring the Language and Culture of Korea
6686,Introduction to Frisian
6687,Learn Spanish: Survival Spanish for Beginners
6688,An Intermediate Guide to Writing in English for University Study
6689,Multilingual Practices: Tackling Challenges and Creating Opportunities
6690,Language Testing During Awake Brain Surgery
6691,Stylistics: Using Linguistics to Explore Texts and Meaning
6692,Introduction to Korean: 2
6693,"An Introduction to Sociolinguistics: Accents, Attitudes and Identity"
6694,Shakespeare's Language: Revealing Meanings and Exploring Myths
6695,Introduction to Korean
6696,Introduction to Italian
6697,Foundations of Portuguese for Global Communication
6698,Let's Learn Portuguese Language
6699,Learn Chinese: Introduction to Chinese Conversation
6700,Learn Chinese: Introduction to Chinese Grammar
6701,Learn Chinese: Introduction to Chinese Pronunciation and Tone
6702,Let's Learn Thai Language
6703,Intercultural Communication: Dynamics of cultural identities in global interaction
6704,Multilingual Learning for a Globalised World
6705,Academic Writing in English for ESL Learners
6706,PTE Success: The Skills You Need
6707,"Interpreting for Refugees: Contexts, Practices and Ethics"
6708,Foundations of French for Global Communication
6709,Foundations of Spanish for Global Communication
6710,Many Faces: Understanding the Complexities of Chinese Culture
6711,An Introduction to Japanese Subcultures
6712,English Football: a Social History
6713,Introduction to Korean Philosophy
6714,Norwegian for Beginners 1
6715,The Korean Alphabet: An Introduction to Hangeul
6716,Norwegian for Beginners 2
6717,Norwegian for Beginners 3
6718,Incarceration: Are Prisons a Suitable Punishment?
6719,International Humanitarian Law for Business
6720,Environmental Challenges: Hierarchy in Property Rights
6721,AI for Legal Professionals (II): Tools for Lawyers
6722,Introduction to the Rule of Law
6723,"Religion and Sexual Wellbeing: Pleasure, Piety, and Reproductive Rights"
6724,Fraud Investigation: Making a Difference
6725,Reporting Obligations of Your Charity Part B: Financial Skills for ACNC Reporting Requirements
6726,The Annual Information Statement
6727,Business Law and the Fashion Industry
6728,Governance Standards Part A: Introduction and Governance Standards 1-3
6729,Governance Standards Part B: Governance Standards 4-6 and How to Wind Up a Charity
6730,Governing a Registered Charity in Australia
6731,How to Become an ACNC Registered Charity
6732,Protect the Protest: Using Our Rights to Freedom of Assembly and Expression
6733,Reporting Obligations of Your Charity Part A: Overview and Basic Financial Skills
6734,How Well Does International Human Rights Law Serve Marginalised People?
6735,"Human Rights, Ways of Life, and the Future"
6736,What is International Human Rights Law?
6737,How Politics Works: From the Individual to an International Scale
6738,Introduction to Home Ownership and Mortgages
6739,Tackling Modern Slavery: An Introduction
6740,Introduction to Business Law
6741,AI for Legal Professionals (I): Law and Policy
6742,Gender-Based Violence: Responding to Intimate Partner Violence and Abuse
6743,Introduction to Criminology
6744,Decoding Forensics for Legal Professionals
6745,Forensic Mental Health and Criminal Justice
6746,"Inside the UK Supreme Court: Its Role, Its Work, and Cases that Affect Us All"
6747,Jurisprudence: Introduction to the Philosophy of Law
6748,Cyber Crime Investigation
6749,Cyber Security Incident Response for Managers
6750,Introduction to Digital Forensics: Malware Analysis and Investigations
6751,Practical: Cyber Investigator
6752,Practical: Malware Analysis and Investigations
6753,How Well Does International Human Rights Law Serve Marginalised People?
6754,"Human Rights, Ways of Life, and the Future"
6755,Understanding the GDPR
6756,What is International Human Rights Law?
6757,How to Become a Police Officer in England and Wales
6758,Introduction to Health and Medical Law
6759,Protecting Health Data in the Modern Age: Getting to Grips with the GDPR
6760,Drafting and Negotiating Commercial Contracts: A guide to contract law for non-lawyers 
6761,Defending Dignity: The Universal Declaration of Human Rights
6762,From Crime to Punishment: an Introduction to Criminal Justice
6763,Policing and Protest in Manchester: The Moss Side Riots
6764,Introduction to Studying Law
6765,Drone Safety for Managers (Australia)
6766,Drone Safety for Managers (India)
6767,Drone Safety for Managers (Latin America)
6768,Drone Safety for Managers (UK)
6769,Prison Health: Managing Outbreaks of Tuberculosis in Prisons
6770,Forensic Facial Reconstruction: Finding Mr. X
6771,How to Become a Lawyer
6772,Introduction to Innovation and Technology in Legal Services
6773,"The Laws of Digital Data, Content and Artificial Intelligence (AI)"
6774,Human Rights and International Criminal Law: An Introduction
6775,Mergers and Acquisitions: Structuring the Deal
6776,Railway History: The Rise of the Railway Station
6777,A Beginner’s Guide to Film Genres
6778,Start Writing Fiction
6779,旅する書物：日本とヨーロッパの歴史のなかで
6780,Discover Chinese Drama: Understanding 'The Injustice to Dou E'
6781,"Fairy Tales: Meanings, Messages, and Morals"
6782,What Does It Mean to Be Human? An Introduction to the Humanities
6783,What Is Poetry? An Introduction to Literary Analysis
6784,"William Wordsworth: Poetry, People and Place"
6785,Samuel Johnson’s Rasselas: An Introduction
6786,How to Read French Poetry
6787,An Introduction to Screenwriting
6788,Shakespeare's Language: Revealing Meanings and Exploring Myths
6789,Poetry: How to Read a Poem
6790,Pictures of Youth: An Introduction to Children’s Visual Culture
6791,Literature in the Digital Age: from Close Reading to Distant Reading
6792,The Art of Washi Paper in Japanese Rare Books
6793,Literature of the English Country House
6794,Shakespeare: Context and Stagecraft
6795,Sino-Japanese Interactions  Through Rare Books
6796,Introduction to Korean Philosophy
6797,The Book of Kells: Exploring an Irish Medieval Masterpiece
6798,Japanese Culture Through Rare Books
6799,Shakespeare: Print and Performance
6800,A Beginner’s Guide to Corporate Social Responsibility
6801,Ecology and Wildlife Conservation
6802,Food Science and Nutrition: From the Farm to You
6803,Planet Earth: Understanding and Protecting our Environment
6804,Reducing Carbon Footprints: Taking Action for a Sustainable Future
6805,Transport Systems: Global Issues and Future Innovations
6806,Achieving Transitions to Zero Carbon Emissions and Sustainable Urban Mobility
6807,Chemical Engineering: Shaping a Sustainable Future
6808,"Sustainability: An Introduction to ESG (Environmental, Social and Governance)"
6809,Compassion in Fashion: Sustainability and the Global Fur Trade
6810,Understanding and Measuring the Earth’s Energy Imbalance
6811,"Historic Landscape Archaeology: Approaches, Methods and Beneficiaries"
6812,Ecopedagogy for Beginners: Putting Climate Change Education Into Action
6813,Environmental Challenges: Scarcity and Conflict in the Natural Environment
6814,Unleash Your Potential: Sustainable Futures
6815,Environmental Challenges: Human Impact in the Natural Environment
6816,Learning for a Sustainable Future
6817,Transformando la Movilidad Urbana: Componentes de la Planeación del Transporte para Ciudades Sostenibles
6818,Environmental Challenges: Hierarchy in Property Rights
6819,Using Systems Thinking to Tackle the Climate and Biodiversity Crisis
6820,Environmental Challenges: Rights and Values in Ecosystem Services
6821,Moons
6822,Agriculture and Nutrition
6823,From Waste to Value: How to Tackle Food Waste
6824,Climate and Energy: An Interdisciplinary Perspective
6825,Environmental Challenges: Justice in Natural Resource Management
6826,Organising for the Sustainable Development Goals (SDGs)
6827,A Just Transition to a Low-Carbon Economy
6828,"Humanitarian Action, Response and Relief"
6829,"The Great Sustainability Transition: Global Challenges, Local Actions"
6830,The Impacts of Tourism
6831,Sustainable Management in the Extractive Industry
6832,Openness in Science and Innovation
6833,Animal Feed Production: Feed Quality
6834,Animal Feed Production: Feed Safety
6835,Circular Business Models for Sustainable Urban Food Systems
6836,Consumer and Environmental Safety: Food Packaging and Kitchenware
6837,Engaging with Controversies in the Food System
6838,Explore How Farmers Produce Food Sustainably
6839,Farm to Fork: Sustainable Food Production in a Changing Environment
6840,How Food is Made. Understanding Food Processing Technologies
6841,Improving Food Production with Agricultural Technology and Plant Biotechnology
6842,Innovation in Arable Farming: Technologies for Sustainable Farming Systems
6843,Intellectual Property Management in the Food Sector: Safeguarding Your Trademarks in the Global Marketplace
6844,"Life on Land: Ecology, Evolution, Challenges, and Solutions"
6845,Nutrition for Health and Sustainability
6846,Revolutionising the Food Chain with Technology
6847,Superfoods: Myths and Truths
6848,Sustainable Seafood: Barriers and Opportunities in the Fishing Industry
6849,The Regenerative Agriculture Revolution
6850,Trust in Our Food: Understanding Food Supply Systems
6851,Understanding Food Labels
6852,Understanding Food Supply Chains in a Time of Crisis
6853,Smart Urban Green Infrastructure
6854,Transit-Oriented Development for Climate Mitigation in Urban Centres
6855,Building Belonging in a Globalised and Mobile World
6856,Changing Urban Travel Behaviour for a Low-Carbon Transition
6857,Electric Mobility in the Age of Climate Change
6858,Fostering Inclusive Citizen Engagement in Urban Development
6859,Agriculture: Smart Food Urban Farming
6860,Blue Tomorrow: Understanding the Blue Economy
6861,Environmental Philosophy: Addressing Humanity's Most Urgent Challenges
6862,Data Science for Climate Change
6863,Fashion Values: Cultures
6864,Ore Geology: In the Epicentre of the Fossil-Free Energy Transition
6865,Climate Literacy and Action for All
6866,Building Pathology: The Science Behind Why Buildings Fail
6867,Educating for Sustainable Development (ESD) in Schools and Universities
6868,Renewable Energy: Sustainable Electricity Supply with Microgrids
6869,Extinctions: Past and Present
6870,Learning for a Sustainable Future: Live at COP27
6871,Sustainable Transport in the UK
6872,Circular Economy: The Big Idea
6873,Intermediate German: Countries and Landscapes
6874,Intermediate German: Festivals and Traditions
6875,Intermediate German: People and Lifestyles
6876,Spatial Circularity Strategies 1: Introduction to Spatial Planning for a Circular Economy
6877,Spatial Circularity Strategies 2: Measuring Circularity Transitions
6878,Spatial Circularity Strategies 3: Urban Metabolism and Methods for Systemic Analysis
6879,Spatial Circularity Strategies 4: Strategic Interventions for Spatial Planning
6880,Spatial Circularity Strategies: Introduction
6881,Introduction to Climate Justice and Equity
6882,Introduction to Teaching Sustainability and Climate Action
6883,SMART Tourism and Responsible Travel
6884,Uniting for a Sustainable Future: An Introduction to Global Sustainability
6885,Climate Solutions: Egypt
6886,"Thawing Permafrost: Science, Policy, and Environmental Justice in the Arctic"
6887,Basic First Aid for Animals and Pets
6888,Clean Air for Urban Liveability
6889,Designing a Green Corridor for Clean Air and Comfort
6890,Transport Policy for Clean Air
6891,Energy Transition and Sustainable Economies
6892,A Nutritional Approach to Agriculture and Food Security
6893,Climate Change and Resilience in Food Systems
6894,Food Safety and Nutrition: A Global Approach to Public Health
6895,Renewable Energy: Achieving Sustainability through Bioenergy
6896,Upcycling and the Circular Economy: Ghanaian Creative Solutions to Global Textile Waste
6897,Communicating Climate Change for Effective Climate Action
6898,Environmental Ethics
6899,Key Concepts of Sustainable Fashion
6900,Tackling Climate Change: Sustainable Business Models for a Circular Economy
6901,The Basis of Life: Understanding Human Cells
6902,The Here and Now of Sustainable Fashion
6903,The Web of Sustainable Fashion: Relationships in the Fashion Industry
6904,Building a Sustainable Future with Technology
6905,Building Design: Material Selection for Healthier Communities
6906,Building Products and Chemistry
6907,Climate Intelligence: Using Climate Data to Improve Business Decision-Making
6908,Fashion and the Climate Crisis: An Introduction to Sustainability
6909,Global Inequalities and the Just Transition
6910,Healthier Building Materials and Human Health
6911,How to Address Global Challenges Through Multidisciplinary Research
6912,The Resistant Mosquito: Staying Ahead of the Game in the Fight against Malaria
6913,A Beginner's Guide to Environmental Science: Wicked Problems and Possible Solutions
6914,An Introduction to Sustainability in the Built Environment
6915,Design Thinking for Sustainable Development
6916,EAL: English Language for Nature Conservation and Sustainability
6917,English Language Learning Through Sustainability
6918,Internet of Things (IoT) and Sustainability
6919,Introduction to Emergency Management
6920,Leading Sustainable Communities and Organisations
6921,Overpopulation: Resource Depletion and Human Innovation
6922,Smart Cities: Social Change Through Technology
6923,Solving Sustainability Challenges with Te Ao Māori (Māori World View)
6924,Sustainability and Biculturalism: Their Interrelationships and Impacts
6925,Sustainability in the New Zealand Wine Industry
6926,Sustainability: Energy Transition
6927,"E-Waste and Battery Recycling: Technology, Design, and Challenges"
6928,Understanding Biological Energy
6929,Come Rain or Shine: Understanding the Weather
6930,Your Role in Sustainable Fashion: Sustainable Practices Across the Fashion Ecosystem
6931,Collaboration and Teamwork for Sustainable Innovation
6932,Designing and Building with Healthier Materials
6933,Leadership Skills for Building a Global Community
6934,Soft Skills for Navigating Global Challenges
6935,Sustainability Through Film
6936,The Challenge of Global Water Security
6937,Service Science and Sustainability
6938,Sustainable Transportation: An Introduction to E-Mobility
6939,Chemometrics in Air Pollution
6940,"City Liveability: The Intersections of Place, Mobility, and Health"
6941,Climate Solutions: UAE
6942,Environmental Management: A Bottom-Up Approach to Policy Implementation
6943,Poultry Health
6944,Transforming Your Organisation with the UN SDGs
6945,Invisible Worlds: Understanding the Natural Environment
6946,Marchés du Carbone : Examen des Politiques de l’UE pour l’Action Climatique Transnationale
6947,Environmental Entrepreneurs: Strategies for Green Business
6948,Extreme Geological Events
6949,Fashion Values: Society
6950,Mercados de Carbono: Lecciones Europeas para la Acción Climática Transnacional
6951,Soil Science: Exploring the World Beneath our Feet
6952,Maqasid Al-Shariah and Sustainable Development
6953,Business Futures: Sustainable Business Through Green HR
6954,Gender and Development
6955,Introduction to Humanitarian Aid
6956,Introduction to Sustainability and Development
6957,Making Climate Adaptation Happen: Governing Transformation Strategies for Climate Change
6958,Carbon Markets: Examining EU Policies for Transnational Climate Action
6959,Electrification of Urban Mobility: How to Get it Right
6960,Teaching Climate and Sustainability in Primary Schools: An Outdoor Learning Approach
6961,Transforming Urban Mobility: Governing the Transformation to Sustainable Systems
6962,Vehicle-to-Grid Charging for Electric Cars
6963,Climate Change and Public Policy
6964,Exploring Possible Futures: Modeling in Environmental and Energy Economics
6965,"Life Below Water: Conservation, Current Issues, Possible Solutions"
6966,Understanding Human Behaviour: Introduction to Game Theory and Shared Resources
6967,Additive Manufacturing in the Industry: Impact on Sustainability
6968,Sustainable Energy Access for Communities
6969,Sustainable Transport and Shared Mobility
6970,Bringing Urban Nature Into the Cities of Tomorrow
6971,Creating Ethical and Sustainable Cities at the Local Level
6972,Intermediate French: Discovering Worlds of French
6973,Intermediate French: People and Places
6974,Intermediate French: Traditions and Celebrations
6975,Climate Solutions: India
6976,Enabling Community-Based Leadership in Design: Sustainable Development of Historic Faith Buildings
6977,Intermediate Spanish: Places and Travel
6978,Sustainable Cities: Governing Urban Adaptation Under Climate Change
6979,Fashion Values: Economy
6980,Championing Change: Human Rights and the Climate Crisis
6981,Ocean Science in Action: Addressing Marine Ecosystems and Food Security
6982,Real Climate Action: How to Engage People in Climate Change
6983,Snow: What It Is and Why It Matters
6984,Artificial Intelligence (AI) for Earth Monitoring
6985,Healthy House Plants: A Complete Guide to Gardening Indoors
6986,Learn About Weather
6987,Causes of Climate Change
6988,"How to Measure, Reduce, and Offset your Company’s Carbon Footprint"
6989,"Development and Planning in African Cities: Exploring theories, policies and practices from Sierra Leone"
6990,Designing for a Sustainable Future
6991,Sustainability and Climate Change: An Introduction to Low Carbon Road Transport
6992,Bioeconomy: How Renewable Resources Can Help the Future of Our Planet
6993,Nature Connectedness with the University of Derby
6994,How Plants Grow: The Essentials
6995,How to Grow Healthy Plants
6996,Tackling Environmental Challenges for a Sustainable Future
6997,"Bushfires: Response, Relief, and Resilience"
6998,Responsible Marketing and the Fundamentals of Corporate Social Responsibility
6999,Sport for Sustainable Development: Designing Effective Policies and Programmes
7000,New Energy Technologies: Energy Transition and Sustainable Development
7001,Story of a Wine: The Importance of Being Prosecco
7002,"Global Resource Politics: the Past, Present and Future of Oil, Gas and Shale "
7003,Fashion Values: Nature
7004,Introduction to Sustainable Bioeconomy
7005,The Challenge of Clean Growth and Clean Cities
7006,Ethical Cities: Shaping the Future of Your City
7007,Valuing Nature: Should We Put a Price on Ecosystems? 
7008,Antimicrobial Stewardship in Veterinary Practice
7009,Citizen Science Projects: How to Make a Difference
7010,Tipping Points: Climate Change and Society
7011,Exploring Sustainable Living and Loving with Mogli
7012,Achieving Sustainable Development
7013,Climate Change: Solutions
7014,"Agriculture, Economics and Nature"
7015,Concepts in Sustainable Development: An Introduction to the Key Issues 
7016,Climate Change: The Science
7017,Systems Thinking for Sustainability: Drawing Complexity on a Paper
7018,Battery Storage: Understanding the Battery Revolution
7019,Energy Systems Integration: An Introduction
7020,Global Prosperity Beyond GDP
7021,An Introduction to Systems Thinking for Sustainability: SiD Theory I
7022,Grand Challenges: Food for Thought
7023,Future Food: Sustainable Food Systems for the 21st Century
7024,Transforming Energy Systems: Why Governance Matters
7025,IUCN Red List of Ecosystems: The Global Standard for Assessing Risks to Ecosystems
7026,Identifying Food Fraud
7027,Social Innovation: Global Solutions for a Sustainable Future
7028,Technology Metals for a Green Future
7029,Upcycling: From Green Ideas to Starting a Business
7030,Social Enterprise: Growing a Sustainable Business
7031,Sustainable Construction and Development
7032,Social Innovation in Rural Areas
7033,Incarceration: Are Prisons a Suitable Punishment?
7034,Introduction to Intercultural Studies: Language and Culture
7035,Achieving Transitions to Zero Carbon Emissions and Sustainable Urban Mobility
7036,An Introduction to the Principles of Microeconomics
7037,Entrepreneurship in Nonprofits
7038,Ecopedagogy for Beginners: Putting Climate Change Education Into Action
7039,Environmental Challenges: Scarcity and Conflict in the Natural Environment
7040,Unleash Your Potential: Global Citizenship
7041,Make Change Happen
7042,Cultural Diplomacy
7043,Exploring Gender Equality in Education
7044,Transformando la Movilidad Urbana: Componentes de la Planeación del Transporte para Ciudades Sostenibles
7045,Why Do People Migrate? Facts
7046,Working with People and Communities to Improve Health Outcomes
7047,Understanding the Internet
7048,Using Systems Thinking to Tackle the Climate and Biodiversity Crisis
7049,What Is Sociology? An Introduction
7050,Conception du programme pour les enfants associés aux forces et aux groupes armés (EAFGA)
7051,Diseño del Programa para Niños vinculados a fuerzas y grupos armados
7052,Climate and Energy: An Interdisciplinary Perspective
7053,"Religion and Sexual Wellbeing: Pleasure, Piety, and Reproductive Rights"
7054,Global Education for Teachers
7055,"Humanitarian Action, Response and Relief"
7056,Inclusive Mobility for an Ageing Population
7057,"Social Influence: Diversity, Conformity, and Conflict"
7058,"The Great Sustainability Transition: Global Challenges, Local Actions"
7059,Cultural Diversity and the City
7060,How to Develop Cultural Awareness
7061,Transit-Oriented Development for Climate Mitigation in Urban Centres
7062,Changing Urban Travel Behaviour for a Low-Carbon Transition
7063,Electric Mobility in the Age of Climate Change
7064,Safeguarding: A Guide for Charities
7065,Environmental Philosophy: Addressing Humanity's Most Urgent Challenges
7066,Fraud Prevention in the Charity Sector
7067,Teaching Migration Through Data and Storytelling
7068,Interfaith Dialogue for Combating Extremism among Young People
7069,Migration and Cities
7070,Practical Skills for Teaching Inclusive History: CARGO Classroom
7071,Sustainable Transport in the UK
7072,Chinese Medicine: Treatise on Febrile Diseases Caused by Cold (Shang Han Lun)
7073,Circular Economy: The Big Idea
7074,Introduction to Climate Justice and Equity
7075,"Religion, Radicalisation, Resilience"
7076,Programme Design for Children Associated with Armed Forces and Armed Groups (CAAFAG)
7077,Community Based Research: Getting Started
7078,Cultural Heritage and the City
7079,"Thawing Permafrost: Science, Policy, and Environmental Justice in the Arctic"
7080,Cultures and Identities in Europe
7081,Digital Wellbeing
7082,"Equality, Diversity, and Inclusion: Understanding Bias and Allyship in EDI"
7083,Introduction to Political Systems and Power in the UK and USA
7084,Object-Based Learning (OBL) in the Cultural Heritage Sector of Aotearoa New Zealand
7085,"People, Power, and Politics: Influencing Political Decision-Makers on Human Rights"
7086,Powerful Women and the Principles of Feminist Transformational Leadership
7087,Clean Air for Urban Liveability
7088,Designing a Green Corridor for Clean Air and Comfort
7089,"EDI: Foundations of Equality, Diversity, and Inclusion"
7090,"Equality, Diversity, and Inclusion: Identity and Belonging Concepts in EDI"
7091,Intermediate Spanish: Heritage and Popular Culture
7092,Intermediate Spanish: Leisure in Spanish-Speaking Countries
7093,"Intermediate Spanish: Literature, Cinema and the Visual Arts"
7094,Transport Policy for Clean Air
7095,Introduction to Intercultural Studies: Crossing Borders
7096,Introduction to Intercultural Studies: Defining the Concept of Culture
7097,Introduction to Intercultural Studies: Intercultural Contact
7098,Introduction to Intercultural Studies: The Branding of Culture
7099,Communicating Climate Change for Effective Climate Action
7100,Environmental Ethics
7101,Understanding Coercive Control
7102,Introduction to Cultural Intelligence
7103,"New Zealand History, Culture and Conflict: A Museum Perspective"
7104,"Biodiversity, Guardianship, and the Natural History of New Zealand: A Museum Perspective"
7105,Building a Sustainable Future with Technology
7106,Becoming a Charity Board Member: What You Should Know
7107,Best Practices for Culture and Heritage Education in Aotearoa New Zealand
7108,Engaging in Activism for Social Change in Tech
7109,Global Inequalities and the Just Transition
7110,Protect the Protest: Using Our Rights to Freedom of Assembly and Expression
7111,The ACNC: How We Help You
7112,How Well Does International Human Rights Law Serve Marginalised People?
7113,"Freedom of Movement, Refugees, Traffickers, and Smugglers"
7114,"Inclusive Learning for Students: Building inclusive practice into your life during higher education, and beyond"
7115,Understanding and Tackling Adolescent to Parent Violence
7116,"Enriching curriculum through culture and heritage in Aotearoa, New Zealand"
7117,Transforming Education in Challenging Environments
7118,Global Shocks: How to Manage Change in the Global Business Environment
7119,Introduction to Emergency Management
7120,Introduction to Medical Cannabis: Seed to Sale
7121,Overpopulation: Resource Depletion and Human Innovation
7122,Smart Cities: Social Change Through Technology
7123,Solving Sustainability Challenges with Te Ao Māori (Māori World View)
7124,Sustainability and Biculturalism: Their Interrelationships and Impacts
7125,Te Reo Māori: Introduction to Pronunciation
7126,Understanding Politics
7127,Understanding and Responding to Children who Run Away from Home and Institutions
7128,West Indies Cricket: Our Story
7129,Cultural Appropriation vs Cultural Appreciation
7130,"Drugs, Peace, and Development: Rethinking Policy"
7131,Why Do People Migrate? Theories
7132,Logic: The Language of Truth
7133,Tackling Modern Slavery: An Introduction
7134,Understanding and Solving Poverty and Inequality
7135,Measuring Economic Inequality in Today’s World
7136,"City Liveability: The Intersections of Place, Mobility, and Health"
7137,Climate Solutions: UAE
7138,Environmental Management: A Bottom-Up Approach to Policy Implementation
7139,Urban Mobility for Liveability
7140,Caring for Children Moving Alone: Protecting Unaccompanied and Separated Children
7141,"Power, Politics, and Influence at Work"
7142,Marchés du Carbone : Examen des Politiques de l’UE pour l’Action Climatique Transnationale
7143,Terrorism and Counterterrorism: Comparing Theory and Practice
7144,Africa to the World: Analysing the Global Appeal for African Luxury Fashion
7145,Digital Politics: Digital Activism and Cyber Warfare
7146,Environmental Entrepreneurs: Strategies for Green Business
7147,Gender-Based Violence: Responding to Intimate Partner Violence and Abuse
7148,Mercados de Carbono: Lecciones Europeas para la Acción Climática Transnacional
7149,Design Board Games for Socio-Political Change
7150,Introduction to Criminology
7151,Maqasid Al-Shariah and Sustainable Development
7152,Anti-Racist Approaches in Technology
7153,Gender and Labour in the Global South
7154,Gender-Inclusive Approaches in Technology
7155,Supporting Diverse Innovation
7156,"An Anthropology of Smartphones: Communication, Ageing and Health"
7157,Gender and Development
7158,Introduction to Humanitarian Aid
7159,Making Climate Adaptation Happen: Governing Transformation Strategies for Climate Change
7160,Carbon Markets: Examining EU Policies for Transnational Climate Action
7161,Examining African Contributions to Global Health
7162,Transforming Urban Mobility: Governing the Transformation to Sustainable Systems
7163,"Inside the UK Supreme Court: Its Role, Its Work, and Cases that Affect Us All"
7164,Climate Change and Public Policy
7165,"Safeguarding in Collaborative Research and International Development: Contexts, Challenges, and Opportunities"
7166,Jurisprudence: Introduction to the Philosophy of Law
7167,Korea in a Global Context
7168,Communicative Planning for Urban Mobility
7169,The Qur'an Between Judaism and Christianity
7170,Bringing Urban Nature Into the Cities of Tomorrow
7171,Creating Ethical and Sustainable Cities at the Local Level
7172,Transforming Citizen Participation
7173,Climate Solutions: India
7174,Sustainable Cities: Governing Urban Adaptation Under Climate Change
7175,Creating Meaningful and Inclusive Museum Practices
7176,"People, Networks and Neighbours: Understanding Social Dynamics"
7177,Championing Change: Human Rights and the Climate Crisis
7178,Promoting Democracy in the Classroom: A Practical Guide for Teachers
7179,Designing for a Diverse and Inclusive Future
7180,Real Climate Action: How to Engage People in Climate Change
7181,Designing for a Future Where No One Feels Socially Isolated
7182,How Well Does International Human Rights Law Serve Marginalised People?
7183,"Human Rights, Ways of Life, and the Future"
7184,What is International Human Rights Law?
7185,Multilingual Practices: Tackling Challenges and Creating Opportunities
7186,Photographing the Holocaust
7187,Doing Business in Conflict Zones
7188,Doing Good in a Conflict Zone
7189,Tracking Complex Conflicts
7190,Understanding Enemies
7191,"Development and Planning in African Cities: Exploring theories, policies and practices from Sierra Leone"
7192,"Zoroastrianism: History, Religion, and Belief"
7193,Black Tudors: The Untold Story
7194,Defending Dignity: The Universal Declaration of Human Rights
7195,From Crime to Punishment: an Introduction to Criminal Justice
7196,Demystifying Mindfulness
7197,Tackling Environmental Challenges for a Sustainable Future
7198,Social Network Analysis: The Networks Connecting People
7199,Multiculturalism In ASEAN
7200,Propaganda and Ideology in Everyday Life
7201,Global Health Governance: Addressing Globalization and Health Inequities
7202,Invitation to Ex-Noguchi Room: Preservation and Utilization of Cultural Properties in Universities
7203,Global Disability: Research and Evidence
7204,Understanding Suicide and Suicide Prevention Strategies in a Global Context
7205,"Global Resource Politics: the Past, Present and Future of Oil, Gas and Shale "
7206,"Working Supportively With Refugees: Principles, Skills and Perspectives"
7207,Black Agency: Resistance and Resilience
7208,Ethical Cities: Shaping the Future of Your City
7209,Exploring Mentorship and Community Change with the Compton Cowboys
7210,Exploring Intersectionality and What Makes You Unique with Kiddy Smile
7211,The Politics of Economics and the Economics of Politicians
7212,Innovación Social: Soluciones Globales para un Mundo Sostenible
7213,Tipping Points: Climate Change and Society
7214,U.S. Anti-Black Racism
7215,Art Comes First: Exploring the Intersection of Style and Identity
7216,Social Change: How Can Marketing Help?
7217,Understanding Public Financial Management: How Is Your Money Spent?
7218,Partnering for Change: Link Research to Societal Challenges
7219,Teaching Black British History: A Teacher Training Guide
7220,The Ideal of Self-Governance: Public Policy Beyond Markets and States
7221,Achieving Sustainable Development
7222,Exploring Body Neutrality and Body Image with Jameela Jamil
7223,"Interpreting for Refugees: Contexts, Practices and Ethics"
7224,"Agriculture, Economics and Nature"
7225,Concepts in Sustainable Development: An Introduction to the Key Issues 
7226,Global Studies: Cultures and Organizations in International Relations
7227,Global Studies: Risks and Threats in International Relations
7228,Global Studies: The Future of Globalization
7229,How Politics Works: From the Individual to an International Scale
7230,Understanding Politics
7231,China’s Role in Global Tourism Development
7232,Global Prosperity Beyond GDP
7233,"Migration, Mobilities and Citizenship"
7234,Understanding Gender Inequality
7235,Next Generation Biosecurity: Responding to 21st Century Biorisks
7236,"Why Religion Matters: Religious Literacy, Culture and Diversity"
7237,A Global History of Sex and Gender: Bodies and Power in the Modern World
7238,Who Made My Clothes?
7239,Beyond the Ballot: Women’s Rights and Suffrage from 1866 to Today
7240,Global Ethics: An Introduction
7241,The European Union: Crisis and Recovery
7242,Social Innovation: Global Solutions for a Sustainable Future
7243,Making Sense of Data in the Media
7244,Population 10 Billion: Researching Global Issues
7245,Salary Negotiation for Women in the Workplace
7246,Social Enterprise: Business Doing Good
7247,Social Innovation in South Korea
7248,Why We Post: the Anthropology of Social Media
7249,"Global Health, Conflict and Violence"
7250,Gender Representation in the Media
7251,Challenging Wealth and Income Inequality
7252,Design a Feminist Chatbot
7253,Human Rights and International Criminal Law: An Introduction
7254,Essential Skills for Your Career Development
7255,Learning Online: Managing Your Online Identity
7256,Behaviour Change Interventions: Introductory Principles and Practice
7257,Understanding Depression and Low Mood in Young People
7258,Kickstart Your Endurance Training
7259,Measure Your Endurance Training
7260,Sustaining Your Endurance Training
7261,A Deeper Understanding of Autistic People
7262,Autistic Health: Improving Access to Healthcare
7263,Autistic People's Rights and the Law
7264,Autistic Students and Education: Creating an Inclusive Classroom
7265,Social and Emotional Development: Supporting Teenage Wellbeing
7266,Unleash Your Potential: Innovation and Enterprise
7267,Building Self-Awareness and Reflection with Your Family for Career Success
7268,Understanding Gambling Harm in NSW
7269,Understanding Mental Health in Muslim Communities
7270,Food and Mood: Improving Mental Health Through Diet and Nutrition
7271,Functional Neurological Disorder: A Healthcare Professional’s Guide
7272,Introduction to Nutritional Psychiatry: Nutri-Psyche
7273,How To Support Young People Living with Parental Mental Illness
7274,"Caregiving, Dementia, and Incontinence"
7275,Emotional Intelligence at Work
7276,Identifying and Responding to Domestic Violence and Abuse (DVA) in Pregnancy
7277,Managing Mental Health and Stress
7278,Pupillometry: The Eye as a Window Into the Mind
7279,Helping Young People Manage Low Mood and Depression
7280,Food and Nutrition: The Truth Behind Food Headlines
7281,"Food for Thought: The Relationship Between Food, Gut and Brain"
7282,Teaching Students Who Have Suffered Complex Trauma
7283,Child Protection for Teachers
7284,Mindful Wellbeing for Teachers with Stress and Anxiety
7285,What is a Mind?
7286,Developing Leadership Skills for Social Work and Social Care
7287,How to Build Leadership Resilience
7288,People Management Skills
7289,Personalised Care: Peer Leadership Foundation - Step One
7290,Sports Performance: Different Approaches to Sports Coaching 
7291,Sports Performance: Exploring Sport Psychology
7292,Sports Performance: Training the Body for Sport 
7293,Core Managers; Inclusive Workplaces (Creating a Psychological Contract)
7294,Digital Wellbeing
7295,Self Care and Wellbeing: A Practical Guide for Health and Social Care
7296,An Introduction to Nutrition and Healthy Living
7297,Infants & Toddlers care and education in an Aotearoa New Zealand context
7298,Overcoming Imposter Syndrome: Identify the Patterns Undermining Your Confidence
7299,Understanding Coercive Control
7300,Become a Trauma-Informed Mindfulness Practitioner
7301,Behavioural Economics: Employee and Customer Behaviour
7302,Cognitive Psychology: Employee and Customer Behaviour
7303,Social Psychology: Employee and Customer Behaviour
7304,Emotional Intelligence in Practice
7305,Introduction to Social Care: Understanding Informal Care
7306,Introduction to Social Care: What is Social Care?
7307,Introduction to Social Care: Working in Social Care
7308,Understanding ADHD: Current Research and Practice
7309,Attention and Autism
7310,The Goldie Hawn Foundation: Mindful Leadership
7311,A Beginner’s Guide to Critical and Creative Thinking
7312,Seeing: How the Brain Creates the Visual World
7313,Understanding and Tackling Adolescent to Parent Violence
7314,The Neurobiology of Addiction
7315,Understanding the Impact of Stigma on Addiction Treatment
7316,Usage de drogues et réduction des risques
7317,Key Principles of Palliative Care
7318,Nutrition Science: Food Choice and Behaviour
7319,Understanding and Responding to Children who Run Away from Home and Institutions
7320,Wellbeing and Resilience at Work
7321,Supporting young people’s mental wellbeing post-COVID
7322,Personal Trainer's Toolkit: Build an Outdoor Fitness Business
7323,Personal Trainer's Toolkit: Mental Health First Aid for Fitness Trainers
7324,Body Image and Mental Health in Young People
7325,"Brain, Behaviour, and Dentistry"
7326,IBS Management: The Low FODMAP Diet
7327,Good Practice in Autism Education
7328,Psychological First Aid: Supporting Children and Young People
7329,Decision Making in a Complex World: Using Computer Simulations to Understand Human Behaviour
7330,Mindfulness Through Film
7331,Sport and Exercise for Brain Health
7332,The Science of Sleep and Dreams
7333,Qualitative Research Methods for Mental Health in War and Conflict
7334,Psychology and Mental Health: Beyond Nature and Nurture
7335,Forensic Mental Health and Criminal Justice
7336,Music and Intelligence: Can Music Make You Smarter?
7337,Cognitive Behavioural Skills to Treat Back Pain: The Back Skills Training (BeST) Programme
7338,Young People and Mental Health
7339,Professional Resilience: Building Skills to Thrive at Work
7340,Behavioural Economics: Employee and Customer Behaviour
7341,Cognitive Psychology: Employee and Customer Behaviour
7342,Social Psychology: Employee and Customer Behaviour
7343,Understanding Autism
7344,Understanding Human Behaviour: Introduction to Game Theory and Shared Resources
7345,Childhood Adversity: The Impact of Childhood Maltreatment on Mental Health
7346,Drug Use and Harm Reduction
7347,Nutrition and Wellbeing
7348,The Monday Campaigns: Lessons in Public Health Promotion
7349,Introduction to Behavioural Activation for Depression
7350,"Understanding Anxiety, Depression and CBT"
7351,Research Methods: A Practical Guide to Peer and Community Research
7352,Understanding Brain Health: Preventing Dementia
7353,Research Methods in Psychology: Using Animal Models to Understand Human Behaviour
7354,"Music Psychology: Why Does ""Bohemian Rhapsody"" Feel so Good?"
7355,Addressing Postnatal Depression as a Healthcare Professional
7356,Brand Purpose: Marketing Yourself and Building Meaningful Connections
7357,Supporting Adolescent Learners: Social and Emotional Wellbeing
7358,"Dementia and the Arts: Sharing Practice, Developing Understanding and Enhancing Lives"
7359,"Identifying and Responding to Drug and Alcohol Addiction in Nursing, Midwifery and Allied Healthcare Practice"
7360,Understanding Addiction
7361,Unlocking The Creative Brain: Develop and Teach Skills For Creative Thinking
7362,End-of-Life Care for People with Dementia
7363,Nature Connectedness with the University of Derby
7364,Demystifying Mindfulness
7365,Introduction to Cognitive Psychology: An Experimental Science
7366,"Bushfires: Response, Relief, and Resilience"
7367,Workplace Wellbeing: How to Build Confidence and Manage Stress
7368,Physiotherapy Exercise and Physical Activity for Knee Osteoarthritis (PEAK)
7369,Youth Mental Health: Supporting Young People Using a Trauma Informed Practice
7370,Understanding Suicide and Suicide Prevention Strategies in a Global Context
7371,Mental Skills Training for Sport and Health
7372,Developing Clinical Empathy: Making a Difference in Patient Care
7373,Understanding Epilepsy and its Neuropsychology
7374,Awareness and Confidence for Effective Leadership
7375,Build Trust and Grow your Self-Confidence
7376,Presenting Your Work with Impact: Presentation Skills Training
7377,Coping with Changes: Social-Emotional Learning Through Play
7378,Social Care During COVID-19: Coping with Self-Isolation and Social Distancing
7379,Coaching Skills: A changing landscape
7380,Coaching Skills: An athlete-centred approach
7381,Coaching Skills: Leadership and self-awareness
7382,Coaching Skills: Team culture
7383,Coaching Skills: The mental game
7384,Workplace Wellbeing: Stress and Productivity at Work
7385,Introduction to Health Psychology
7386,Exploring Sustainable Living and Loving with Mogli
7387,COVID-19: Psychological First Aid in Africa
7388,"Integrating Care: Depression, Anxiety and Physical Illness"
7389,Foundations in Dementia
7390,Supporting Victims of Domestic Violence
7391,Mindfulness: A Focus on Adolescents
7392,Post-Traumatic Stress Disorder (PTSD) in the Global Context
7393,Orientation to Educational Neuroscience
7394,The Many Faces of Dementia
7395,Mental Health in Construction
7396,Integrated Healthcare for Children with Developmental Disabilities
7397,Exploring Play: The Importance of Play in Everyday Life
7398,"Understanding Mental Health: Continuum, Culture and Social Media"
7399,COVID-19: Psychological First Aid
7400,Health and Wellbeing in the Ancient World
7401,Addressing Violence Through Patient Care
7402,Anxiety in Children and Young People during COVID-19
7403,Anatomy: Know Your Abdomen
7404,Batteries for the Energy Transition: Exploring the Sustainable Value Chain
7405,Ecology and Wildlife Conservation
7406,Exploring Cancer Medicines
7407,Planet Earth: Understanding and Protecting our Environment
7408,Transport Systems: Global Issues and Future Innovations
7409,Chemical Engineering: Shaping a Sustainable Future
7410,Behaviour Change Interventions: Introductory Principles and Practice
7411,Introduction to Quantum Computing
7412,From Lab to Clinic: Translational Research for Rare Diseases
7413,Get ready for a Masters in Data Science and AI
7414,Understanding and Measuring the Earth’s Energy Imbalance
7415,Dental Radiography: Radiation Protection in Dental Practice
7416,Introduction to Translational Research: Connecting Scientists and Medical Doctors
7417,Kickstart Your Endurance Training
7418,Measure Your Endurance Training
7419,Sustaining Your Endurance Training
7420,Applications of AI Technology
7421,Artificial Intelligence in Bioinformatics
7422,Combatting Corrosion: An Introduction to SOCORRO
7423,Business Analytics Using Forecasting
7424,Moons
7425,Pharmacotherapy: Understanding Biotechnology Products
7426,Environmental Challenges: Justice in Natural Resource Management
7427,Heart Health: A Beginner's Guide to Cardiovascular Disease
7428,An Introduction to Machine Learning in Quantitative Finance
7429,Introduction to Plant Phenotyping Technologies
7430,An Introduction to Building Information Modelling
7431,Biochemistry: the Molecules of Life
7432,Motion Capture: The Art of Studying Human Activity
7433,Pupillometry: The Eye as a Window Into the Mind
7434,Mysteries Of The Universe
7435,Openness in Science and Innovation
7436,Consumer and Environmental Safety: Food Packaging and Kitchenware
7437,Improving Food Production with Agricultural Technology and Plant Biotechnology
7438,Innovation in Arable Farming: Technologies for Sustainable Farming Systems
7439,Introduction to Food Science
7440,"Life on Land: Ecology, Evolution, Challenges, and Solutions"
7441,Science Communication and Public Engagement
7442,The Human Microbiome
7443,Smart Urban Green Infrastructure
7444,Agriculture: Smart Food Urban Farming
7445,Blue Tomorrow: Understanding the Blue Economy
7446,Genomic Technologies in Clinical Diagnostics: Molecular Techniques
7447,Genomic Technologies in Clinical Diagnostics: Next Generation Sequencing
7448,How to set up an Antimicrobial Stewardship Programme
7449,Urban Stormwater Management in a Changing Climate
7450,Genomics in the NHS: A Clinician's Guide to Genomic Testing for Rare Disease
7451,Enteral Nutrition in Preterm Infants: ESPGHAN Recommendations
7452,Genetic Genealogy: Researching your Family Tree using DNA
7453,Renewable Energy: Sustainable Electricity Supply with Microgrids
7454,Extinctions: Past and Present
7455,Laser Safety Awareness
7456,Spatial Circularity Strategies 1: Introduction to Spatial Planning for a Circular Economy
7457,Spatial Circularity Strategies 2: Measuring Circularity Transitions
7458,Spatial Circularity Strategies 3: Urban Metabolism and Methods for Systemic Analysis
7459,Spatial Circularity Strategies 4: Strategic Interventions for Spatial Planning
7460,Spatial Circularity Strategies: Introduction
7461,Applications of Calculus
7462,STEM Teaching: Teaching Science Beyond The Boundaries
7463,Uniting for a Sustainable Future: An Introduction to Global Sustainability
7464,Fundamentals of Economics
7465,How to Implement Industry 4.0 Technologies
7466,Teaching Mathematics: Demystifying Statistics and Probability
7467,Teaching Mathematics: Overcoming Miscommunication
7468,An Introduction to Electronic Engineering
7469,A Nutritional Approach to Agriculture and Food Security
7470,Causes of Human Disease: Exploring Cancer and Genetic Disease
7471,Climate Change and Resilience in Food Systems
7472,Discovering Science: Atmospheric Chemistry
7473,Discovering Science: Chemical Products
7474,Discovering Science: Global Challenges
7475,Discovering Science: Medicinal Chemistry
7476,Discovering Science: Science Writing
7477,Exploring Anatomy: the Human Abdomen
7478,MedTech: Exploring the Human Genome
7479,Renewable Energy: Achieving Sustainability through Bioenergy
7480,Preparing for Further Study in Mathematics
7481,The Basis of Life: Understanding Human Cells
7482,Finding the Body’s Balance: Understanding Homeostasis
7483,Building Design: Material Selection for Healthier Communities
7484,Building Products and Chemistry
7485,Engaging in Activism for Social Change in Tech
7486,Healthier Building Materials and Human Health
7487,Making sense of genomic data: COVID-19 web-based bioinformatics
7488,A Beginner's Guide to Environmental Science: Wicked Problems and Possible Solutions
7489,Data Science Projects and Applications
7490,A Survey of Substance Use Disorder
7491,An Introduction to Sustainability in the Built Environment
7492,The Power of Genomics to Understand the COVID-19 Pandemic
7493,Introduction to Generating Functions for A-Level Maths Students
7494,Introduction to Maintenance Engineering
7495,"Introduction to VR Programming, Design, and Unity"
7496,Sustainability: Energy Transition
7497,"E-Waste and Battery Recycling: Technology, Design, and Challenges"
7498,Getting Started with Teaching Data Science in Schools
7499,Understanding Biological Energy
7500,Come Rain or Shine: Understanding the Weather
7501,English for STEM: Understanding Maths Vocabulary
7502,Microsoft Future Ready: Fundamentals of Big Data
7503,The Challenge of Global Water Security
7504,Data Visualisation with Python: Bokeh and Advanced Layouts
7505,Data Visualisation with Python: Matplotlib and Visual Analysis
7506,English for STEM: Understanding Engineering Vocabulary
7507,Logic: The Language of Truth
7508,Microsoft Future Ready: Data Science Research Methods Using Python Programming
7509,Sustainable Transportation: An Introduction to E-Mobility
7510,English for STEM: Understanding Science Vocabulary
7511,English for STEM: Understanding Technology Vocabulary
7512,Equity in Informal STEM Learning: Using the Equity Compass
7513,Measuring Economic Inequality in Today’s World
7514,Prepare for a Software Development Career
7515,Programming Applications with Python: Libraries and Web Scraping
7516,Programming Applications with Python: Working with Files
7517,Chemometrics in Air Pollution
7518,Effective Communication Skills for Engineers
7519,Introduction to Image Analysis for Plant Phenotyping
7520,Engineering the Future: Creating the Amazing
7521,"From Swab to Server: Testing, Sequencing, and Sharing During a Pandemic"
7522,Exploring Sustainable Production Systems
7523,Extreme Geological Events
7524,Physiology: The Science of Life
7525,Health Technology Assessment in Practice
7526,Health Technology Assessment: Definition and Method
7527,Scarcity and Resources in Healthcare
7528,Soil Science: Exploring the World Beneath our Feet
7529,Introduction to Data Science for Educators
7530,Telemedicine: Tools to Support Growth Disorders in a Post-COVID Era
7531,An Introduction to Digital Manufacturing and 3D Printing
7532,Decoding Forensics for Legal Professionals
7533,Vehicle-to-Grid Charging for Electric Cars
7534,Exploring the Landscape of Antibiotic Resistance in Microbiomes
7535,Hurricane Tracking with Satellite Data
7536,Digital Tools for Efficient Clinical Trials
7537,Planning for Autonomous Vehicles: A People-Centred Approach
7538,"Life Below Water: Conservation, Current Issues, Possible Solutions"
7539,"Lights, Camera, Computer - Action! How Digital Technology is Transforming Film, TV, and Gaming"
7540,Principles of Engineering
7541,Additive Manufacturing in the Industry: Impact on Sustainability
7542,Business Opportunities in Additive Manufacturing
7543,Cancer in the 21st Century: The Genomic Revolution
7544,Genomic Medicine: Harnessing the Power of the Human Genome
7545,Introduction to Thermodynamics
7546,Laser Powder Bed Fusion: Optimising LPBF Parameters
7547,Sustainable Transport and Shared Mobility
7548,World Class Maths: Asian Teaching Practice
7549,Ideation: The First Step in Engineering Design
7550,Microsoft Future Ready: Azure Cloud Fundamentals
7551,Research Methods in Psychology: Using Animal Models to Understand Human Behaviour
7552,Intermediate Python
7553,Mathematics for Computer Science: Essential Skills
7554,The Scientific Revolution: Understanding the Roots of Modern Science
7555,Introduction to Data Science for Business
7556,Ocean Science in Action: Addressing Marine Ecosystems and Food Security
7557,Public Health Incidents Involving Lead
7558,An Introduction to Artificial Intelligence in the Tourism Industry
7559,Artificial Intelligence (AI) for Earth Monitoring
7560,Additive Manufacturing and 3D Printing: Costs Structures and Benefits
7561,Introduction to Metal Additive Manufacturing (AM) Technology
7562,Additive Manufacturing for Business: Practices and Ecosystem
7563,Earth and Life
7564,Fortran for Scientific Computing
7565,Habitability
7566,Icy Moons and Exoplanets
7567,Learn About Weather
7568,Life on Mars
7569,The Future of Life
7570,Causes of Climate Change
7571,Introduction to Health Research Ethics
7572,Why Do We Age? The Molecular Mechanisms of Ageing
7573,Makerspaces for Creative Learning
7574,Foundations of Science for Undergraduate Degrees
7575,"Frontier Physics, Future Technologies"
7576,Get Started with a Voice Assistant: Developing Alexa Skills
7577,Introduction to Mathematical Methods for University-Level Science
7578,Sustainability and Climate Change: An Introduction to Low Carbon Road Transport
7579,Bioeconomy: How Renewable Resources Can Help the Future of Our Planet
7580,"The Biology of Bugs, Brains, and Beasts"
7581,Exploring Everyday Chemistry
7582,Introducción a la microbiología práctica
7583,"Introduction to Nursing: Bioscience, Psychology, and Sociology"
7584,Flexagons Galore: Advanced Flexagon Fun
7585,"Advanced Precalculus: Geometry, Trigonometry and Exponentials"
7586,Combinatorics: Strategies and Methods for Counting
7587,Introduction to Practical Microbiology
7588,"Physics, Astronomy, and Space: Teaching Secondary Science"
7589,Challenges in Antibiotic Resistance: Gram Negative Bacteria
7590,"Antimicrobial Stewardship for the Gulf, Middle East and North Africa"
7591,Image Analysis Methods for Biologists
7592,New Energy Technologies: Energy Transition and Sustainable Development
7593,Syndromic Testing and Antimicrobial Stewardship
7594,Fungal Diagnostics in Critically Ill Patients
7595,Virtual Work Experience and Exploring the Veterinary Profession
7596,Introduction to Sustainable Bioeconomy
7597,"Precalculus: the Mathematics of Numbers, Functions and Equations"
7598,Procalcitonin: PCT as a Biomarker for Antimicrobial Stewardship
7599,The Challenge of Clean Growth and Clean Cities
7600,Electrical Industry: Production and Economics
7601,Infection Prevention for Vulnerable Patients
7602,Medical Equipment Donations to Low Resource Settings
7603,Antimicrobial Resistance in the Food Chain
7604,Citizen Science Projects: How to Make a Difference
7605,The Genomics Era: the Future of Genetics in Medicine
7606,Vaccine Development: Finding a Vaccine for COVID-19 and Future Pandemics
7607,Tackling Antibiotic Resistance: What Should Dental Teams Do?
7608,Risk Management in the Global Economy
7609,Small and Mighty: Introduction to Microbiology
7610,Climate Change: Solutions
7611,Ultrasound Imaging: What Is Inside?
7612,Introduction to Process Mining with ProM
7613,Process Mining in Healthcare
7614,Essential Mathematics for Data Science and Machine Learning: Using R
7615,Genomic Medicine: Transforming Patient Care in Diabetes
7616,Microsoft Future Ready: Data Query with Transact-SQL (T-SQL)
7617,Microsoft Future Ready: Designing and Implementing a Data Science Solution on Azure
7618,Microsoft Future Ready: Fundamentals to R for Data Science
7619,Microsoft Future Ready: Introduction to Azure Cloud for Data Scientists
7620,Microsoft Future Ready: Introduction to Data Science
7621,Climate Change: The Science
7622,Microsoft Future Ready: Data Science Research Methods Using Python Programming
7623,Microsoft Future Ready: Designing and Implementing an Azure AI Solution
7624,Azure Cloud Fundamentals for Data Science with Python
7625,Data Query with Transact-SQL with Python
7626,Essential Mathematics for Data Analysis in Microsoft Excel
7627,Introduction to Data Science with Microsoft Azure
7628,Learning and Memory: Understandings from Educational Neuroscience
7629,Mathematics for Data Science: Essential Mathematics for Machine Learning and AI
7630,Microsoft Future Ready: Data Query with Transact-SQL (T-SQL)
7631,Microsoft Future Ready: Data Science Research Methods on Python Programming
7632,Microsoft Future Ready: Designing and Implementing a Data Science Solution on Azure
7633,Microsoft Future Ready: Designing and Implementing a Data Science Solution on Azure
7634,Microsoft Future Ready: Essential Mathematics for Machine Learning and AI
7635,Microsoft Future Ready: Introduction to Python Programming
7636,Neuroleadership and Conceptual Approaches in Educational Neuroscience
7637,Neuroplasticians and Neuromyths
7638,Battery Storage: Understanding the Battery Revolution
7639,Energy Systems Integration: An Introduction
7640,Data Science in the Games Industry
7641,Flexagons and the Math Behind Twisted Paper
7642,Transforming Energy Systems: Why Governance Matters
7643,"Maths Puzzles: Cryptarithms, Symbologies and Secret Codes"
7644,Next Generation Biosecurity: Responding to 21st Century Biorisks
7645,Ageing and The Brain: The Impact of Neurodegenerative Diseases
7646,Understanding and Teaching Evolution
7647,"An Introduction to Recreational Math: Fun, Games, and Puzzles"
7648,IUCN Red List of Ecosystems: The Global Standard for Assessing Risks to Ecosystems
7649,Identifying Food Fraud
7650,Technology Metals for a Green Future
7651,Forensic Facial Reconstruction: Finding Mr. X
7652,Technical Report Writing for Engineers
7653,Discover Dentistry
7654,The Musculoskeletal System: The Science of Staying Active into Old Age
7655,Construction Ethics and Compliance
7656,Quality in Construction
7657,Supercomputing
7658,"Electrical Engineering: Sensing, Powering and Controlling"
7659,So You Want to Study Life Science?
7660,Why Biology Matters: The Genome and You
7661,Liver Disease: Looking after Your Liver
7662,Critical Thinking at University: An Introduction
7663,Interdisciplinary Learning: Working Across Disciplines
7664,Introduction to Research Ethics: Working with People
7665,Learning Online: Communicating and Collaborating
7666,Learning Online: Managing Your Online Identity
7667,Learning Online: Researching Your Project
7668,Learning Online: Studying and Reflecting
7669,Listening Skills to Succeed at University
7670,Preparing to Learn Online at University
7671,Skills to Succeed at University
7672,A Beginner's Guide to Writing in English for University Study
7673,How to Succeed at: Writing Applications
7674,English for Academic Study
7675,Supporting Adult and Adolescent Students with Dyslexia
7676,Next Steps to University: From Choosing A Course to Your First Assessment
7677,Starting Out in Health and Social Care Research
7678,Study UK: Preparing for work
7679,Introduction to the Learning Through Play Experience Tool
7680,Academic Research Methodology for Master’s Students
7681,Geographic Information Systems (GIS) in the Built Environment
7682,Science Communication and Public Engagement
7683,Research Impact (ResPACT): Pathway to impactful projects
7684,Diverse Routes into Higher Education
7685,How to Use Data in Assessment for Learning
7686,Community Based Research: Getting Started
7687,Career Management for Early Career Academic Researchers
7688,Why Research Matters
7689,A Parent and Supporter’s Guide to University Entry
7690,An Introduction to Electronic Engineering
7691,Your Essential Guide to University Life
7692,Understanding English Punctuation: Commonly used Punctuation Marks
7693,A Digital Edge: Essentials for the Online Learner
7694,Discovering Science: Science Writing
7695,Academic Writing for Healthcare Students in Higher Education
7696,Develop Your Academic Vocabulary for Study
7697,How to Pass IELTS: Writing
7698,"Preparing for a Practice-based PhD in Fine Art, Design, and Film"
7699,HSK Standard Course Level 2: 2.1
7700,HSK Standard Course Level 2: 2.2
7701,HSK Standard Course Level 2: 2.3
7702,Learn English Through TV Drama Series: Skipper's Pass
7703,Skills for Higher Learning: Introduction to Academic Reading and Writing
7704,Supporting You with Your University Interview
7705,Improve your IELTS Speaking score
7706,Practise your PTE Academic Speaking Skills
7707,Discovering Your PhD Potential: Writing a Research Proposal
7708,Being a Digital Researcher: Digital Skills for Effective Research
7709,Decision Making in a Complex World: Using Computer Simulations to Understand Human Behaviour
7710,Qualitative Research Methods for Mental Health in War and Conflict
7711,Developing and Testing Complex Healthcare Interventions
7712,Digital Discovery
7713,Basic English 1: Elementary
7714,Basic English 2: Pre-Intermediate
7715,Preparing for University
7716,Digital Skills Awareness for Starting Higher Education
7717,University Preparation Course: Getting Ready for Success at University
7718,Research Methods: A Practical Guide to Peer and Community Research
7719,Improving Your Study Techniques
7720,Learn Spanish: Survival Spanish for Beginners
7721,An Intermediate Guide to Writing in English for University Study
7722,University and Your Future: Career Planning and Making the Most of Your Degree
7723,Becoming a Student Assistant: Teaching and Mentoring
7724,Designing a Future Where Learning is a Lifestyle
7725,Medicine Personal Statement Online Crash Course
7726,Study Medicine: Applying for Medical School and Becoming a Medical Student
7727,Analysing Data in Excel
7728,Introduction to Phenomenology and its Application in Qualitative Research
7729,Empresas Exponenciales: Guía Para Comenzar
7730,Capital: crear un plan para conseguir inversionistas
7731,Crecimiento: nunca es temprano para hacer crecer tu negocio
7732,"Ejecución: experimentos, recursos y puesta en marcha"
7733,Introduction to Studying Business
7734,Introduction to Studying Law
7735,"Preparing for an International Health Elective: Exploring Global Health, Ethics and Safety"
7736,Producto: valida y entrega tu propuesta de valor
7737,Visión: la estrategia para alcanzar tu propósito
7738,Critical Appraisal Techniques for Healthcare Literature
7739,Research Impact: Making a Difference
7740,Returning to Education as a Mature Student
7741,Academic Writing in English for ESL Learners
7742,People Studying People: Research Ethics in Society
7743,Preparing for PTE Academic
7744,Partnering for Change: Link Research to Societal Challenges
7745,PTE Success: The Skills You Need
7746,Research Methods in Tourism Studies
7747,Education Research that Matters: Doing Research in Your Learning Community
7748,How to Get A Graduate Job
7749,How to Succeed in Your EPQ: the Nuts and Bolts of Completing Your Project 
7750,Technical Report Writing for Engineers
7751,How to Succeed in Your Welsh Bacc: the Individual Project Essentials
7752,Population 10 Billion: Researching Global Issues
7753,Learning in the Network Age
7754,Education Research That Matters: Ways of Researching
7755,Education Research that Matters: Applying Research to Your Teaching Practice
7756,Developing Your Research Project
7757,Interdisciplinary Learning: Working Across Disciplines
7758,Dyslexia and Foreign Language Teaching
7759,Exploring Instructional Leadership in Education
7760,The Online Educator: People and Pedagogy
7761,Improving Healthcare and Medical Education with Online Escape Room Activities
7762,Mastering Classroom Management in English Language Teaching
7763,Supporting Adult and Adolescent Students with Dyslexia
7764,Blended and Hybrid Learning Design in Higher Education
7765,Building Self-Awareness and Reflection with Your Family for Career Success
7766,How to Teach English Pronunciation
7767,How to Use Classroom 200
7768,How to Use Graded Readers in the English Language Classroom
7769,Learning for a Sustainable Future
7770,Educational Leadership: Improving Schools through Effective Leadership
7771,Exploring Gender Equality in Education
7772,Introduction to Digital Education
7773,Understanding Multilingual Children's Language Development
7774,Introduction to the Learning Through Play Experience Tool
7775,Teacher Training: Choosing the Right PGCE for You
7776,Inside Digital Higher Education: Self-Assessment Guide for Educators
7777,Global Education for Teachers
7778,Exploring Teaching and Assessment for Higher Education
7779,Key Principles and Practices of TESOL
7780,Teaching Students Who Have Suffered Complex Trauma
7781,Child Protection for Teachers
7782,Mindful Wellbeing for Teachers with Stress and Anxiety
7783,Preparing your Child for the Future of Work
7784,Teaching Migration Through Data and Storytelling
7785,How to Develop a Personal Teaching Philosophy in Higher Education
7786,Interfaith Dialogue for Combating Extremism among Young People
7787,Practical Skills for Teaching Inclusive History: CARGO Classroom
7788,Educating for Sustainable Development (ESD) in Schools and Universities
7789,Guided Case Study of an English Language Learner
7790,Motivating Gen Z Learners: What Parents and Teachers Need to Know
7791,Connecting Across the Culture and Heritage Sector in Aotearoa New Zealand
7792,"Education for All: Disability, Diversity and Inclusion "
7793,How to Use Data in Assessment for Learning
7794,Learning for a Sustainable Future: Live at COP27
7795,Introduction to Teaching Sustainability and Climate Action
7796,"Religion, Radicalisation, Resilience"
7797,STEM Teaching: Teaching Science Beyond The Boundaries
7798,How to Make a Short Film: An Introduction to Filmmaking
7799,Improve Student Assessment with Microsoft Forms
7800,Inclusive Learning with Microsoft Accessibility Tools
7801,Manage and Create Documents in Microsoft 365
7802,Teaching Mathematics: Demystifying Statistics and Probability
7803,Teaching Mathematics: Overcoming Miscommunication
7804,A Parent and Supporter’s Guide to University Entry
7805,Key Ideas in Mentoring Mathematics Teachers
7806,Object-Based Learning (OBL) in the Cultural Heritage Sector of Aotearoa New Zealand
7807,Your Essential Guide to University Life
7808,Infants & Toddlers care and education in an Aotearoa New Zealand context
7809,Introduction to HyFlex Learning and Teaching
7810,A Digital Edge: Essentials for the Online Learner
7811,Blended Learning Essentials: Developing Digital Skills
7812,Blended Learning Essentials: Digitally-Enriched Apprenticeships
7813,Blended Learning Essentials: Embedding Your Practice
7814,Blended Learning Essentials: Getting Started
7815,How to Create Video for Online Courses
7816,How to Create an Effective Online Learning Environment
7817,How to Facilitate a Learner Centred Online Learning Environment
7818,Know Your Learners: Visualising Learning in Education
7819,Aprendizaje a través del Juego con los LEGO® Braille Bricks
7820,Measuring What Matters: Transforming Assessment and Recognition of Complex Learning Competencies
7821,Best Practices for Culture and Heritage Education in Aotearoa New Zealand
7822,Teaching Digital Literacy: Videogames in Education
7823,Understanding ADHD: Current Research and Practice
7824,Adult Education Essentials: Assessment for Learning Principles and Practices
7825,Adult Education Essentials: Student-Centred Course Design
7826,Adult Education Essentials: Student-Centred Delivery for Adult Learners
7827,Attention and Autism
7828,"Inclusive Learning for Students: Building inclusive practice into your life during higher education, and beyond"
7829,Apprendre par le jeu avec les LEGO® Braille Bricks
7830,"Enriching curriculum through culture and heritage in Aotearoa, New Zealand"
7831,Transforming Education in Challenging Environments
7832,Being a Flexible Music Teacher
7833,Teaching Digital Skills for Sustainable Education
7834,Getting Started with Teaching Data Science in Schools
7835,Supporting You with Your University Interview
7836,Supporting young people’s mental wellbeing post-COVID
7837,"Google Classroom: Share, Collect, and Manage Student Work Online"
7838,Google For Education: Staying Organised and Improving Communication
7839,Google for Education: How to Promote Group Work and Inspire Creativity
7840,Teaching English Grammar in Context
7841,Instructional Design: Course Development
7842,Instructional Design: Course Planning and Pedagogy
7843,Instructional Design: Educational Media
7844,Instructional Design: Facilitation Skills
7845,Sustainability Through Film
7846,Blended and Online Learning Design
7847,Learning During and After COVID-19: Developing Online Education Programmes
7848,Start a CoderDojo Club
7849,Volunteering with Refugees
7850,Equity in Informal STEM Learning: Using the Equity Compass
7851,Understanding Inclusive Education: Children’s Individuality
7852,Understanding Inclusive Education: Current Approaches
7853,Understanding Inclusive Education: The Evolving Landscapes
7854,Becoming a Better Music Teacher
7855,Becoming an Expert Educator in the Healthcare Professions
7856,Creating Apps in the Classroom
7857,Good Practice in Autism Education
7858,Teaching Entrepreneurial Thinking
7859,Mindfulness Through Film
7860,Plurilingual Classrooms in Action
7861,Instructional Design and Technology for Society
7862,Inclusive Education: Essential Knowledge for Success
7863,Introduction to Data Science for Educators
7864,English as a Medium of Instruction for Academics
7865,Teaching Phonics in Early Childhood
7866,English Grammar for Teachers
7867,Innovative Teaching: Engaging Adult Learners with Active Learning
7868,Teaching Climate and Sustainability in Primary Schools: An Outdoor Learning Approach
7869,Teaching the Holocaust: Innovative Approaches to the Challenges We Face
7870,Young People and Mental Health
7871,Train the Healthcare Trainer
7872,Filmmaking and Animation Online and in the Classroom
7873,Teaching English Online
7874,Using Film to Teach Literacy Online and in the Classroom
7875,Understanding Autism
7876,Childhood Adversity: The Impact of Childhood Maltreatment on Mental Health
7877,World Class Maths: Asian Teaching Methods
7878,World Class Maths: Asian Teaching Practice
7879,How to Plan a Hackathon: Hacking the Challenges of Digital Education
7880,Innovation in EdTech: Hacking the Challenges of Digital Education
7881,Intermediate Python
7882,TESOL Strategies: Supporting ESL Students in Mainstream Classrooms
7883,The Museum as a Site and Source for Learning
7884,Promoting Democracy in the Classroom: A Practical Guide for Teachers
7885,Best Practice for Education:  Professional Development Showcase
7886,Learning Through Play with LEGO® Braille Bricks
7887,Social Learning and Collaboration in School: Learning to thrive through play
7888,Supporting Adolescent Learners: Social and Emotional Wellbeing
7889,Becoming a Dentist
7890,How to Succeed as a Newly Qualified Teacher
7891,Makerspaces for Creative Learning
7892,Unlocking The Creative Brain: Develop and Teach Skills For Creative Thinking
7893,Becoming a Student Assistant: Teaching and Mentoring
7894,How to Create an Online Course
7895,Supporting Early Career Teacher Development with the Early Career Framework
7896,Introduction to Phenomenology and its Application in Qualitative Research
7897,Grow Your Workforce: How to Teach Adult Learners
7898,Film Education: A User's Guide
7899,Leadership of Education Technology in Schools
7900,Preparing for Teaching
7901,Short Film in Language Teaching
7902,Using Technology in Evidence-Based Teaching and Learning
7903,Combinatorics: Strategies and Methods for Counting
7904,Our Solar System and Beyond: Teaching Primary Science
7905,"Physics, Astronomy, and Space: Teaching Secondary Science"
7906,Educational Leadership: Working for Good
7907,Learning from the Past: A Guide for the Curious Researcher
7908,e-Bug Health Educator Training
7909,Coping with Changes: Social-Emotional Learning Through Play
7910,Preventing and Managing Infections in Childcare and Pre-school
7911,Supporting Successful Learning in Primary School
7912,Supporting Successful Learning in Secondary School
7913,Multilingual Learning for a Globalised World
7914,The Right to Education: Breaking Down the Barriers
7915,Preparing for PTE Academic
7916,Using Virtual Scenarios to Create Effective Learning
7917,Digital Learning Toolkit: Resources for Successful Online Teaching
7918,Teaching Black British History: A Teacher Training Guide
7919,Workplace Training: Delivery and Assessment Methods
7920,Workplace Training: Introduction to the Training Cycle
7921,Workplace Training: Planning and Designing Training Solutions
7922,Workplace Training: Training Evaluation and Measuring Effectiveness
7923,Prepare to Run a Code Club
7924,Teach like an Entrepreneur: Bringing Entrepreneurship into the Classroom
7925,Mindfulness: A Focus on Adolescents
7926,Learning and Memory: Understandings from Educational Neuroscience
7927,Neuroleadership and Conceptual Approaches in Educational Neuroscience
7928,Neuroplasticians and Neuromyths
7929,Orientation to Educational Neuroscience
7930,Decolonising Education: From Theory to Practice
7931,Testing Times in the Classroom: Challenges of 21st Century Education
7932,Making Blended Education Work
7933,Supporting Physical Development in Early Childhood
7934,Understanding and Teaching Evolution
7935,Education Research that Matters: Doing Research in Your Learning Community
7936,Integrated Healthcare for Children with Developmental Disabilities
7937,Professional Development for Early Career Teachers
7938,Exploring Play: The Importance of Play in Everyday Life
7939,Coaching in Education: Addressing the Need for Deep Communication
7940,Digital Transformation in the Classroom
7941,Education Research That Matters: Ways of Researching
7942,Education Research that Matters: Applying Research to Your Teaching Practice
7943,Becoming a Teacher
7944,Post Graduate Program in Cloud Computing
7945,Gain Your Data Analytics Certificate With Purdue And IBM
7946,Advanced Digital Transformation Course with Purdue
7947,Professional Certificate Program in Ethical Hacking and Penetration Testing
7948,Build a Rewarding Career with a Blockchain Developer Course
7949,Post Graduate Program in DevOps
7950,Ranked No.1 Data Science Program by Economic Times
7951,Post Graduate Program in Business Analysis
7952,Post Graduate Program in Digital Marketing
7953,Post Graduate Program in Full Stack Web Development
7954,Post Graduate Program in AI and Machine Learning
7955,Build a Rewarding Career with a Digital Supply Management Course
7956,Professional Certification in Product Management
7957,IMT Ghaziabad Digital Marketing Program
7958,AI & Machine Learning Bootcamp
7959,Ranked #1 Artificial Intelligence Course by Career Karma
7960,Elevate Your Career With Business Analytics Certification
7961,Caltech Post Graduate Program in Data Science
7962,Business Analytics Bootcamp
7963,Boost Your Career With Project Management Certification
7964,Post Graduate Program in Lean Six Sigma
7965,Boost Your Career With A Data Engineering Certificate Program
7966,Post Graduate Program in Cyber Security
7967,Build a Rewarding Career With Business Analytics Program
7968,Advanced Executive Program in Cybersecurity
7969,Master Of Business Administration (MBA)
7970,AI for Decision Making: Business Strategies and Applications
7971,Caltech Cloud Computing Bootcamp
7972,Advanced Certification in UI UX Design
7973,Caltech Coding Bootcamp
7974,HR Analytics: Unlocking Human Capital
7975,Executive Certificate Program in General Management
7976,UI UX Bootcamp
7977,MS in Artificial Intelligence
7978,Professional Certificate Course in Data Analytics
7979,Professional Certificate in Brand Strategy
7980,Caltech - UI UX Bootcamp
7981,Executive Leadership Principles Program
7982,Best Data Science Course in India
7983,Caltech Cybersecurity Bootcamp
7984,Purdue Digital Marketing Bootcamp
7985,Master in Management
7986,Data Science for Business Decisions
7987,Master in Engineering Management
7988,Data Science Bootcamp
7989,UMass Amherst Digital Marketing Bootcamp
7990,Product Management Bootcamp
7991,Professional Certificate Course in Data Engineering
7992,Professional Certificate Course in AI and Machine Learning
7993,Online MBA course: University of New Haven
7994,Data Analytics Bootcamp
7995,Data Scientist
7996,Data Analyst
7997,Digital Project Manager
7998,AWS Cloud Architect
7999,PMP® Plus
8000,Business Analyst
8001,Cloud Architect
8002,PMP® Renewal Pack Bundle: Earn 60 PDUs
8003,Artificial Intelligence Engineer
8004,DevOps Engineer
8005,Azure Cloud Architect
8006,Big Data Engineer
8007,Lean Six Sigma Expert
8008,Azure DevOps Solutions Expert
8009,Cyber Security Expert
8010,Digital Marketing Specialist
8011,Full Stack Developer - MEAN Stack
8012,ITIL 4 Managing Professional
8013,UI/UX Design Expert
8014,Automation Test Engineer
8015,PMP® Certification Training Course
8016,SQL Certification Training Course
8017,Tableau Certification Training Course
8018,Data Science with R Certification Course
8019,ASM Certification Training Course
8020,Data Science with Python Course
8021,Green Belt Certification Training Course
8022,Big Data Hadoop Certification Training Course
8023,AWS Developer Associate Certification Training
8024,Certified ScrumMaster® (CSM) Certification Training Course
8025,Deep Learning Course (with Keras & TensorFlow) Certification Training
8026,Power BI Certification Training Course
8027,CCBA® Certification Training
8028,CBAP® Certification Training Course
8029,AWS Solutions Architect Certification Training Course
8030,PRINCE2® Foundation and Practitioner Certification Training
8031,PMI-ACP® Certification Training Course
8032,AWS SysOps Associate Certification Training
8033,ITIL® 4 Foundation Certification Training Course
8034,Lean Management Certification Training Course
8035,Advanced Mobile Marketing Certification Training
8036,CI/CD Pipelines with Jenkins Certification Training Course
8037,Java Certification Training Course
8038,CISSP Certification Training Course
8039,PMI-PgMP® Certification Training
8040,CEH v12 - Certified Ethical Hacking Course
8041,Advanced Website Conversion Rate Optimization Certification Training
8042,Advanced Pay Per Click (PPC) Certification Training
8043,AWS Data Analytics Certification Training Course
8044,TOGAF® 9 Combined Level 1 and Level 2 Training Course
8045,Python Certification Course
8046,CAPM® Certification Training Course
8047,Microsoft Certified Azure Administrator Associate AZ-104 Training Course
8048,CISA Certification Training Course
8049,Apache Spark and Scala Certification Training
8050,Introduction to Robotic Process Automation Course
8051,Certified Scrum Product Owner (CSPO) Certification Training
8052,COBIT® 2019 Certification Training
8053,CCSP Certification
8054,Salesforce Certification - Administrator & App Builder Course
8055,Introduction to Business Analysis
8056,Angular Certification Training Course
8057,Salesforce Administrator Certification Training Course
8058,Node.js Certification Training
8059,Salesforce Platform App Builder Certification Training
8060,Search Engine Optimization (SEO) Training Course
8061,Advanced Social Media Certification Training Course
8062,CISM Certification Training
8063,PRINCE2 Agile Certification Training
8064,Leading SAFe® 6 Training with SAFe Agilist Certification
8065,CompTIA Security+ (Plus) Certification - SY0-601 Exam Training
8066,Professional Scrum Master (PSM) Certification Training
8067,Administering Windows Server 2012 - R2 Certification Training
8068,PMP® Exam Practice Test
8069,Professional Scrum Product Owner (PSPO) Certification Training
8070,Introduction to IoT Training Course
8071,"ITIL® 4 Strategist: Direct, Plan, and Improve"
8072,.NET Programming
8073,ITIL® 4 Specialist: Drive Stakeholder Value Course
8074,SAFe Product Owner/Product Manager (POPM) Certification Training
8075,"ITIL 4 Specialist: Create, Deliver and Support"
8076,ITIL® 4 Specialist: High Velocity IT Course
8077,SAFe® 6 Scrum Master (SSM) Certification Training
8078,Professional Scrum Master™ (PSM) II Certification Training Course
8079,UMN
8080,Kanban Management Professional-1 (KMP-1) Kanban System Design Certification Course
8081,Selenium Certification Training
8082,Digital Strategy for Brand Marketing Course
8083,Full Stack Development for Beginners
8084,CSPO
8085,Advanced Certified ScrumMaster® (A-CSM) Certification Training
8086,Certified Scrum Developer(CSD) Certification Training
8087,Certified Scrum Master
8088,Salesforce Basics Course for Beginners
8089,ICP-ACC (ICAgile Certified Agile Coaching) Certification Training Course
8090,/irisprodflip456
8091,Introduction to Industry 4.0
